{
    "model_name": "llama-32-11b",
    "checkpoint": 9000,
    "total_predictions": 218,
    "manchu_word_accuracy": 0.8669724770642202,
    "roman_word_accuracy": 0.8669724770642202,
    "manchu_cer": 0.038887068588903465,
    "roman_cer": 0.038286369593709055,
    "manchu_f1_score": 0.9675801899425753,
    "roman_f1_score": 0.9673639313366499,
    "inference_time": 8954.283156526199,
    "frequent_error": {
        "manchu": {
            "ᡮ": 2,
            "ᠨ": 4,
            "ᡩ": 3,
            "ᠠ": 27,
            "ᡳ": 2,
            "ᠮ": 2,
            "ᠪ": 2,
            "ᡝ": 3,
            "ᡵ": 4,
            "ᡥ": 1,
            "ᡶ": 1,
            "ᠸ": 1,
            "ᠶ": 1,
            "ᡤ": 1,
            "ᠴ": 1,
            "ᡠ": 1
        },
        "roman": {
            "T": 2,
            "S": 2,
            "N": 6,
            "C": 2,
            "I": 4,
            "D": 3,
            "A": 28,
            "M": 2,
            "B": 2,
            "E": 3,
            "R": 2,
            "F": 2,
            "J": 1,
            "Y": 2,
            "G": 2,
            "U": 1
        }
    }
}