{
    "model_name": "llama-32-11b",
    "checkpoint": 5000,
    "total_predictions": 218,
    "manchu_word_accuracy": 0.8027522935779816,
    "roman_word_accuracy": 0.7889908256880734,
    "manchu_cer": 0.05257208387942332,
    "roman_cer": 0.06114023591087809,
    "manchu_f1_score": 0.9658709754297988,
    "roman_f1_score": 0.9606531682624504,
    "inference_time": 9087.268204864013,
    "frequent_error": {
        "manchu": {
            "ᠶ": 5,
            "ᠵ": 2,
            "ᡳ": 16,
            "ᡤ": 2,
            "ᠠ": 19,
            "ᠨ": 8,
            "ᡡ": 2,
            "ᡴ": 3,
            "ᡮ": 2,
            "ᠯ": 1,
            "ᠪ": 2,
            "ᠴ": 7,
            "ᠰ": 1,
            "ᡠ": 1,
            "ᠮ": 2,
            "ᡝ": 4,
            "ᡵ": 2,
            "ᡥ": 2,
            "ᠸ": 1,
            "ᡧ": 1
        },
        "roman": {
            "Y": 5,
            "J": 2,
            "I": 16,
            "G": 3,
            "A": 18,
            "N": 8,
            "Ū": 2,
            "T": 2,
            "S": 3,
            "L": 1,
            "B": 2,
            "D": 1,
            "E": 5,
            "C": 7,
            "U": 1,
            "M": 2,
            "R": 2,
            "H": 2,
            "F": 1,
            "K": 2,
            "Š": 1
        }
    }
}