{
    "model_name": "llama-32-11b",
    "checkpoint": 22000,
    "total_predictions": 1000,
    "manchu_word_accuracy": 0.98,
    "roman_word_accuracy": 0.979,
    "manchu_cer": 0.0025521839271839264,
    "roman_cer": 0.002892089854589854,
    "manchu_f1_score": 0.9978859222635119,
    "roman_f1_score": 0.9977433783928482,
    "inference_time": 1703.1540341377258,
    "frequent_error": {
        "manchu": {
            "ᠨ": 3,
            "ᠠ": 15,
            "ᡥ": 6,
            "ᠪ": 6,
            "ᡠ": 4,
            "ᠮ": 3,
            "ᡳ": 6,
            "ᡝ": 12,
            "ᡵ": 4,
            "ᠵ": 3,
            "ᡴ": 3,
            "ᡡ": 3,
            "ᠩ": 2,
            "ᡤ": 6,
            "ᡨ": 3,
            "ᡩ": 2,
            "ᠯ": 4
        },
        "roman": {
            "N": 5,
            "A": 17,
            "H": 9,
            "B": 9,
            "U": 5,
            "M": 4,
            "I": 8,
            "E": 17,
            "R": 4,
            "J": 3,
            "K": 3,
            "Ū": 3,
            "G": 6,
            "T": 3,
            "L": 6,
            "D": 2
        }
    }
}