{
    "model_name": "llama-32-11b",
    "checkpoint": 7000,
    "total_predictions": 218,
    "manchu_word_accuracy": 0.8394495412844036,
    "roman_word_accuracy": 0.8486238532110092,
    "manchu_cer": 0.04374726955002184,
    "roman_cer": 0.04237112276103102,
    "manchu_f1_score": 0.9694837572333523,
    "roman_f1_score": 0.9699567551834147,
    "inference_time": 9004.218158371952,
    "frequent_error": {
        "manchu": {
            "ᠠ": 20,
            "ᠸ": 4,
            "ᡝ": 4,
            "ᡥ": 3,
            "ᡳ": 7,
            "ᠣ": 1,
            "ᠨ": 5,
            "ᡮ": 2,
            "ᡧ": 1,
            "ᡵ": 1,
            "ᡴ": 2,
            "ᡡ": 2,
            "ᠪ": 3,
            "ᡤ": 2,
            "ᠮ": 3,
            "ᠴ": 1,
            "ᠰ": 2,
            "ᡶ": 1
        },
        "roman": {
            "A": 18,
            "W": 2,
            "E": 4,
            "I": 6,
            "N": 5,
            "T": 2,
            "S": 4,
            "Š": 1,
            "R": 1,
            "K": 2,
            "Ū": 2,
            "H": 1,
            "B": 3,
            "G": 2,
            "M": 3,
            "C": 1,
            "F": 3
        }
    }
}