{
    "model_name": "llama-32-11b",
    "checkpoint": 23000,
    "total_predictions": 1000,
    "manchu_word_accuracy": 0.952,
    "roman_word_accuracy": 0.945,
    "manchu_cer": 0.00614035768153415,
    "roman_cer": 0.007130889943389942,
    "manchu_f1_score": 0.9947121524729061,
    "roman_f1_score": 0.9940705367795887,
    "inference_time": 1702.185200214386,
    "frequent_error": {
        "manchu": {
            "ᡥ": 19,
            "ᠨ": 4,
            "ᡝ": 17,
            "ᡦ": 3,
            "ᠠ": 30,
            "ᠯ": 6,
            "ᠸ": 2,
            "ᡳ": 9,
            "ᡡ": 8,
            "ᠵ": 1,
            "ᠣ": 2,
            "ᠪ": 7,
            "ᡠ": 9,
            "ᠮ": 3,
            "ᡵ": 3,
            "ᡴ": 5,
            "ᠩ": 3,
            "ᡤ": 5,
            "ᡧ": 4,
            "ᡨ": 3,
            "ᡶ": 1,
            "ᠰ": 1,
            "ᡩ": 2,
            "ᠴ": 1,
            "ᡯ": 1
        },
        "roman": {
            "H": 16,
            "N": 10,
            "E": 22,
            "P": 3,
            "L": 6,
            "A": 25,
            "F": 3,
            "I": 12,
            "Ū": 9,
            "J": 1,
            "O": 2,
            "B": 7,
            "U": 15,
            "M": 4,
            "R": 4,
            "K": 8,
            "G": 7,
            "Š": 3,
            "S": 3,
            "T": 4,
            "D": 3,
            "C": 1,
            "Z": 1
        }
    }
}