{
    "model_name": "llama-32-11b",
    "checkpoint": 15000,
    "total_predictions": 218,
    "manchu_word_accuracy": 0.8944954128440367,
    "roman_word_accuracy": 0.8944954128440367,
    "manchu_cer": 0.030078636959370908,
    "roman_cer": 0.02951616426387069,
    "manchu_f1_score": 0.9765318195026774,
    "roman_f1_score": 0.9769355951358111,
    "inference_time": 8950.892867298302,
    "frequent_error": {
        "manchu": {
            "ᠠ": 16,
            "ᠴ": 2,
            "ᠨ": 6,
            "ᠵ": 1,
            "ᡳ": 5,
            "ᠸ": 2,
            "ᡝ": 5,
            "ᡶ": 1,
            "ᡩ": 2,
            "ᠶ": 3,
            "ᡡ": 2,
            "ᡧ": 1,
            "ᡵ": 1,
            "ᡴ": 1,
            "ᡤ": 1,
            "ᠮ": 3,
            "ᠪ": 1,
            "ᡠ": 1
        },
        "roman": {
            "A": 16,
            "C": 2,
            "N": 6,
            "J": 1,
            "I": 5,
            "F": 3,
            "E": 5,
            "D": 2,
            "Y": 3,
            "Ū": 2,
            "Š": 1,
            "R": 1,
            "K": 1,
            "G": 1,
            "M": 3,
            "B": 1,
            "U": 1
        }
    }
}