{
    "model_name": "llama-32-11b",
    "checkpoint": 19000,
    "total_predictions": 218,
    "manchu_word_accuracy": 0.9220183486238532,
    "roman_word_accuracy": 0.9220183486238532,
    "manchu_cer": 0.02162516382699869,
    "roman_cer": 0.021515945827872435,
    "manchu_f1_score": 0.9832199910181563,
    "roman_f1_score": 0.9833292090172826,
    "inference_time": 8956.433593680005,
    "frequent_error": {
        "manchu": {
            "ᠠ": 11,
            "ᡤ": 1,
            "ᡡ": 1,
            "ᠨ": 3,
            "ᡳ": 3,
            "ᠶ": 1,
            "ᡝ": 4,
            "ᠮ": 3,
            "ᡶ": 1,
            "ᠸ": 1,
            "ᠴ": 1,
            "ᠪ": 1,
            "ᡠ": 1
        },
        "roman": {
            "A": 11,
            "G": 1,
            "Ū": 1,
            "N": 3,
            "I": 3,
            "Y": 1,
            "E": 4,
            "M": 3,
            "F": 2,
            "C": 1,
            "B": 1,
            "U": 1
        }
    }
}