{
    "model_name": "llama-32-11b",
    "checkpoint": 17000,
    "total_predictions": 218,
    "manchu_word_accuracy": 0.9036697247706422,
    "roman_word_accuracy": 0.9036697247706422,
    "manchu_cer": 0.03209916994320664,
    "roman_cer": 0.03279816513761468,
    "manchu_f1_score": 0.9757067855691712,
    "roman_f1_score": 0.975007790374763,
    "inference_time": 8964.815106960612,
    "frequent_error": {
        "manchu": {
            "ᠠ": 14,
            "ᡤ": 1,
            "ᡩ": 2,
            "ᡝ": 5,
            "ᠶ": 1,
            "ᠨ": 7,
            "ᠴ": 1,
            "ᠪ": 1,
            "ᡠ": 1,
            "ᠮ": 2,
            "ᡶ": 1,
            "ᠸ": 1,
            "ᡳ": 3,
            "ᡡ": 1
        },
        "roman": {
            "A": 14,
            "G": 1,
            "D": 2,
            "E": 5,
            "Y": 1,
            "N": 7,
            "C": 1,
            "B": 1,
            "U": 1,
            "M": 2,
            "F": 2,
            "I": 4,
            "Ū": 1
        }
    }
}