{
    "model_name": "llama-32-11b",
    "checkpoint": 30000,
    "total_predictions": 218,
    "manchu_word_accuracy": 0.9128440366972477,
    "roman_word_accuracy": 0.9128440366972477,
    "manchu_cer": 0.02778505897771953,
    "roman_cer": 0.02752293577981652,
    "manchu_f1_score": 0.9796728246269533,
    "roman_f1_score": 0.9799349478248562,
    "inference_time": 8968.178792831,
    "frequent_error": {
        "manchu": {
            "ᠠ": 19,
            "ᡩ": 2,
            "ᡵ": 1,
            "ᡡ": 1,
            "ᠨ": 3,
            "ᠴ": 5,
            "ᠪ": 1,
            "ᡠ": 1,
            "ᠮ": 1,
            "ᡝ": 3,
            "ᡤ": 1,
            "ᡳ": 6,
            "ᡶ": 1,
            "ᠸ": 1
        },
        "roman": {
            "A": 19,
            "D": 2,
            "R": 1,
            "Ū": 1,
            "N": 3,
            "C": 5,
            "B": 1,
            "U": 1,
            "M": 1,
            "E": 3,
            "G": 1,
            "I": 6,
            "F": 2
        }
    }
}