{
    "model_name": "llama-32-11b",
    "checkpoint": 35000,
    "total_predictions": 1000,
    "manchu_word_accuracy": 0.986,
    "roman_word_accuracy": 0.985,
    "manchu_cer": 0.0016124421330303681,
    "roman_cer": 0.0018097236097236093,
    "manchu_f1_score": 0.9985920200714319,
    "roman_f1_score": 0.9985283827283827,
    "inference_time": 1702.5917303562164,
    "frequent_error": {
        "manchu": {
            "ᡦ": 1,
            "ᠠ": 6,
            "ᠪ": 2,
            "ᡠ": 3,
            "ᠮ": 1,
            "ᡳ": 1,
            "ᡥ": 3,
            "ᡝ": 4,
            "ᠵ": 1,
            "ᡨ": 1,
            "ᠨ": 2,
            "ᡤ": 3,
            "ᡴ": 1,
            "ᡩ": 2,
            "ᠩ": 1
        },
        "roman": {
            "P": 1,
            "A": 7,
            "B": 2,
            "U": 3,
            "M": 1,
            "I": 1,
            "H": 3,
            "E": 4,
            "J": 1,
            "T": 1,
            "N": 3,
            "G": 4,
            "K": 1,
            "D": 2
        }
    }
}