{
    "model_name": "llama-32-11b",
    "checkpoint": 23000,
    "total_predictions": 218,
    "manchu_word_accuracy": 0.8486238532110092,
    "roman_word_accuracy": 0.8348623853211009,
    "manchu_cer": 0.045074268239405864,
    "roman_cer": 0.04805591961555265,
    "manchu_f1_score": 0.9646540146607605,
    "roman_f1_score": 0.962058650102576,
    "inference_time": 8970.875456792499,
    "frequent_error": {
        "manchu": {
            "ᠸ": 4,
            "ᠠ": 33,
            "ᡴ": 4,
            "ᠨ": 7,
            "ᡡ": 2,
            "ᠶ": 1,
            "ᡠ": 3,
            "ᠮ": 3,
            "ᡝ": 4,
            "ᠴ": 5,
            "ᠵ": 1,
            "ᡳ": 9,
            "ᡤ": 2,
            "ᠰ": 1,
            "ᡶ": 1,
            "ᡥ": 2,
            "ᠪ": 1,
            "ᡧ": 1,
            "ᡵ": 2,
            "ᡩ": 1
        },
        "roman": {
            "F": 5,
            "A": 37,
            "Y": 4,
            "K": 4,
            "N": 11,
            "Ū": 2,
            "U": 3,
            "M": 3,
            "E": 4,
            "T": 2,
            "S": 3,
            "J": 3,
            "I": 11,
            "G": 4,
            "C": 5,
            "H": 2,
            "B": 1,
            "Š": 1,
            "R": 2,
            "D": 1
        }
    }
}