{
    "model_name": "llama-32-11b",
    "checkpoint": 29000,
    "total_predictions": 1000,
    "manchu_word_accuracy": 0.982,
    "roman_word_accuracy": 0.981,
    "manchu_cer": 0.002150537371125606,
    "roman_cer": 0.0023220904095904095,
    "manchu_f1_score": 0.9980193177013381,
    "roman_f1_score": 0.9979733796758796,
    "inference_time": 1703.46089220047,
    "frequent_error": {
        "manchu": {
            "ᡦ": 1,
            "ᡵ": 1,
            "ᡥ": 4,
            "ᠠ": 8,
            "ᡴ": 1,
            "ᡡ": 1,
            "ᠩ": 3,
            "ᡤ": 6,
            "ᡝ": 4,
            "ᠣ": 3,
            "ᠪ": 1,
            "ᡩ": 2,
            "ᠴ": 1,
            "ᡳ": 1,
            "ᠯ": 1,
            "ᠨ": 1,
            "ᡠ": 1
        },
        "roman": {
            "P": 1,
            "R": 1,
            "H": 4,
            "A": 9,
            "K": 1,
            "Ū": 1,
            "N": 4,
            "G": 7,
            "E": 4,
            "O": 3,
            "B": 1,
            "D": 2,
            "C": 1,
            "I": 1,
            "L": 1,
            "U": 1
        }
    }
}