{
    "model_name": "llama-32-11b",
    "checkpoint": 3000,
    "total_predictions": 1000,
    "manchu_word_accuracy": 0.897,
    "roman_word_accuracy": 0.88,
    "manchu_cer": 0.016037508325008325,
    "roman_cer": 0.018872279109779105,
    "manchu_f1_score": 0.9867339547229799,
    "roman_f1_score": 0.9849779287882373,
    "inference_time": 1697.9070281982422,
    "frequent_error": {
        "manchu": {
            "ᠨ": 13,
            "ᠠ": 57,
            "ᠰ": 5,
            "ᡥ": 27,
            "ᡡ": 14,
            "ᠯ": 16,
            "ᡵ": 10,
            "ᡴ": 18,
            "ᠩ": 15,
            "ᡤ": 22,
            "ᡝ": 57,
            "ᠣ": 12,
            "ᡩ": 5,
            "ᡳ": 29,
            "ᠪ": 15,
            "ᠴ": 8,
            "ᠶ": 5,
            "ᠸ": 8,
            "ᡠ": 18,
            "ᠵ": 4,
            "ᡨ": 5,
            "ᠮ": 10,
            "᠋": 2,
            "ᡧ": 4,
            "ᡶ": 1
        },
        "roman": {
            "N": 30,
            "A": 64,
            "S": 6,
            "H": 28,
            "Ū": 16,
            "L": 18,
            "R": 15,
            "K": 21,
            "G": 29,
            "E": 65,
            "O": 14,
            "D": 8,
            "U": 19,
            "C": 11,
            "I": 39,
            "B": 19,
            "M": 13,
            "F": 8,
            "Y": 5,
            "J": 4,
            "T": 6,
            "'": 2,
            "W": 2,
            "Š": 7
        }
    }
}