{
    "model_name": "llama-32-11b",
    "checkpoint": 20000,
    "total_predictions": 1000,
    "manchu_word_accuracy": 0.982,
    "roman_word_accuracy": 0.981,
    "manchu_cer": 0.0025179439841204543,
    "roman_cer": 0.002696552059052059,
    "manchu_f1_score": 0.9979810543974599,
    "roman_f1_score": 0.9979287574639547,
    "inference_time": 1702.185012102127,
    "frequent_error": {
        "manchu": {
            "ᡦ": 1,
            "ᠵ": 3,
            "ᠠ": 10,
            "ᠪ": 7,
            "ᡠ": 5,
            "ᠮ": 3,
            "ᡳ": 3,
            "ᡥ": 6,
            "ᡝ": 13,
            "ᡵ": 3,
            "ᡴ": 4,
            "ᡡ": 3,
            "ᠩ": 4,
            "ᡤ": 8,
            "ᡩ": 2,
            "ᠨ": 2,
            "ᡨ": 1,
            "ᠯ": 1
        },
        "roman": {
            "P": 1,
            "J": 3,
            "A": 10,
            "B": 7,
            "U": 5,
            "M": 3,
            "I": 3,
            "H": 6,
            "E": 13,
            "R": 3,
            "K": 4,
            "Ū": 3,
            "N": 6,
            "G": 10,
            "D": 2,
            "T": 1,
            "L": 1
        }
    }
}