{
    "model_name": "llama-32-11b",
    "checkpoint": 36000,
    "total_predictions": 218,
    "manchu_word_accuracy": 0.8899082568807339,
    "roman_word_accuracy": 0.8899082568807339,
    "manchu_cer": 0.03561598951507209,
    "roman_cer": 0.03535386631716907,
    "manchu_f1_score": 0.9724095865758035,
    "roman_f1_score": 0.9726717097737065,
    "inference_time": 8959.362921364811,
    "frequent_error": {
        "manchu": {
            "ᠠ": 27,
            "ᠨ": 3,
            "ᠴ": 5,
            "ᡳ": 8,
            "ᠵ": 1,
            "ᠸ": 2,
            "ᡶ": 2,
            "ᡥ": 1,
            "ᠰ": 1,
            "ᡝ": 4,
            "ᠶ": 1,
            "ᠮ": 2,
            "ᠪ": 2,
            "ᡠ": 1,
            "ᡤ": 1,
            "ᡡ": 1,
            "ᡵ": 2,
            "ᡩ": 1
        },
        "roman": {
            "A": 27,
            "N": 3,
            "C": 5,
            "I": 8,
            "J": 1,
            "F": 4,
            "H": 1,
            "S": 1,
            "E": 4,
            "Y": 1,
            "M": 2,
            "B": 2,
            "U": 1,
            "G": 1,
            "Ū": 1,
            "R": 2,
            "D": 1
        }
    }
}