{
    "model_name": "llama-32-11b",
    "checkpoint": 24000,
    "total_predictions": 1000,
    "manchu_word_accuracy": 0.974,
    "roman_word_accuracy": 0.973,
    "manchu_cer": 0.0037598346098346096,
    "roman_cer": 0.003916153291153291,
    "manchu_f1_score": 0.9971302605721026,
    "roman_f1_score": 0.9971332172974137,
    "inference_time": 1704.6529455184937,
    "frequent_error": {
        "manchu": {
            "ᡦ": 2,
            "ᠠ": 25,
            "ᠯ": 4,
            "ᠮ": 3,
            "ᡝ": 9,
            "ᡵ": 2,
            "ᠵ": 3,
            "ᡴ": 3,
            "ᡡ": 2,
            "ᠩ": 4,
            "ᡤ": 8,
            "ᡨ": 3,
            "ᡠ": 1,
            "ᠨ": 7,
            "ᠰ": 1,
            "ᠪ": 2,
            "ᡥ": 8,
            "ᡳ": 4,
            "ᠴ": 1
        },
        "roman": {
            "P": 2,
            "A": 26,
            "L": 5,
            "M": 4,
            "E": 12,
            "R": 2,
            "J": 3,
            "K": 3,
            "Ū": 2,
            "N": 11,
            "G": 8,
            "T": 3,
            "U": 1,
            "S": 2,
            "B": 3,
            "H": 9,
            "I": 5,
            "C": 1
        }
    }
}