{
    "model_name": "llama-32-11b",
    "checkpoint": 2000,
    "total_predictions": 218,
    "manchu_word_accuracy": 0.6926605504587156,
    "roman_word_accuracy": 0.7018348623853211,
    "manchu_cer": 0.08297837483617297,
    "roman_cer": 0.08617300131061596,
    "manchu_f1_score": 0.9323722785878752,
    "roman_f1_score": 0.930441564042482,
    "inference_time": 8842.213308045624,
    "frequent_error": {
        "manchu": {
            "ᡳ": 14,
            "ᡶ": 1,
            "ᠠ": 17,
            "ᡥ": 6,
            "ᡡ": 2,
            "ᠨ": 22,
            "ᡧ": 3,
            "ᡵ": 1,
            "ᡴ": 4,
            "ᠮ": 16,
            "ᡝ": 12,
            "ᠵ": 4,
            "ᡤ": 3,
            "ᠪ": 7,
            "ᠴ": 2,
            "ᠸ": 1,
            "ᠯ": 3,
            "ᠣ": 3,
            "ᠩ": 1,
            "ᡮ": 2,
            "ᡠ": 2,
            "ᠶ": 1
        },
        "roman": {
            "I": 14,
            "F": 2,
            "A": 19,
            "H": 5,
            "Ū": 2,
            "N": 21,
            "Š": 3,
            "R": 1,
            "K": 4,
            "M": 16,
            "E": 12,
            "J": 3,
            "G": 4,
            "B": 7,
            "C": 2,
            "L": 3,
            "O": 4,
            "D": 1,
            "T": 2,
            "S": 2,
            "U": 2,
            "Y": 1
        }
    }
}