{
    "model_name": "llama-32-11b",
    "checkpoint": 37000,
    "total_predictions": 218,
    "manchu_word_accuracy": 0.8853211009174312,
    "roman_word_accuracy": 0.8853211009174312,
    "manchu_cer": 0.03897990388816077,
    "roman_cer": 0.03871778069025776,
    "manchu_f1_score": 0.9703940180464735,
    "roman_f1_score": 0.9706561412443766,
    "inference_time": 8999.435418242709,
    "frequent_error": {
        "manchu": {
            "ᠠ": 29,
            "ᡩ": 1,
            "ᡵ": 2,
            "ᡤ": 1,
            "ᠨ": 5,
            "ᡝ": 4,
            "ᡡ": 1,
            "ᡳ": 9,
            "ᠴ": 5,
            "ᠪ": 2,
            "ᡠ": 1,
            "ᠮ": 1,
            "ᡶ": 2,
            "ᠸ": 2,
            "ᡥ": 2,
            "ᠶ": 1,
            "ᠰ": 2,
            "ᠵ": 1
        },
        "roman": {
            "A": 29,
            "D": 1,
            "R": 2,
            "G": 1,
            "N": 5,
            "E": 4,
            "Ū": 1,
            "I": 9,
            "C": 5,
            "B": 2,
            "U": 1,
            "M": 1,
            "F": 4,
            "H": 2,
            "Y": 1,
            "S": 2,
            "J": 1
        }
    }
}