{
    "model_name": "llama-32-11b",
    "checkpoint": 10000,
    "total_predictions": 1000,
    "manchu_word_accuracy": 0.95,
    "roman_word_accuracy": 0.941,
    "manchu_cer": 0.0066250830868477915,
    "roman_cer": 0.007868127705627703,
    "manchu_f1_score": 0.9944290618536,
    "roman_f1_score": 0.9933344513294705,
    "inference_time": 1704.7358458042145,
    "frequent_error": {
        "manchu": {
            "ᠸ": 2,
            "ᠨ": 9,
            "ᠠ": 35,
            "ᡥ": 15,
            "ᡳ": 16,
            "ᠯ": 10,
            "ᠪ": 12,
            "ᡝ": 23,
            "ᡩ": 5,
            "ᡠ": 9,
            "ᡨ": 3,
            "ᡵ": 6,
            "ᠵ": 3,
            "ᠮ": 4,
            "ᡴ": 4,
            "ᡡ": 5,
            "ᠩ": 8,
            "ᡤ": 10,
            "ᠣ": 1,
            "ᠴ": 4,
            "ᠰ": 1,
            "ᡶ": 1,
            "ᡧ": 2,
            "ᡦ": 1,
            "ᡯ": 1
        },
        "roman": {
            "F": 13,
            "N": 18,
            "A": 34,
            "H": 15,
            "I": 16,
            "L": 10,
            "B": 11,
            "E": 22,
            "D": 6,
            "U": 11,
            "T": 3,
            "R": 6,
            "J": 3,
            "M": 4,
            "K": 4,
            "Ū": 5,
            "G": 14,
            "O": 1,
            "C": 4,
            "S": 1,
            "Š": 2,
            "P": 1,
            "Z": 1
        }
    }
}