{
    "model_name": "llama-32-11b",
    "checkpoint": 8000,
    "total_predictions": 218,
    "manchu_word_accuracy": 0.8944954128440367,
    "roman_word_accuracy": 0.8944954128440367,
    "manchu_cer": 0.03377566622979468,
    "roman_cer": 0.032557885539536924,
    "manchu_f1_score": 0.9773163762842664,
    "roman_f1_score": 0.9778524067273465,
    "inference_time": 8943.525805385834,
    "frequent_error": {
        "manchu": {
            "ᡤ": 4,
            "ᠣ": 2,
            "ᠰ": 2,
            "ᡳ": 6,
            "ᠮ": 3,
            "ᡝ": 4,
            "ᠨ": 7,
            "ᠠ": 13,
            "ᠴ": 1,
            "ᠯ": 1,
            "ᡥ": 1,
            "ᡮ": 2,
            "ᡡ": 1,
            "ᠪ": 1,
            "ᠶ": 1,
            "ᠵ": 1,
            "ᡴ": 1,
            "ᠩ": 1,
            "ᡶ": 1
        },
        "roman": {
            "G": 7,
            "O": 2,
            "S": 4,
            "I": 8,
            "M": 3,
            "E": 4,
            "N": 12,
            "A": 16,
            "C": 1,
            "L": 1,
            "H": 1,
            "J": 3,
            "Y": 3,
            "Ū": 1,
            "B": 1,
            "K": 1,
            "F": 1
        }
    }
}