{
    "model_name": "llama-32-11b",
    "checkpoint": 37000,
    "total_predictions": 1000,
    "manchu_word_accuracy": 0.985,
    "roman_word_accuracy": 0.985,
    "manchu_cer": 0.0020092675298557655,
    "roman_cer": 0.0019565490065490063,
    "manchu_f1_score": 0.9981951946746064,
    "roman_f1_score": 0.9982426684426683,
    "inference_time": 1702.2012729644775,
    "frequent_error": {
        "manchu": {
            "ᡦ": 2,
            "ᠠ": 6,
            "ᠪ": 3,
            "ᡠ": 3,
            "ᠮ": 1,
            "ᡳ": 1,
            "ᡥ": 3,
            "ᡝ": 5,
            "ᠵ": 1,
            "ᡨ": 1,
            "ᠨ": 2,
            "ᡤ": 3,
            "ᡴ": 1,
            "ᡩ": 2,
            "ᠩ": 1
        },
        "roman": {
            "P": 2,
            "A": 6,
            "B": 3,
            "U": 3,
            "M": 1,
            "I": 1,
            "H": 3,
            "E": 5,
            "J": 1,
            "T": 1,
            "N": 3,
            "G": 4,
            "K": 1,
            "D": 2
        }
    }
}