{
    "model_name": "llama-32-11b",
    "checkpoint": 8000,
    "total_predictions": 1000,
    "manchu_word_accuracy": 0.943,
    "roman_word_accuracy": 0.938,
    "manchu_cer": 0.009082689369454073,
    "roman_cer": 0.0098526190312955,
    "manchu_f1_score": 0.9924858360157731,
    "roman_f1_score": 0.9922068489387155,
    "inference_time": 1703.8328580856323,
    "frequent_error": {
        "manchu": {
            "ᠨ": 12,
            "ᠠ": 31,
            "ᡴ": 13,
            "ᡳ": 12,
            "ᠸ": 5,
            "ᡝ": 28,
            "ᡥ": 12,
            "ᠩ": 11,
            "ᡤ": 13,
            "ᡨ": 4,
            "ᡠ": 14,
            "ᡦ": 3,
            "ᠯ": 3,
            "ᡡ": 13,
            "ᡩ": 7,
            "ᠪ": 10,
            "ᡵ": 6,
            "ᠵ": 1,
            "ᠰ": 1,
            "ᠮ": 4,
            "ᡶ": 1,
            "ᠣ": 2,
            "ᡧ": 1,
            "ᠴ": 2
        },
        "roman": {
            "N": 21,
            "A": 31,
            "K": 14,
            "I": 17,
            "F": 3,
            "E": 35,
            "T": 5,
            "U": 14,
            "P": 3,
            "L": 5,
            "O": 3,
            "M": 9,
            "B": 15,
            "Ū": 13,
            "D": 7,
            "H": 14,
            "R": 6,
            "G": 16,
            "J": 1,
            "W": 3,
            "S": 1,
            "Š": 1,
            "C": 2
        }
    }
}