{
    "model_name": "llama-32-11b",
    "checkpoint": 5000,
    "total_predictions": 1000,
    "manchu_word_accuracy": 0.911,
    "roman_word_accuracy": 0.904,
    "manchu_cer": 0.012523755084784486,
    "roman_cer": 0.013970855533355522,
    "manchu_f1_score": 0.9899676307070784,
    "roman_f1_score": 0.9892949455611765,
    "inference_time": 1708.6043710708618,
    "frequent_error": {
        "manchu": {
            "ᠵ": 5,
            "ᠠ": 42,
            "ᠮ": 4,
            "ᠪ": 12,
            "ᡳ": 22,
            "ᠨ": 15,
            "ᡴ": 14,
            "ᠶ": 20,
            "ᡤ": 17,
            "ᡥ": 18,
            "ᡝ": 39,
            "ᡨ": 4,
            "ᡠ": 16,
            "ᡵ": 10,
            "ᡦ": 1,
            "ᠴ": 9,
            "ᠯ": 7,
            "ᡡ": 10,
            "ᠩ": 10,
            "ᠣ": 2,
            "ᡩ": 6,
            "ᠰ": 2,
            "ᠸ": 2,
            "ᡧ": 1,
            "ᡶ": 2,
            "ᡯ": 1
        },
        "roman": {
            "J": 6,
            "A": 41,
            "M": 4,
            "B": 13,
            "I": 26,
            "N": 28,
            "K": 15,
            "Y": 19,
            "G": 24,
            "H": 20,
            "E": 54,
            "U": 20,
            "W": 1,
            "D": 11,
            "T": 7,
            "L": 10,
            "F": 5,
            "R": 9,
            "P": 1,
            "Z": 2,
            "C": 11,
            "Ū": 9,
            "S": 2,
            "O": 2
        }
    }
}