{
    "model_name": "llama-32-11b",
    "checkpoint": 34000,
    "total_predictions": 218,
    "manchu_word_accuracy": 0.8899082568807339,
    "roman_word_accuracy": 0.8899082568807339,
    "manchu_cer": 0.035157273918741815,
    "roman_cer": 0.0348951507208388,
    "manchu_f1_score": 0.9721037761782502,
    "roman_f1_score": 0.9723658993761531,
    "inference_time": 8950.07707875803,
    "frequent_error": {
        "manchu": {
            "ᡳ": 9,
            "ᠠ": 25,
            "ᡩ": 1,
            "ᡵ": 2,
            "ᡶ": 2,
            "ᠸ": 2,
            "ᡥ": 1,
            "ᡝ": 5,
            "ᡡ": 1,
            "ᠨ": 4,
            "ᠴ": 5,
            "ᠶ": 1,
            "ᠪ": 1,
            "ᡠ": 1,
            "ᠮ": 1,
            "ᠵ": 1,
            "ᠰ": 1,
            "ᡤ": 1
        },
        "roman": {
            "I": 9,
            "A": 25,
            "D": 1,
            "R": 2,
            "F": 4,
            "H": 1,
            "E": 5,
            "Ū": 1,
            "N": 4,
            "C": 5,
            "Y": 1,
            "B": 1,
            "U": 1,
            "M": 1,
            "J": 1,
            "S": 1,
            "G": 1
        }
    }
}