{
    "model_name": "llama-32-11b",
    "checkpoint": 24000,
    "total_predictions": 218,
    "manchu_word_accuracy": 0.8761467889908257,
    "roman_word_accuracy": 0.8761467889908257,
    "manchu_cer": 0.035998252512013995,
    "roman_cer": 0.03497160332022719,
    "manchu_f1_score": 0.9748419948163608,
    "roman_f1_score": 0.9752187969133463,
    "inference_time": 8983.656346251111,
    "frequent_error": {
        "manchu": {
            "ᠶ": 1,
            "ᠠ": 19,
            "ᡶ": 1,
            "ᠸ": 1,
            "ᡳ": 7,
            "ᠴ": 3,
            "ᠪ": 3,
            "ᡠ": 2,
            "ᠮ": 3,
            "ᡝ": 3,
            "ᠨ": 7,
            "ᡧ": 1,
            "ᡵ": 1,
            "ᡴ": 1,
            "ᡡ": 2,
            "ᡥ": 1,
            "ᠰ": 2,
            "ᡤ": 1,
            "ᠯ": 1
        },
        "roman": {
            "Y": 1,
            "A": 19,
            "F": 2,
            "I": 7,
            "C": 3,
            "B": 3,
            "U": 2,
            "M": 3,
            "E": 3,
            "N": 6,
            "Š": 1,
            "R": 1,
            "K": 1,
            "Ū": 2,
            "H": 1,
            "S": 2,
            "G": 1,
            "L": 1
        }
    }
}