{
    "model_name": "llama-32-11b",
    "checkpoint": 12000,
    "total_predictions": 218,
    "manchu_word_accuracy": 0.7660550458715596,
    "roman_word_accuracy": 0.7798165137614679,
    "manchu_cer": 0.0693861948449104,
    "roman_cer": 0.06904761904761902,
    "manchu_f1_score": 0.9512534745940039,
    "roman_f1_score": 0.950433644569044,
    "inference_time": 9089.503648084237,
    "frequent_error": {
        "manchu": {
            "ᡡ": 3,
            "ᠨ": 14,
            "ᠠ": 59,
            "ᠴ": 8,
            "ᡳ": 20,
            "ᡮ": 2,
            "ᡝ": 6,
            "ᡩ": 4,
            "ᠪ": 9,
            "ᡠ": 5,
            "ᠸ": 4,
            "ᠯ": 4,
            "ᠮ": 3,
            "ᡵ": 9,
            "ᡥ": 7,
            "ᡧ": 1,
            "ᡴ": 3,
            "ᡶ": 5,
            "ᠵ": 4,
            "ᠶ": 2,
            "ᠰ": 2,
            "ᡤ": 6,
            "ᠩ": 2
        },
        "roman": {
            "Ū": 3,
            "N": 14,
            "A": 56,
            "C": 9,
            "I": 19,
            "T": 2,
            "S": 4,
            "J": 4,
            "Y": 4,
            "G": 7,
            "E": 6,
            "D": 4,
            "B": 9,
            "U": 4,
            "F": 6,
            "L": 4,
            "M": 3,
            "R": 8,
            "H": 5,
            "Š": 1,
            "K": 3,
            "W": 1
        }
    }
}