{
    "model_name": "llama-32-11b",
    "checkpoint": 28000,
    "total_predictions": 218,
    "manchu_word_accuracy": 0.8899082568807339,
    "roman_word_accuracy": 0.8899082568807339,
    "manchu_cer": 0.03142201834862386,
    "roman_cer": 0.031203582350371347,
    "manchu_f1_score": 0.9780079757143978,
    "roman_f1_score": 0.9776147909175433,
    "inference_time": 9028.196823706321,
    "frequent_error": {
        "manchu": {
            "ᠴ": 5,
            "ᡳ": 10,
            "ᡝ": 4,
            "ᡡ": 1,
            "ᠨ": 3,
            "ᠠ": 14,
            "ᡩ": 2,
            "ᡵ": 1,
            "ᠶ": 1,
            "ᠸ": 2,
            "ᠪ": 1,
            "ᡠ": 2,
            "ᠮ": 1,
            "ᡶ": 1,
            "ᡤ": 1,
            "ᠰ": 1
        },
        "roman": {
            "C": 5,
            "I": 10,
            "E": 5,
            "Ū": 1,
            "N": 2,
            "A": 14,
            "D": 2,
            "R": 1,
            "M": 2,
            "Y": 1,
            "F": 3,
            "B": 1,
            "U": 2,
            "G": 1,
            "S": 1
        }
    }
}