{
    "model_name": "llama-32-11b",
    "checkpoint": 26000,
    "total_predictions": 1000,
    "manchu_word_accuracy": 0.976,
    "roman_word_accuracy": 0.975,
    "manchu_cer": 0.0030165667665667663,
    "roman_cer": 0.003262379287379287,
    "manchu_f1_score": 0.9974178815437434,
    "roman_f1_score": 0.9973376173378591,
    "inference_time": 1704.061335325241,
    "frequent_error": {
        "manchu": {
            "ᡦ": 2,
            "ᡥ": 5,
            "ᠠ": 14,
            "ᠪ": 3,
            "ᡠ": 3,
            "ᠮ": 1,
            "ᡳ": 3,
            "ᡝ": 7,
            "ᡵ": 2,
            "ᠯ": 3,
            "ᡴ": 3,
            "ᡡ": 2,
            "ᠩ": 2,
            "ᡤ": 5,
            "ᠵ": 1,
            "ᡨ": 3,
            "ᠨ": 4
        },
        "roman": {
            "P": 2,
            "H": 6,
            "A": 15,
            "B": 4,
            "U": 3,
            "M": 2,
            "I": 4,
            "E": 10,
            "R": 2,
            "L": 4,
            "K": 3,
            "Ū": 2,
            "N": 6,
            "G": 6,
            "J": 1,
            "T": 3
        }
    }
}