{
    "model_name": "llama-32-11b",
    "checkpoint": 36000,
    "total_predictions": 1000,
    "manchu_word_accuracy": 0.984,
    "roman_word_accuracy": 0.983,
    "manchu_cer": 0.0018909525115407468,
    "roman_cer": 0.0020712468087468083,
    "manchu_f1_score": 0.9983970994365112,
    "roman_f1_score": 0.9983465176490176,
    "inference_time": 1702.5349731445312,
    "frequent_error": {
        "manchu": {
            "ᡦ": 1,
            "ᠠ": 7,
            "ᠪ": 4,
            "ᡠ": 3,
            "ᠮ": 2,
            "ᡳ": 3,
            "ᡥ": 5,
            "ᡝ": 9,
            "ᠵ": 1,
            "ᡨ": 1,
            "ᠨ": 2,
            "ᡤ": 4,
            "ᠰ": 1,
            "ᠯ": 2,
            "ᡴ": 1,
            "ᡩ": 2,
            "ᠴ": 1,
            "ᠩ": 2
        },
        "roman": {
            "P": 1,
            "A": 8,
            "B": 4,
            "U": 3,
            "M": 2,
            "I": 3,
            "H": 5,
            "E": 9,
            "J": 1,
            "T": 1,
            "N": 4,
            "G": 5,
            "S": 1,
            "L": 2,
            "K": 1,
            "D": 2,
            "C": 1
        }
    }
}