{
    "model_name": "llama-32-11b",
    "checkpoint": 35000,
    "total_predictions": 218,
    "manchu_word_accuracy": 0.8853211009174312,
    "roman_word_accuracy": 0.8853211009174312,
    "manchu_cer": 0.03966797728265619,
    "roman_cer": 0.039405854084753174,
    "manchu_f1_score": 0.9694534193994528,
    "roman_f1_score": 0.969715542597356,
    "inference_time": 8954.599551104624,
    "frequent_error": {
        "manchu": {
            "ᡡ": 1,
            "ᠨ": 6,
            "ᠰ": 2,
            "ᠠ": 28,
            "ᡳ": 9,
            "ᡝ": 4,
            "ᡶ": 2,
            "ᠸ": 2,
            "ᠴ": 5,
            "ᠵ": 1,
            "ᡩ": 1,
            "ᡵ": 2,
            "ᡤ": 1,
            "ᡥ": 1,
            "ᠪ": 2,
            "ᠶ": 1,
            "ᡠ": 1,
            "ᠮ": 1
        },
        "roman": {
            "Ū": 1,
            "N": 6,
            "S": 2,
            "A": 28,
            "I": 9,
            "E": 4,
            "F": 4,
            "C": 5,
            "J": 1,
            "D": 1,
            "R": 2,
            "G": 1,
            "H": 1,
            "B": 2,
            "Y": 1,
            "U": 1,
            "M": 1
        }
    }
}