{
    "model_name": "llama-32-11b",
    "checkpoint": 20000,
    "total_predictions": 218,
    "manchu_word_accuracy": 0.9128440366972477,
    "roman_word_accuracy": 0.9128440366972477,
    "manchu_cer": 0.025644386194844913,
    "roman_cer": 0.025535168195718657,
    "manchu_f1_score": 0.978734771854038,
    "roman_f1_score": 0.9788439898531642,
    "inference_time": 8950.079850100596,
    "frequent_error": {
        "manchu": {
            "ᡳ": 4,
            "ᡩ": 1,
            "ᠠ": 12,
            "ᠮ": 3,
            "ᡝ": 4,
            "ᡤ": 1,
            "ᡡ": 1,
            "ᠨ": 5,
            "ᡶ": 1,
            "ᠸ": 1,
            "ᠶ": 1,
            "ᠴ": 1,
            "ᠪ": 1,
            "ᡠ": 1
        },
        "roman": {
            "I": 4,
            "D": 1,
            "A": 12,
            "M": 3,
            "E": 4,
            "G": 1,
            "Ū": 1,
            "N": 5,
            "F": 2,
            "Y": 1,
            "C": 1,
            "B": 1,
            "U": 1
        }
    }
}