{
    "model_name": "llama-32-11b",
    "checkpoint": 13000,
    "total_predictions": 1000,
    "manchu_word_accuracy": 0.957,
    "roman_word_accuracy": 0.954,
    "manchu_cer": 0.005532110781375487,
    "roman_cer": 0.005974161949161948,
    "manchu_f1_score": 0.9954270442453491,
    "roman_f1_score": 0.9953137250664854,
    "inference_time": 1703.7039468288422,
    "frequent_error": {
        "manchu": {
            "ᠩ": 6,
            "ᡤ": 11,
            "ᡝ": 21,
            "ᠯ": 7,
            "ᡨ": 4,
            "ᡠ": 4,
            "ᠨ": 8,
            "ᠠ": 23,
            "ᡥ": 8,
            "ᡦ": 2,
            "ᠵ": 5,
            "ᠮ": 2,
            "ᡵ": 6,
            "ᡴ": 7,
            "ᡡ": 5,
            "ᠪ": 3,
            "ᠣ": 1,
            "ᡩ": 4,
            "ᡳ": 7,
            "ᠶ": 4,
            "ᠰ": 1,
            "ᠴ": 1,
            "ᠸ": 1
        },
        "roman": {
            "G": 12,
            "E": 29,
            "L": 10,
            "B": 9,
            "U": 7,
            "H": 13,
            "I": 12,
            "T": 5,
            "N": 13,
            "A": 26,
            "P": 2,
            "J": 5,
            "M": 3,
            "R": 6,
            "K": 7,
            "Ū": 5,
            "O": 1,
            "D": 5,
            "Y": 4,
            "S": 1,
            "C": 1,
            "F": 1
        }
    }
}