{
    "model_name": "llama-32-11b",
    "checkpoint": 26000,
    "total_predictions": 218,
    "manchu_word_accuracy": 0.8761467889908257,
    "roman_word_accuracy": 0.8715596330275229,
    "manchu_cer": 0.03282546963739625,
    "roman_cer": 0.033977719528178255,
    "manchu_f1_score": 0.9757510201317539,
    "roman_f1_score": 0.9752923306641316,
    "inference_time": 8974.735273133723,
    "frequent_error": {
        "manchu": {
            "ᡳ": 9,
            "ᠠ": 17,
            "ᠴ": 2,
            "ᠪ": 2,
            "ᡠ": 2,
            "ᠮ": 2,
            "ᡝ": 4,
            "ᡩ": 1,
            "ᡵ": 1,
            "ᠨ": 5,
            "ᡮ": 1,
            "ᡶ": 1,
            "ᠸ": 1,
            "ᡤ": 3,
            "ᠰ": 2,
            "ᡥ": 1,
            "ᠵ": 1,
            "ᡡ": 1,
            "ᠶ": 1
        },
        "roman": {
            "I": 10,
            "A": 21,
            "C": 2,
            "B": 2,
            "U": 2,
            "M": 2,
            "E": 4,
            "D": 1,
            "R": 3,
            "N": 7,
            "T": 1,
            "S": 3,
            "J": 2,
            "Y": 2,
            "G": 4,
            "F": 2,
            "H": 1,
            "Ū": 1
        }
    }
}