{
    "model_name": "llama-32-11b",
    "checkpoint": 2000,
    "total_predictions": 1000,
    "manchu_word_accuracy": 0.788,
    "roman_word_accuracy": 0.774,
    "manchu_cer": 0.07948892578010237,
    "roman_cer": 0.03719194847120543,
    "manchu_f1_score": 0.9730845013212908,
    "roman_f1_score": 0.9716769014110465,
    "inference_time": 1730.7804646492004,
    "frequent_error": {
        "manchu": {
            "ᠠ": 120,
            "ᠮ": 71,
            "ᠪ": 45,
            "ᡠ": 50,
            "ᡥ": 57,
            "ᡳ": 60,
            "ᡤ": 50,
            "ᠨ": 42,
            "ᠵ": 11,
            "ᡵ": 33,
            "ᡶ": 3,
            "ᡝ": 107,
            "ᠶ": 4,
            "ᡨ": 20,
            "ᡩ": 9,
            "ᠣ": 16,
            "ᠩ": 40,
            "ᡴ": 42,
            "ᠯ": 32,
            "ᡡ": 31,
            "ᡧ": 14,
            "ᡦ": 7,
            "ᠰ": 3,
            "ᠴ": 8,
            "ᡯ": 1,
            "ᠸ": 5
        },
        "roman": {
            "A": 128,
            "M": 73,
            "B": 52,
            "U": 58,
            "H": 69,
            "I": 65,
            "G": 74,
            "N": 84,
            "J": 11,
            "R": 39,
            "F": 7,
            "E": 125,
            "Y": 5,
            "T": 22,
            "D": 12,
            "O": 21,
            "K": 45,
            "L": 36,
            "Ū": 34,
            "Š": 16,
            "P": 7,
            "S": 4,
            "C": 8,
            "Z": 1,
            "W": 1
        }
    }
}