{
    "model_name": "llama-32-11b",
    "checkpoint": 4000,
    "total_predictions": 218,
    "manchu_word_accuracy": 0.8348623853211009,
    "roman_word_accuracy": 0.8027522935779816,
    "manchu_cer": 0.053036260375709916,
    "roman_cer": 0.058613825012907565,
    "manchu_f1_score": 0.9558419049919323,
    "roman_f1_score": 0.9510243952655975,
    "inference_time": 8949.838806729798,
    "frequent_error": {
        "manchu": {
            "ᠠ": 13,
            "ᠰ": 4,
            "ᡝ": 8,
            "ᠩ": 2,
            "ᡳ": 13,
            "ᡮ": 2,
            "ᠶ": 4,
            "ᠣ": 3,
            "ᠮ": 5,
            "ᠪ": 2,
            "ᡠ": 2,
            "ᡴ": 6,
            "ᡩ": 1,
            "ᠯ": 1,
            "ᡡ": 2,
            "ᠨ": 4,
            "ᡥ": 1,
            "ᡶ": 1,
            "ᠸ": 1,
            "ᠵ": 1,
            "ᡤ": 1,
            "ᡧ": 1,
            "ᡵ": 1
        },
        "roman": {
            "A": 17,
            "S": 6,
            "E": 13,
            "G": 5,
            "I": 17,
            "N": 9,
            "C": 2,
            "T": 2,
            "J": 3,
            "Y": 4,
            "O": 3,
            "M": 5,
            "B": 2,
            "U": 2,
            "K": 6,
            "D": 1,
            "L": 2,
            "Ū": 2,
            "H": 1,
            "F": 2,
            "Š": 1,
            "R": 1
        }
    }
}