{
    "model_name": "llama-32-11b",
    "checkpoint": 6000,
    "total_predictions": 218,
    "manchu_word_accuracy": 0.7981651376146789,
    "roman_word_accuracy": 0.7935779816513762,
    "manchu_cer": 0.06328636959370902,
    "roman_cer": 0.06574377457404978,
    "manchu_f1_score": 0.9437098324713005,
    "roman_f1_score": 0.9438789039706469,
    "inference_time": 8904.983450513368,
    "frequent_error": {
        "manchu": {
            "ᡮ": 2,
            "ᠪ": 4,
            "ᠠ": 25,
            "ᡝ": 10,
            "ᡠ": 2,
            "ᡳ": 8,
            "ᠨ": 13,
            "ᠮ": 2,
            "ᡵ": 2,
            "ᠰ": 3,
            "ᠴ": 3,
            "ᠸ": 3,
            "ᡡ": 1,
            "ᡶ": 1,
            "ᡥ": 1,
            "ᠶ": 2,
            "ᡴ": 1,
            "ᡤ": 1
        },
        "roman": {
            "T": 2,
            "S": 5,
            "B": 4,
            "A": 25,
            "E": 10,
            "U": 2,
            "I": 9,
            "N": 15,
            "M": 2,
            "R": 2,
            "G": 2,
            "C": 3,
            "F": 3,
            "Ū": 1,
            "H": 1,
            "Y": 2,
            "K": 1,
            "W": 1
        }
    }
}