{
    "model_name": "llama-32-11b",
    "checkpoint": 3000,
    "total_predictions": 218,
    "manchu_word_accuracy": 0.8119266055045872,
    "roman_word_accuracy": 0.7981651376146789,
    "manchu_cer": 0.04690366972477065,
    "roman_cer": 0.05475644386194846,
    "manchu_f1_score": 0.9626828619003468,
    "roman_f1_score": 0.9591246343561225,
    "inference_time": 8953.441729239368,
    "frequent_error": {
        "manchu": {
            "ᠠ": 20,
            "ᠣ": 3,
            "ᡧ": 2,
            "ᡵ": 3,
            "ᡴ": 5,
            "ᡡ": 3,
            "ᡤ": 3,
            "ᡳ": 16,
            "ᠨ": 7,
            "ᡝ": 3,
            "ᠩ": 3,
            "ᠰ": 2,
            "ᠮ": 2,
            "ᠵ": 1,
            "ᡥ": 2,
            "ᠶ": 3,
            "ᠴ": 2,
            "ᡮ": 2,
            "ᡠ": 1,
            "ᠪ": 1
        },
        "roman": {
            "A": 24,
            "O": 3,
            "Š": 2,
            "R": 5,
            "K": 5,
            "Ū": 3,
            "G": 6,
            "I": 17,
            "N": 12,
            "E": 3,
            "S": 4,
            "M": 2,
            "J": 2,
            "H": 2,
            "Y": 4,
            "C": 2,
            "T": 2,
            "U": 1,
            "B": 1
        }
    }
}