{
    "model_name": "llama-32-11b",
    "checkpoint": 15000,
    "total_predictions": 1000,
    "manchu_word_accuracy": 0.968,
    "roman_word_accuracy": 0.966,
    "manchu_cer": 0.004183345820845821,
    "roman_cer": 0.004488483738483738,
    "manchu_f1_score": 0.9965009450623505,
    "roman_f1_score": 0.9963413391796245,
    "inference_time": 2602.1776609420776,
    "frequent_error": {
        "manchu": {
            "ᡨ": 5,
            "ᡠ": 4,
            "ᡦ": 2,
            "ᠵ": 4,
            "ᠣ": 2,
            "ᠠ": 12,
            "ᠪ": 5,
            "ᠮ": 4,
            "ᡳ": 5,
            "ᡥ": 5,
            "ᡝ": 14,
            "ᡵ": 3,
            "ᡴ": 6,
            "ᡡ": 3,
            "ᠩ": 4,
            "ᡤ": 8,
            "ᠨ": 3,
            "ᡩ": 2,
            "ᠯ": 2,
            "ᠶ": 4,
            "ᠴ": 1
        },
        "roman": {
            "T": 5,
            "U": 4,
            "P": 2,
            "J": 4,
            "O": 2,
            "A": 13,
            "B": 6,
            "M": 5,
            "I": 6,
            "H": 6,
            "E": 17,
            "R": 3,
            "K": 6,
            "Ū": 3,
            "N": 7,
            "G": 9,
            "D": 2,
            "L": 3,
            "Y": 4,
            "C": 1,
            "F": 1
        }
    }
}