{
    "model_name": "llama-32-11b",
    "checkpoint": 29000,
    "total_predictions": 218,
    "manchu_word_accuracy": 0.8899082568807339,
    "roman_word_accuracy": 0.8899082568807339,
    "manchu_cer": 0.034327217125382274,
    "roman_cer": 0.03421799912625602,
    "manchu_f1_score": 0.9745467580329964,
    "roman_f1_score": 0.9746559760321226,
    "inference_time": 9016.15655531577,
    "frequent_error": {
        "manchu": {
            "ᠠ": 16,
            "ᡩ": 2,
            "ᡵ": 1,
            "ᡝ": 3,
            "ᡳ": 9,
            "ᠮ": 2,
            "ᡤ": 1,
            "ᠴ": 6,
            "ᡡ": 1,
            "ᠨ": 4,
            "ᡠ": 2,
            "ᡶ": 1,
            "ᠸ": 1,
            "ᠪ": 1,
            "ᠰ": 1,
            "ᠶ": 1,
            "ᡥ": 1
        },
        "roman": {
            "A": 16,
            "D": 2,
            "R": 1,
            "E": 3,
            "I": 9,
            "M": 2,
            "G": 1,
            "C": 6,
            "Ū": 1,
            "N": 4,
            "U": 2,
            "F": 2,
            "B": 1,
            "S": 1,
            "Y": 1,
            "H": 1
        }
    }
}