{
    "model_name": "llama-32-11b",
    "checkpoint": 27000,
    "total_predictions": 1000,
    "manchu_word_accuracy": 0.984,
    "roman_word_accuracy": 0.982,
    "manchu_cer": 0.0021887889887889883,
    "roman_cer": 0.002669003219003219,
    "manchu_f1_score": 0.9980707912860084,
    "roman_f1_score": 0.9978717761143847,
    "inference_time": 1704.2320673465729,
    "frequent_error": {
        "manchu": {
            "ᠣ": 1,
            "ᡦ": 2,
            "ᠠ": 12,
            "ᠪ": 3,
            "ᡠ": 1,
            "ᠮ": 1,
            "ᡳ": 2,
            "ᡥ": 6,
            "ᡝ": 6,
            "ᡴ": 2,
            "ᡡ": 3,
            "ᠩ": 3,
            "ᡤ": 4,
            "ᠨ": 2,
            "ᠴ": 1,
            "ᠯ": 1
        },
        "roman": {
            "O": 1,
            "P": 2,
            "A": 13,
            "B": 4,
            "U": 1,
            "M": 2,
            "I": 3,
            "H": 7,
            "E": 9,
            "K": 2,
            "Ū": 3,
            "N": 5,
            "G": 5,
            "L": 3,
            "C": 1
        }
    }
}