{
    "model_name": "llama-32-11b",
    "checkpoint": 33000,
    "total_predictions": 1000,
    "manchu_word_accuracy": 0.986,
    "roman_word_accuracy": 0.985,
    "manchu_cer": 0.0015576191782074133,
    "roman_cer": 0.0017507339882339879,
    "manchu_f1_score": 0.9985940225134343,
    "roman_f1_score": 0.9985345518370518,
    "inference_time": 1701.8123383522034,
    "frequent_error": {
        "manchu": {
            "ᡦ": 1,
            "ᠠ": 5,
            "ᠪ": 4,
            "ᡠ": 2,
            "ᠮ": 2,
            "ᡳ": 2,
            "ᡥ": 4,
            "ᡝ": 7,
            "ᡤ": 3,
            "ᠰ": 1,
            "ᠯ": 1,
            "ᡴ": 1,
            "ᡩ": 2,
            "ᠨ": 1,
            "ᠩ": 1
        },
        "roman": {
            "P": 1,
            "A": 6,
            "B": 4,
            "U": 2,
            "M": 2,
            "I": 2,
            "H": 4,
            "E": 7,
            "G": 4,
            "S": 1,
            "L": 1,
            "K": 1,
            "D": 2,
            "N": 2
        }
    }
}