{
    "model_name": "llama-32-11b",
    "checkpoint": 25000,
    "total_predictions": 1000,
    "manchu_word_accuracy": 0.972,
    "roman_word_accuracy": 0.972,
    "manchu_cer": 0.003753095923684158,
    "roman_cer": 0.0037928626928626923,
    "manchu_f1_score": 0.9969696353772728,
    "roman_f1_score": 0.9970051470751471,
    "inference_time": 1703.5465483665466,
    "frequent_error": {
        "manchu": {
            "ᡦ": 2,
            "ᠠ": 17,
            "ᠯ": 4,
            "ᡥ": 7,
            "ᡡ": 5,
            "ᡧ": 1,
            "ᠪ": 7,
            "ᡠ": 2,
            "ᠮ": 1,
            "ᡝ": 7,
            "ᡵ": 5,
            "ᠵ": 5,
            "ᡴ": 5,
            "ᠩ": 2,
            "ᡤ": 5,
            "ᡨ": 2,
            "ᠣ": 1,
            "ᡳ": 4,
            "ᠨ": 3,
            "ᡩ": 2
        },
        "roman": {
            "P": 2,
            "A": 16,
            "L": 5,
            "H": 7,
            "Ū": 3,
            "Š": 1,
            "B": 8,
            "U": 2,
            "M": 2,
            "E": 10,
            "R": 4,
            "J": 4,
            "K": 4,
            "N": 4,
            "G": 6,
            "T": 2,
            "O": 1,
            "I": 5,
            "D": 2
        }
    }
}