{
    "model_name": "llama-32-11b",
    "checkpoint": 34000,
    "total_predictions": 1000,
    "manchu_word_accuracy": 0.984,
    "roman_word_accuracy": 0.983,
    "manchu_cer": 0.0020933334639216985,
    "roman_cer": 0.0022864482739482733,
    "manchu_f1_score": 0.9981480518174635,
    "roman_f1_score": 0.998088581141081,
    "inference_time": 1702.454689025879,
    "frequent_error": {
        "manchu": {
            "ᡦ": 2,
            "ᠠ": 5,
            "ᠪ": 4,
            "ᡠ": 3,
            "ᠮ": 2,
            "ᡳ": 2,
            "ᡥ": 4,
            "ᡝ": 9,
            "ᠵ": 1,
            "ᡨ": 1,
            "ᠨ": 2,
            "ᡤ": 4,
            "ᠰ": 1,
            "ᠯ": 1,
            "ᡴ": 1,
            "ᡩ": 2,
            "ᠩ": 1
        },
        "roman": {
            "P": 2,
            "A": 6,
            "B": 4,
            "U": 3,
            "M": 2,
            "I": 2,
            "H": 4,
            "E": 9,
            "J": 1,
            "T": 1,
            "N": 3,
            "G": 5,
            "S": 1,
            "L": 1,
            "K": 1,
            "D": 2
        }
    }
}