{
    "model_name": "llama-32-11b",
    "checkpoint": 37500,
    "total_predictions": 1000,
    "manchu_word_accuracy": 0.983,
    "roman_word_accuracy": 0.982,
    "manchu_cer": 0.002131489752077987,
    "roman_cer": 0.0023117840492840485,
    "manchu_f1_score": 0.9981196391190508,
    "roman_f1_score": 0.9980690573315574,
    "inference_time": 1702.3020813465118,
    "frequent_error": {
        "manchu": {
            "ᡦ": 2,
            "ᠠ": 7,
            "ᠪ": 3,
            "ᡠ": 3,
            "ᠮ": 1,
            "ᡳ": 2,
            "ᡥ": 4,
            "ᡝ": 7,
            "ᠵ": 1,
            "ᡨ": 1,
            "ᠨ": 2,
            "ᡤ": 4,
            "ᡴ": 1,
            "ᡩ": 2,
            "ᠴ": 1,
            "ᠯ": 1,
            "ᠩ": 2
        },
        "roman": {
            "P": 2,
            "A": 8,
            "B": 3,
            "U": 3,
            "M": 1,
            "I": 2,
            "H": 4,
            "E": 7,
            "J": 1,
            "T": 1,
            "N": 4,
            "G": 5,
            "K": 1,
            "D": 2,
            "C": 1,
            "L": 1
        }
    }
}