{
    "model_name": "llama-32-11b",
    "checkpoint": 7000,
    "total_predictions": 1000,
    "manchu_word_accuracy": 0.931,
    "roman_word_accuracy": 0.93,
    "manchu_cer": 0.008441433403198107,
    "roman_cer": 0.008404629580945368,
    "manchu_f1_score": 0.9934095435474039,
    "roman_f1_score": 0.9935019788004403,
    "inference_time": 1707.8937537670135,
    "frequent_error": {
        "manchu": {
            "ᡳ": 21,
            "ᡝ": 28,
            "ᠨ": 12,
            "ᠠ": 38,
            "ᡴ": 9,
            "ᡩ": 8,
            "ᠸ": 6,
            "ᠴ": 6,
            "ᡦ": 3,
            "ᠵ": 7,
            "ᡥ": 18,
            "ᡡ": 8,
            "ᠩ": 8,
            "ᡤ": 14,
            "ᠣ": 8,
            "ᠯ": 9,
            "ᡵ": 7,
            "ᡨ": 8,
            "ᠮ": 3,
            "ᠪ": 6,
            "ᠰ": 2,
            "ᡠ": 3,
            "ᡧ": 1
        },
        "roman": {
            "Š": 2,
            "I": 20,
            "E": 28,
            "N": 19,
            "A": 41,
            "K": 10,
            "D": 8,
            "F": 2,
            "P": 3,
            "Z": 1,
            "J": 8,
            "H": 20,
            "Ū": 10,
            "G": 17,
            "C": 4,
            "O": 8,
            "L": 9,
            "R": 8,
            "T": 8,
            "W": 3,
            "M": 4,
            "B": 8,
            "S": 2,
            "U": 4
        }
    }
}