{
    "model_name": "llama-32-11b",
    "checkpoint": 14000,
    "total_predictions": 1000,
    "manchu_word_accuracy": 0.971,
    "roman_word_accuracy": 0.971,
    "manchu_cer": 0.003726696914196915,
    "roman_cer": 0.0038142260517260522,
    "manchu_f1_score": 0.9969949290777337,
    "roman_f1_score": 0.9969441960378803,
    "inference_time": 1702.7847881317139,
    "frequent_error": {
        "manchu": {
            "ᡥ": 6,
            "ᠨ": 8,
            "ᡝ": 13,
            "ᠠ": 17,
            "ᡴ": 4,
            "ᡳ": 3,
            "ᠩ": 7,
            "ᡤ": 8,
            "ᠯ": 3,
            "ᡦ": 3,
            "ᠪ": 3,
            "ᡠ": 1,
            "ᠮ": 1,
            "ᠵ": 4,
            "ᡨ": 1,
            "ᡵ": 2,
            "ᠰ": 1,
            "ᡩ": 1,
            "ᡡ": 2,
            "ᠶ": 1
        },
        "roman": {
            "H": 6,
            "N": 14,
            "E": 11,
            "A": 18,
            "K": 4,
            "I": 3,
            "G": 10,
            "L": 2,
            "P": 3,
            "B": 3,
            "U": 1,
            "M": 1,
            "R": 1,
            "Ū": 1,
            "J": 3,
            "T": 1,
            "S": 1,
            "D": 1,
            "Y": 1
        }
    }
}