{
    "model_name": "llama-32-11b",
    "checkpoint": 31000,
    "total_predictions": 218,
    "manchu_word_accuracy": 0.9174311926605505,
    "roman_word_accuracy": 0.9174311926605505,
    "manchu_cer": 0.025447793796417654,
    "roman_cer": 0.02610310179117519,
    "manchu_f1_score": 0.9790433827131075,
    "roman_f1_score": 0.9789718945682249,
    "inference_time": 8937.004264341582,
    "frequent_error": {
        "manchu": {
            "ᡝ": 3,
            "ᠠ": 15,
            "ᡶ": 1,
            "ᠸ": 1,
            "ᡳ": 5,
            "ᠶ": 1,
            "ᠴ": 2,
            "ᠪ": 1,
            "ᡠ": 1,
            "ᠮ": 1,
            "ᡡ": 1,
            "ᠨ": 4,
            "ᡩ": 1,
            "ᡵ": 1,
            "ᡤ": 1
        },
        "roman": {
            "E": 3,
            "A": 15,
            "F": 2,
            "I": 5,
            "Y": 1,
            "C": 2,
            "B": 1,
            "U": 1,
            "M": 1,
            "Ū": 1,
            "N": 4,
            "D": 1,
            "R": 1,
            "G": 1
        }
    }
}