{
    "model_name": "llama-32-11b",
    "checkpoint": 22000,
    "total_predictions": 218,
    "manchu_word_accuracy": 0.926605504587156,
    "roman_word_accuracy": 0.926605504587156,
    "manchu_cer": 0.02228047182175623,
    "roman_cer": 0.022171253822629973,
    "manchu_f1_score": 0.9827659089126978,
    "roman_f1_score": 0.9828751269118242,
    "inference_time": 8967.407816046969,
    "frequent_error": {
        "manchu": {
            "ᠠ": 11,
            "ᡡ": 1,
            "ᠨ": 4,
            "ᠮ": 3,
            "ᡝ": 5,
            "ᡶ": 1,
            "ᠸ": 1,
            "ᡳ": 2,
            "ᠶ": 1,
            "ᡤ": 1,
            "ᠴ": 1,
            "ᠪ": 1,
            "ᡠ": 1
        },
        "roman": {
            "A": 11,
            "Ū": 1,
            "N": 4,
            "M": 3,
            "E": 5,
            "F": 2,
            "I": 2,
            "Y": 1,
            "G": 1,
            "C": 1,
            "B": 1,
            "U": 1
        }
    }
}