{
    "model_name": "llama-32-11b",
    "checkpoint": 33000,
    "total_predictions": 218,
    "manchu_word_accuracy": 0.8944954128440367,
    "roman_word_accuracy": 0.8944954128440367,
    "manchu_cer": 0.033322411533420714,
    "roman_cer": 0.03397771952817825,
    "manchu_f1_score": 0.9734382215493926,
    "roman_f1_score": 0.9733667334045102,
    "inference_time": 8953.976599448319,
    "frequent_error": {
        "manchu": {
            "ᡝ": 5,
            "ᡡ": 1,
            "ᠨ": 5,
            "ᠠ": 23,
            "ᡳ": 9,
            "ᠴ": 5,
            "ᠪ": 1,
            "ᡠ": 1,
            "ᠮ": 1,
            "ᠶ": 1,
            "ᠵ": 1,
            "ᠸ": 2,
            "ᡩ": 1,
            "ᡵ": 1,
            "ᡶ": 2,
            "ᡥ": 1,
            "ᡤ": 1,
            "ᠰ": 1
        },
        "roman": {
            "E": 5,
            "Ū": 1,
            "N": 5,
            "A": 23,
            "I": 9,
            "C": 5,
            "B": 1,
            "U": 1,
            "M": 1,
            "Y": 1,
            "J": 1,
            "F": 4,
            "D": 1,
            "R": 1,
            "H": 1,
            "G": 1,
            "S": 1
        }
    }
}