{
    "model_name": "llama-32-11b",
    "checkpoint": 22500,
    "total_predictions": 218,
    "manchu_word_accuracy": 0.9128440366972477,
    "roman_word_accuracy": 0.9128440366972477,
    "manchu_cer": 0.025524246395806034,
    "roman_cer": 0.025415028396679782,
    "manchu_f1_score": 0.9803254220145748,
    "roman_f1_score": 0.9804346400137011,
    "inference_time": 8977.459166028084,
    "frequent_error": {
        "manchu": {
            "ᠨ": 6,
            "ᠠ": 13,
            "ᠴ": 2,
            "ᠵ": 1,
            "ᡳ": 5,
            "ᠸ": 2,
            "ᡝ": 5,
            "ᠶ": 1,
            "ᡤ": 1,
            "ᠮ": 3,
            "ᠪ": 1,
            "ᡠ": 1,
            "ᡶ": 1,
            "ᡡ": 1
        },
        "roman": {
            "N": 6,
            "A": 13,
            "C": 2,
            "J": 1,
            "I": 5,
            "F": 3,
            "E": 5,
            "Y": 1,
            "G": 1,
            "M": 3,
            "B": 1,
            "U": 1,
            "Ū": 1
        }
    }
}