{
    "model_name": "llama-32-11b",
    "checkpoint": 9000,
    "total_predictions": 1000,
    "manchu_word_accuracy": 0.942,
    "roman_word_accuracy": 0.941,
    "manchu_cer": 0.008479715953980657,
    "roman_cer": 0.009091433974522209,
    "manchu_f1_score": 0.9930271057566359,
    "roman_f1_score": 0.9929236326787669,
    "inference_time": 1705.0212471485138,
    "frequent_error": {
        "manchu": {
            "ᠨ": 9,
            "ᠠ": 43,
            "ᡴ": 10,
            "ᡳ": 21,
            "ᠸ": 2,
            "ᡥ": 18,
            "ᡡ": 10,
            "ᠩ": 10,
            "ᡤ": 15,
            "ᡝ": 31,
            "ᡦ": 1,
            "ᠪ": 11,
            "ᡠ": 8,
            "ᠮ": 3,
            "ᡵ": 8,
            "ᠯ": 6,
            "ᠵ": 1,
            "ᡨ": 5,
            "ᠣ": 5,
            "ᡧ": 2,
            "ᡩ": 4,
            "ᡶ": 2,
            "ᠴ": 1,
            "ᡯ": 1
        },
        "roman": {
            "N": 19,
            "A": 46,
            "K": 11,
            "F": 4,
            "H": 20,
            "Ū": 11,
            "G": 16,
            "E": 31,
            "T": 6,
            "I": 21,
            "P": 1,
            "B": 13,
            "U": 10,
            "M": 3,
            "R": 9,
            "L": 8,
            "J": 1,
            "O": 5,
            "S": 1,
            "D": 6,
            "Š": 1,
            "C": 1,
            "Z": 1
        }
    }
}