{
    "model_name": "llama-32-11b",
    "checkpoint": 10000,
    "total_predictions": 218,
    "manchu_word_accuracy": 0.8577981651376146,
    "roman_word_accuracy": 0.8486238532110092,
    "manchu_cer": 0.04457732634338139,
    "roman_cer": 0.0452653997378768,
    "manchu_f1_score": 0.9673716446652227,
    "roman_f1_score": 0.9657230129707195,
    "inference_time": 8960.492472036169,
    "frequent_error": {
        "manchu": {
            "ᡳ": 12,
            "ᠸ": 1,
            "ᠩ": 1,
            "ᡮ": 2,
            "ᠠ": 16,
            "ᠴ": 4,
            "ᠪ": 3,
            "ᡠ": 1,
            "ᠮ": 3,
            "ᡝ": 3,
            "ᡩ": 1,
            "ᡥ": 1,
            "ᠨ": 6,
            "ᡶ": 1,
            "ᡡ": 2,
            "ᡧ": 1,
            "ᡵ": 1,
            "ᡴ": 1,
            "ᠰ": 1,
            "ᠶ": 1,
            "ᡤ": 1
        },
        "roman": {
            "I": 12,
            "F": 2,
            "N": 9,
            "G": 4,
            "T": 2,
            "S": 5,
            "A": 18,
            "C": 4,
            "B": 3,
            "U": 1,
            "M": 3,
            "E": 5,
            "D": 1,
            "H": 1,
            "Ū": 2,
            "Š": 1,
            "R": 1,
            "K": 1,
            "Y": 1
        }
    }
}