{
    "model_name": "llama-32-11b",
    "checkpoint": 30000,
    "total_predictions": 1000,
    "manchu_word_accuracy": 0.981,
    "roman_word_accuracy": 0.98,
    "manchu_cer": 0.0026385753135753126,
    "roman_cer": 0.002783742646242646,
    "manchu_f1_score": 0.9977669236127854,
    "roman_f1_score": 0.9977417845595263,
    "inference_time": 1702.415638923645,
    "frequent_error": {
        "manchu": {
            "ᡦ": 2,
            "ᠣ": 1,
            "ᠠ": 11,
            "ᠪ": 2,
            "ᡠ": 3,
            "ᠮ": 2,
            "ᡳ": 2,
            "ᡥ": 4,
            "ᡝ": 11,
            "ᡵ": 4,
            "ᠵ": 2,
            "ᡴ": 3,
            "ᡡ": 2,
            "ᠩ": 4,
            "ᡤ": 7,
            "ᡨ": 2,
            "ᠨ": 2,
            "ᡩ": 1,
            "ᠴ": 1,
            "ᠯ": 1
        },
        "roman": {
            "P": 2,
            "O": 1,
            "A": 12,
            "B": 2,
            "U": 3,
            "M": 2,
            "I": 2,
            "H": 4,
            "E": 11,
            "R": 4,
            "J": 2,
            "K": 3,
            "Ū": 2,
            "N": 6,
            "G": 9,
            "T": 2,
            "D": 1,
            "C": 1,
            "L": 1
        }
    }
}