{
    "model_name": "llama-32-11b",
    "checkpoint": 37500,
    "total_predictions": 218,
    "manchu_word_accuracy": 0.8807339449541285,
    "roman_word_accuracy": 0.8807339449541285,
    "manchu_cer": 0.03928571428571429,
    "roman_cer": 0.03994102228047182,
    "manchu_f1_score": 0.9688232646408578,
    "roman_f1_score": 0.9687517764959751,
    "inference_time": 8975.579629250622,
    "frequent_error": {
        "manchu": {
            "ᠠ": 30,
            "ᡩ": 1,
            "ᡵ": 2,
            "ᠴ": 5,
            "ᠨ": 4,
            "ᠵ": 1,
            "ᡳ": 9,
            "ᠸ": 2,
            "ᠪ": 3,
            "ᡝ": 5,
            "ᡤ": 1,
            "ᡶ": 2,
            "ᡥ": 1,
            "ᡡ": 1,
            "ᡠ": 1,
            "ᠮ": 1,
            "ᡴ": 1,
            "ᠰ": 1,
            "ᠶ": 1
        },
        "roman": {
            "A": 30,
            "D": 1,
            "R": 2,
            "C": 5,
            "N": 4,
            "J": 1,
            "I": 9,
            "F": 4,
            "B": 3,
            "E": 5,
            "G": 1,
            "H": 1,
            "Ū": 1,
            "U": 1,
            "M": 1,
            "K": 1,
            "S": 1,
            "Y": 1
        }
    }
}