{
    "model_name": "llama-32-11b",
    "checkpoint": 28000,
    "total_predictions": 1000,
    "manchu_word_accuracy": 0.982,
    "roman_word_accuracy": 0.98,
    "manchu_cer": 0.0023408914614796964,
    "roman_cer": 0.0026297022422022416,
    "manchu_f1_score": 0.9980339490933381,
    "roman_f1_score": 0.9978660581335352,
    "inference_time": 1704.3863627910614,
    "frequent_error": {
        "manchu": {
            "ᡴ": 3,
            "ᡳ": 6,
            "ᠨ": 2,
            "ᡨ": 2,
            "ᡠ": 2,
            "ᡦ": 2,
            "ᠠ": 12,
            "ᠪ": 3,
            "ᠮ": 1,
            "ᡥ": 4,
            "ᡝ": 5,
            "ᠵ": 1,
            "ᡤ": 2,
            "ᡵ": 1,
            "ᠯ": 3,
            "ᡩ": 2,
            "ᡡ": 2,
            "ᠴ": 1,
            "ᠩ": 1
        },
        "roman": {
            "K": 3,
            "I": 6,
            "N": 3,
            "T": 2,
            "U": 2,
            "P": 2,
            "A": 13,
            "B": 3,
            "M": 1,
            "H": 4,
            "E": 5,
            "J": 1,
            "G": 2,
            "R": 1,
            "L": 3,
            "D": 2,
            "Ū": 2,
            "C": 1,
            "F": 1
        }
    }
}