{
    "model_name": "llama-32-11b",
    "checkpoint": 22500,
    "total_predictions": 1000,
    "manchu_word_accuracy": 0.977,
    "roman_word_accuracy": 0.976,
    "manchu_cer": 0.0029643077510724566,
    "roman_cer": 0.0032879995004994997,
    "manchu_f1_score": 0.9975998711414314,
    "roman_f1_score": 0.9974654372163777,
    "inference_time": 1702.6682994365692,
    "frequent_error": {
        "manchu": {
            "ᠨ": 4,
            "ᠠ": 16,
            "ᡥ": 8,
            "ᠪ": 7,
            "ᡠ": 5,
            "ᠮ": 3,
            "ᡳ": 5,
            "ᡝ": 16,
            "ᡵ": 4,
            "ᠵ": 3,
            "ᡴ": 4,
            "ᡡ": 3,
            "ᠩ": 4,
            "ᡤ": 6,
            "ᡨ": 3,
            "ᡩ": 3,
            "ᠯ": 3,
            "ᠸ": 1
        },
        "roman": {
            "N": 8,
            "A": 17,
            "H": 11,
            "B": 10,
            "U": 6,
            "M": 4,
            "I": 7,
            "E": 21,
            "R": 4,
            "J": 3,
            "K": 4,
            "Ū": 3,
            "G": 8,
            "T": 3,
            "L": 5,
            "D": 3,
            "F": 1
        }
    }
}