{
    "model_name": "llama-32-11b",
    "checkpoint": 14000,
    "total_predictions": 218,
    "manchu_word_accuracy": 0.8761467889908257,
    "roman_word_accuracy": 0.8715596330275229,
    "manchu_cer": 0.033693752730449986,
    "roman_cer": 0.034387287024901715,
    "manchu_f1_score": 0.9739037129147761,
    "roman_f1_score": 0.9736206083644094,
    "inference_time": 8968.869856738169,
    "frequent_error": {
        "manchu": {
            "ᡳ": 4,
            "ᠠ": 23,
            "ᡶ": 1,
            "ᠸ": 2,
            "ᡮ": 1,
            "ᠣ": 1,
            "ᡡ": 3,
            "ᠨ": 6,
            "ᡴ": 3,
            "ᡥ": 2,
            "ᡩ": 2,
            "ᠵ": 1,
            "ᡤ": 2,
            "ᡵ": 2,
            "ᠮ": 3,
            "ᡝ": 3,
            "ᠴ": 2,
            "ᡧ": 1,
            "ᠪ": 1,
            "ᡠ": 1,
            "ᠶ": 1
        },
        "roman": {
            "I": 6,
            "A": 27,
            "F": 3,
            "T": 1,
            "S": 2,
            "N": 10,
            "J": 3,
            "Y": 3,
            "G": 4,
            "O": 1,
            "Ū": 3,
            "K": 3,
            "H": 2,
            "D": 2,
            "R": 2,
            "M": 3,
            "E": 3,
            "C": 2,
            "Š": 1,
            "B": 1,
            "U": 1
        }
    }
}