{
    "model_name": "llama-32-11b",
    "checkpoint": 11000,
    "total_predictions": 218,
    "manchu_word_accuracy": 0.8623853211009175,
    "roman_word_accuracy": 0.8623853211009175,
    "manchu_cer": 0.03931301878549586,
    "roman_cer": 0.039018130187854966,
    "manchu_f1_score": 0.9695021766325062,
    "roman_f1_score": 0.9687048852388843,
    "inference_time": 8976.525664329529,
    "frequent_error": {
        "manchu": {
            "ᠠ": 22,
            "ᠪ": 4,
            "ᡠ": 3,
            "ᠯ": 1,
            "ᡝ": 5,
            "ᡶ": 1,
            "ᠸ": 1,
            "ᡳ": 4,
            "ᠨ": 5,
            "ᡮ": 2,
            "ᠴ": 2,
            "ᠮ": 3,
            "ᡤ": 1,
            "ᡥ": 2,
            "ᠩ": 1,
            "ᡧ": 1,
            "ᡵ": 1,
            "ᡴ": 1,
            "ᡡ": 2,
            "ᡩ": 1
        },
        "roman": {
            "A": 22,
            "B": 4,
            "U": 3,
            "L": 1,
            "E": 5,
            "F": 2,
            "I": 4,
            "N": 6,
            "T": 2,
            "S": 2,
            "C": 2,
            "M": 3,
            "G": 2,
            "H": 2,
            "Š": 1,
            "R": 1,
            "K": 1,
            "Ū": 2,
            "D": 1
        }
    }
}