{
    "model_name": "llama-32-11b",
    "checkpoint": 11000,
    "total_predictions": 1000,
    "manchu_word_accuracy": 0.968,
    "roman_word_accuracy": 0.966,
    "manchu_cer": 0.04248057302174949,
    "roman_cer": 0.004518842676930913,
    "manchu_f1_score": 0.996339294952659,
    "roman_f1_score": 0.9963786169370725,
    "inference_time": 1754.6109597682953,
    "frequent_error": {
        "manchu": {
            "ᡦ": 1,
            "ᠵ": 4,
            "ᡥ": 10,
            "ᠠ": 18,
            "ᡴ": 4,
            "ᡡ": 4,
            "ᠩ": 3,
            "ᡤ": 7,
            "ᡝ": 9,
            "ᡨ": 4,
            "ᡳ": 8,
            "ᡠ": 4,
            "ᠨ": 7,
            "ᠴ": 3,
            "ᠮ": 1,
            "ᠪ": 2,
            "ᡩ": 2,
            "ᡵ": 1,
            "ᠸ": 1,
            "ᠶ": 1
        },
        "roman": {
            "P": 1,
            "J": 6,
            "H": 12,
            "A": 20,
            "K": 5,
            "Ū": 5,
            "N": 12,
            "G": 10,
            "E": 16,
            "T": 5,
            "I": 10,
            "U": 7,
            "C": 3,
            "M": 2,
            "B": 3,
            "D": 2,
            "L": 3,
            "S": 1,
            "R": 2,
            "F": 1,
            "Y": 1
        }
    }
}