{
    "model_name": "llama-32-11b",
    "checkpoint": 13000,
    "total_predictions": 218,
    "manchu_word_accuracy": 0.8440366972477065,
    "roman_word_accuracy": 0.8440366972477065,
    "manchu_cer": 0.041857798165137634,
    "roman_cer": 0.041977937964176516,
    "manchu_f1_score": 0.969491714587505,
    "roman_f1_score": 0.9697820045325511,
    "inference_time": 8986.511546537417,
    "frequent_error": {
        "manchu": {
            "ᠨ": 9,
            "ᠠ": 25,
            "ᡠ": 2,
            "ᠵ": 2,
            "ᡳ": 9,
            "ᡤ": 2,
            "ᠪ": 3,
            "ᡮ": 2,
            "ᠶ": 2,
            "ᠮ": 2,
            "ᡥ": 2,
            "ᠴ": 2,
            "ᠸ": 2,
            "ᡝ": 3,
            "ᡶ": 1,
            "ᡧ": 2,
            "ᡵ": 2,
            "ᡴ": 1,
            "ᡡ": 2,
            "ᡩ": 2
        },
        "roman": {
            "N": 13,
            "A": 29,
            "U": 2,
            "J": 4,
            "I": 11,
            "G": 4,
            "B": 3,
            "S": 2,
            "Y": 4,
            "M": 2,
            "H": 2,
            "C": 2,
            "F": 3,
            "E": 3,
            "Š": 2,
            "R": 2,
            "K": 1,
            "Ū": 2,
            "T": 1,
            "D": 2
        }
    }
}