{
    "model_name": "llama-32-11b",
    "checkpoint": 1000,
    "total_predictions": 218,
    "manchu_word_accuracy": 0.6834862385321101,
    "roman_word_accuracy": 0.6697247706422018,
    "manchu_cer": 0.10229539828163678,
    "roman_cer": 0.10469471914426039,
    "manchu_f1_score": 0.925343923630486,
    "roman_f1_score": 0.9237769409629071,
    "inference_time": 9054.158329963684,
    "frequent_error": {
        "manchu": {
            "ᠨ": 22,
            "ᠠ": 47,
            "ᡨ": 1,
            "ᠣ": 8,
            "ᡤ": 4,
            "ᡩ": 5,
            "ᡝ": 6,
            "ᡴ": 9,
            "ᠪ": 3,
            "ᡠ": 3,
            "ᠸ": 2,
            "ᡳ": 12,
            "ᡡ": 3,
            "ᠮ": 2,
            "ᠩ": 5,
            "ᠵ": 4,
            "ᡥ": 5,
            "ᡮ": 2,
            "ᠴ": 1,
            "ᡶ": 1,
            "ᠯ": 3,
            "ᡧ": 1,
            "ᡵ": 1,
            "ᠰ": 1
        },
        "roman": {
            "N": 28,
            "A": 54,
            "T": 3,
            "O": 8,
            "G": 8,
            "D": 5,
            "E": 5,
            "I": 15,
            "B": 3,
            "U": 3,
            "F": 3,
            "K": 8,
            "Ū": 3,
            "J": 6,
            "H": 5,
            "S": 3,
            "Y": 2,
            "C": 1,
            "M": 1,
            "L": 3,
            "Š": 1,
            "R": 1
        }
    }
}