{
    "model_name": "llama-32-11b",
    "checkpoint": 1000,
    "total_predictions": 1000,
    "manchu_word_accuracy": 0.697,
    "roman_word_accuracy": 0.681,
    "manchu_cer": 0.05822144783321261,
    "roman_cer": 0.06243277306628707,
    "manchu_f1_score": 0.9543842728979257,
    "roman_f1_score": 0.9526732313716005,
    "inference_time": 1704.497230052948,
    "frequent_error": {
        "manchu": {
            "ᡤ": 65,
            "ᡳ": 103,
            "ᡴ": 66,
            "ᡥ": 112,
            "ᡩ": 55,
            "ᠠ": 222,
            "ᠯ": 42,
            "ᠨ": 82,
            "ᡠ": 61,
            "ᠮ": 29,
            "ᠪ": 60,
            "ᡝ": 140,
            "ᡨ": 29,
            "ᠣ": 63,
            "ᠴ": 27,
            "ᡡ": 48,
            "ᠩ": 41,
            "ᠵ": 18,
            "ᠸ": 13,
            "ᡵ": 44,
            "ᠶ": 12,
            "ᡦ": 3,
            "ᠰ": 12,
            "ᡧ": 18,
            "ᡶ": 5,
            "ᡯ": 1
        },
        "roman": {
            "G": 82,
            "I": 122,
            "K": 72,
            "H": 121,
            "D": 59,
            "A": 238,
            "L": 47,
            "N": 118,
            "U": 68,
            "M": 29,
            "B": 65,
            "E": 169,
            "T": 34,
            "O": 61,
            "C": 35,
            "Ū": 53,
            "J": 19,
            "R": 46,
            "Y": 13,
            "Š": 19,
            "P": 3,
            "S": 13,
            "W": 5,
            "F": 15,
            "Z": 1
        }
    }
}