{
    "model_name": "llama-32-11b",
    "checkpoint": 32000,
    "total_predictions": 218,
    "manchu_word_accuracy": 0.9036697247706422,
    "roman_word_accuracy": 0.9036697247706422,
    "manchu_cer": 0.029805591961555272,
    "roman_cer": 0.030460899956312806,
    "manchu_f1_score": 0.9763712212713831,
    "roman_f1_score": 0.9762997331265003,
    "inference_time": 8969.138340118829,
    "frequent_error": {
        "manchu": {
            "ᠠ": 20,
            "ᡶ": 1,
            "ᠸ": 2,
            "ᡳ": 9,
            "ᠴ": 5,
            "ᠪ": 1,
            "ᡠ": 1,
            "ᠮ": 1,
            "ᡝ": 4,
            "ᠨ": 4,
            "ᠶ": 1,
            "ᠵ": 1,
            "ᡤ": 1,
            "ᡩ": 1,
            "ᡵ": 1,
            "ᠰ": 1,
            "ᡡ": 1
        },
        "roman": {
            "A": 20,
            "F": 3,
            "I": 9,
            "C": 5,
            "B": 1,
            "U": 1,
            "M": 1,
            "E": 4,
            "N": 4,
            "Y": 1,
            "J": 1,
            "G": 1,
            "D": 1,
            "R": 1,
            "S": 1,
            "Ū": 1
        }
    }
}