{
    "model_name": "llama-32-11b",
    "checkpoint": 19000,
    "total_predictions": 1000,
    "manchu_word_accuracy": 0.975,
    "roman_word_accuracy": 0.975,
    "manchu_cer": 0.0032071648939295994,
    "roman_cer": 0.0033101814851814854,
    "manchu_f1_score": 0.9974180749544563,
    "roman_f1_score": 0.9973953497614894,
    "inference_time": 1703.0832350254059,
    "frequent_error": {
        "manchu": {
            "ᡨ": 3,
            "ᡠ": 6,
            "ᠨ": 4,
            "ᠠ": 13,
            "ᡥ": 7,
            "ᠵ": 2,
            "ᠪ": 7,
            "ᠮ": 3,
            "ᡳ": 6,
            "ᡝ": 16,
            "ᡵ": 4,
            "ᡴ": 5,
            "ᡡ": 3,
            "ᠩ": 4,
            "ᡤ": 7,
            "ᡩ": 3,
            "ᠯ": 4,
            "ᠸ": 1
        },
        "roman": {
            "T": 3,
            "U": 6,
            "N": 7,
            "A": 13,
            "H": 7,
            "J": 1,
            "B": 7,
            "M": 2,
            "I": 6,
            "E": 13,
            "G": 8,
            "D": 3,
            "L": 4,
            "R": 2,
            "K": 4,
            "Ū": 2,
            "F": 1
        }
    }
}