{
    "model_name": "llama-32-11b",
    "checkpoint": 17000,
    "total_predictions": 1000,
    "manchu_word_accuracy": 0.969,
    "roman_word_accuracy": 0.969,
    "manchu_cer": 0.004079037465802172,
    "roman_cer": 0.004094287656787657,
    "manchu_f1_score": 0.9968682711808651,
    "roman_f1_score": 0.9968917787843729,
    "inference_time": 2278.9221210479736,
    "frequent_error": {
        "manchu": {
            "ᡨ": 3,
            "ᡠ": 9,
            "ᠨ": 5,
            "ᠠ": 22,
            "ᡥ": 9,
            "ᡦ": 1,
            "ᠪ": 7,
            "ᠮ": 3,
            "ᡳ": 6,
            "ᡝ": 12,
            "ᡡ": 3,
            "ᡤ": 7,
            "ᠯ": 5,
            "ᡵ": 2,
            "ᡴ": 3,
            "ᠩ": 3,
            "ᡩ": 3,
            "ᠸ": 1
        },
        "roman": {
            "T": 3,
            "U": 10,
            "N": 8,
            "A": 23,
            "H": 12,
            "P": 1,
            "B": 10,
            "M": 4,
            "I": 8,
            "E": 17,
            "Ū": 3,
            "L": 7,
            "G": 9,
            "R": 2,
            "K": 3,
            "D": 3,
            "F": 1
        }
    }
}