{
    "model_name": "llama-32-11b",
    "checkpoint": 12000,
    "total_predictions": 1000,
    "manchu_word_accuracy": 0.932,
    "roman_word_accuracy": 0.933,
    "manchu_cer": 0.008521877550554016,
    "roman_cer": 0.008221749084249079,
    "manchu_f1_score": 0.9938818025041802,
    "roman_f1_score": 0.9939446371772557,
    "inference_time": 1704.6470520496368,
    "frequent_error": {
        "manchu": {
            "ᠵ": 6,
            "ᡳ": 32,
            "ᠯ": 20,
            "ᠠ": 46,
            "ᡥ": 25,
            "ᠪ": 29,
            "ᡝ": 44,
            "ᠸ": 5,
            "ᡠ": 20,
            "ᡨ": 6,
            "ᠮ": 4,
            "ᡴ": 13,
            "ᠴ": 9,
            "ᠨ": 11,
            "ᡩ": 5,
            "ᡧ": 6,
            "ᡡ": 7,
            "ᠩ": 10,
            "ᡤ": 15,
            "ᡵ": 11,
            "ᠣ": 3,
            "ᠶ": 6,
            "ᠰ": 3
        },
        "roman": {
            "J": 6,
            "I": 29,
            "L": 18,
            "A": 46,
            "H": 21,
            "B": 26,
            "E": 37,
            "F": 3,
            "U": 12,
            "T": 5,
            "M": 3,
            "K": 12,
            "C": 6,
            "N": 20,
            "D": 5,
            "Š": 5,
            "Ū": 7,
            "G": 18,
            "O": 3,
            "R": 9,
            "Y": 6,
            "S": 2,
            "W": 1
        }
    }
}