{
    "model_name": "llama-32-11b",
    "checkpoint": 16000,
    "total_predictions": 1000,
    "manchu_word_accuracy": 0.974,
    "roman_word_accuracy": 0.973,
    "manchu_cer": 0.0038550949050949047,
    "roman_cer": 0.004076365301365301,
    "manchu_f1_score": 0.9968551337993475,
    "roman_f1_score": 0.9967891379177315,
    "inference_time": 3274.791515111923,
    "frequent_error": {
        "manchu": {
            "ᠠ": 19,
            "ᠵ": 4,
            "ᡳ": 4,
            "ᠯ": 1,
            "ᡥ": 7,
            "ᠪ": 5,
            "ᡝ": 11,
            "ᠨ": 3,
            "ᡦ": 1,
            "ᡠ": 3,
            "ᠮ": 3,
            "ᡵ": 4,
            "ᡴ": 7,
            "ᡡ": 3,
            "ᠩ": 4,
            "ᡤ": 8,
            "ᡨ": 2,
            "ᠰ": 1
        },
        "roman": {
            "A": 20,
            "J": 4,
            "I": 5,
            "L": 2,
            "H": 8,
            "B": 6,
            "E": 14,
            "N": 7,
            "P": 1,
            "U": 3,
            "M": 4,
            "R": 4,
            "K": 7,
            "Ū": 3,
            "G": 10,
            "T": 2,
            "S": 1
        }
    }
}