{
    "model_name": "llama-32-11b",
    "checkpoint": 21000,
    "total_predictions": 218,
    "manchu_word_accuracy": 0.9311926605504587,
    "roman_word_accuracy": 0.9311926605504587,
    "manchu_cer": 0.021887287024901704,
    "roman_cer": 0.02177806902577545,
    "manchu_f1_score": 0.982961941218822,
    "roman_f1_score": 0.9830711592179482,
    "inference_time": 8956.438106134397,
    "frequent_error": {
        "manchu": {
            "ᠠ": 11,
            "ᠴ": 2,
            "ᠪ": 1,
            "ᡠ": 1,
            "ᠮ": 3,
            "ᡝ": 5,
            "ᡡ": 1,
            "ᠨ": 3,
            "ᡤ": 1,
            "ᠶ": 1,
            "ᡳ": 3,
            "ᡶ": 1,
            "ᠸ": 1
        },
        "roman": {
            "A": 11,
            "C": 2,
            "B": 1,
            "U": 1,
            "M": 3,
            "E": 5,
            "Ū": 1,
            "N": 3,
            "G": 1,
            "Y": 1,
            "I": 3,
            "F": 2
        }
    }
}