{
    "model_name": "llama-32-11b",
    "checkpoint": 16000,
    "total_predictions": 218,
    "manchu_word_accuracy": 0.9036697247706422,
    "roman_word_accuracy": 0.9036697247706422,
    "manchu_cer": 0.026823940585408476,
    "roman_cer": 0.026256006989951945,
    "manchu_f1_score": 0.9794332706029953,
    "roman_f1_score": 0.9798425071360852,
    "inference_time": 8970.545248154107,
    "frequent_error": {
        "manchu": {
            "ᠨ": 4,
            "ᠠ": 14,
            "ᡝ": 5,
            "ᠶ": 3,
            "ᠮ": 3,
            "ᡳ": 2,
            "ᡶ": 1,
            "ᠸ": 1,
            "ᠪ": 2,
            "ᡩ": 1,
            "ᡤ": 1,
            "ᠴ": 1,
            "ᡠ": 1,
            "ᡡ": 1
        },
        "roman": {
            "N": 4,
            "A": 14,
            "E": 5,
            "Y": 3,
            "M": 3,
            "I": 2,
            "F": 2,
            "B": 2,
            "D": 1,
            "G": 1,
            "C": 1,
            "U": 1,
            "Ū": 1
        }
    }
}