{
    "model_name": "llama-32-11b",
    "checkpoint": 25000,
    "total_predictions": 218,
    "manchu_word_accuracy": 0.8990825688073395,
    "roman_word_accuracy": 0.8944954128440367,
    "manchu_cer": 0.0280690257754478,
    "roman_cer": 0.02830930537352556,
    "manchu_f1_score": 0.9774087024087025,
    "roman_f1_score": 0.9773857091457284,
    "inference_time": 8975.142515033756,
    "frequent_error": {
        "manchu": {
            "ᡳ": 8,
            "ᡩ": 1,
            "ᠪ": 2,
            "ᠣ": 2,
            "ᠠ": 10,
            "ᠰ": 1,
            "ᠮ": 2,
            "ᠴ": 2,
            "ᡠ": 1,
            "ᡝ": 3,
            "ᠶ": 1,
            "ᡤ": 1,
            "ᡡ": 1,
            "ᠨ": 1,
            "ᡶ": 1,
            "ᠸ": 1
        },
        "roman": {
            "I": 9,
            "D": 1,
            "B": 2,
            "O": 2,
            "A": 12,
            "S": 2,
            "M": 2,
            "C": 2,
            "U": 1,
            "E": 3,
            "Y": 2,
            "T": 1,
            "N": 3,
            "J": 1,
            "G": 2,
            "Ū": 1,
            "F": 2
        }
    }
}