{
    "model_name": "llama-32-11b",
    "checkpoint": 18000,
    "total_predictions": 1000,
    "manchu_word_accuracy": 0.98,
    "roman_word_accuracy": 0.98,
    "manchu_cer": 0.0026017510267510265,
    "roman_cer": 0.0026039946164946163,
    "manchu_f1_score": 0.9978882242309662,
    "roman_f1_score": 0.9978994832944834,
    "inference_time": 1703.3236467838287,
    "frequent_error": {
        "manchu": {
            "ᡨ": 2,
            "ᡠ": 3,
            "ᡦ": 1,
            "ᠠ": 10,
            "ᠪ": 2,
            "ᠮ": 2,
            "ᡳ": 4,
            "ᡥ": 2,
            "ᡝ": 8,
            "ᡵ": 3,
            "ᠵ": 1,
            "ᡴ": 3,
            "ᡡ": 2,
            "ᠩ": 2,
            "ᡤ": 5,
            "ᠯ": 3,
            "ᠸ": 1
        },
        "roman": {
            "T": 2,
            "U": 3,
            "P": 1,
            "A": 10,
            "B": 3,
            "M": 3,
            "I": 5,
            "H": 3,
            "E": 11,
            "R": 3,
            "J": 1,
            "K": 3,
            "Ū": 2,
            "N": 2,
            "G": 6,
            "L": 4,
            "F": 1
        }
    }
}