{
    "model_name": "llama-32-11b",
    "checkpoint": 27000,
    "total_predictions": 218,
    "manchu_word_accuracy": 0.8761467889908257,
    "roman_word_accuracy": 0.8761467889908257,
    "manchu_cer": 0.040099388379204896,
    "roman_cer": 0.04113695937090433,
    "manchu_f1_score": 0.9686863310581604,
    "roman_f1_score": 0.9677761810654415,
    "inference_time": 9002.472141467104,
    "frequent_error": {
        "manchu": {
            "ᡳ": 9,
            "ᠠ": 16,
            "ᠴ": 2,
            "ᠪ": 1,
            "ᡠ": 2,
            "ᠮ": 2,
            "ᡝ": 5,
            "ᠨ": 6,
            "ᠣ": 2,
            "ᡤ": 1,
            "ᡶ": 1,
            "ᠸ": 1,
            "ᡥ": 1,
            "ᠶ": 1,
            "ᡩ": 2,
            "ᠰ": 1,
            "ᡵ": 1,
            "ᡡ": 1
        },
        "roman": {
            "I": 9,
            "A": 16,
            "C": 2,
            "B": 1,
            "U": 2,
            "M": 2,
            "E": 5,
            "N": 6,
            "O": 2,
            "G": 1,
            "F": 2,
            "H": 1,
            "Y": 1,
            "D": 2,
            "S": 1,
            "R": 1,
            "Ū": 1
        }
    }
}