{
    "model_name": "llama-32-11b",
    "checkpoint": 32000,
    "total_predictions": 1000,
    "manchu_word_accuracy": 0.983,
    "roman_word_accuracy": 0.982,
    "manchu_cer": 0.002305732176320411,
    "roman_cer": 0.0024695429570429565,
    "manchu_f1_score": 0.9979625828419945,
    "roman_f1_score": 0.9979246739371738,
    "inference_time": 1701.928673505783,
    "frequent_error": {
        "manchu": {
            "ᡦ": 2,
            "ᠣ": 1,
            "ᠠ": 8,
            "ᠪ": 2,
            "ᡠ": 3,
            "ᠮ": 1,
            "ᡳ": 1,
            "ᡥ": 3,
            "ᡝ": 7,
            "ᠵ": 1,
            "ᡨ": 1,
            "ᠨ": 2,
            "ᡵ": 1,
            "ᡴ": 1,
            "ᡡ": 1,
            "ᠩ": 2,
            "ᡤ": 5,
            "ᡩ": 2
        },
        "roman": {
            "P": 2,
            "O": 1,
            "A": 9,
            "B": 2,
            "U": 3,
            "M": 1,
            "I": 1,
            "H": 3,
            "E": 7,
            "J": 1,
            "T": 1,
            "N": 4,
            "R": 1,
            "K": 1,
            "Ū": 1,
            "G": 7,
            "D": 2
        }
    }
}