{
    "model_name": "llama-32-11b",
    "checkpoint": 4000,
    "total_predictions": 1000,
    "manchu_word_accuracy": 0.869,
    "roman_word_accuracy": 0.858,
    "manchu_cer": 0.06068891867935993,
    "roman_cer": 0.024182560473582148,
    "manchu_f1_score": 0.9809887035757618,
    "roman_f1_score": 0.9802642431635291,
    "inference_time": 1753.7026364803314,
    "frequent_error": {
        "manchu": {
            "ᡝ": 53,
            "ᡴ": 39,
            "ᡩ": 6,
            "ᠣ": 29,
            "ᡵ": 13,
            "ᠵ": 12,
            "ᠠ": 62,
            "ᡥ": 25,
            "ᠪ": 17,
            "ᡳ": 37,
            "ᠨ": 17,
            "ᡠ": 20,
            "ᡡ": 14,
            "ᠩ": 19,
            "ᡤ": 30,
            "ᠸ": 11,
            "ᠮ": 19,
            "ᠰ": 10,
            "ᠶ": 11,
            "ᠯ": 12,
            "ᠴ": 4,
            "ᡮ": 1,
            "ᡦ": 1,
            "ᡨ": 7,
            "ᡧ": 5,
            "ᡶ": 1
        },
        "roman": {
            "E": 63,
            "K": 37,
            "D": 7,
            "O": 31,
            "R": 14,
            "J": 13,
            "A": 66,
            "H": 28,
            "B": 18,
            "I": 40,
            "N": 36,
            "U": 21,
            "Ū": 14,
            "G": 38,
            "F": 6,
            "M": 20,
            "S": 11,
            "Y": 10,
            "L": 13,
            "W": 6,
            "C": 5,
            "T": 8,
            "Z": 1,
            "P": 1,
            "Š": 8
        }
    }
}