{
    "model_name": "llama-32-11b",
    "checkpoint": 6000,
    "total_predictions": 1000,
    "manchu_word_accuracy": 0.871,
    "roman_word_accuracy": 0.871,
    "manchu_cer": 0.01995127674612967,
    "roman_cer": 0.019650400987900964,
    "manchu_f1_score": 0.982862987298719,
    "roman_f1_score": 0.9836131381178015,
    "inference_time": 1701.8684618473053,
    "frequent_error": {
        "manchu": {
            "ᠨ": 27,
            "ᠠ": 81,
            "ᡴ": 40,
            "ᡳ": 40,
            "ᠵ": 8,
            "ᠯ": 14,
            "ᡥ": 28,
            "ᠪ": 20,
            "ᡝ": 64,
            "ᡠ": 24,
            "ᠰ": 9,
            "ᠮ": 7,
            "ᠩ": 26,
            "ᡤ": 29,
            "ᡡ": 18,
            "ᠸ": 7,
            "ᡧ": 1,
            "ᡩ": 9,
            "ᡵ": 19,
            "ᠴ": 8,
            "ᡦ": 2,
            "ᠣ": 9,
            "ᡨ": 5,
            "ᠶ": 8,
            "ᡶ": 1
        },
        "roman": {
            "N": 52,
            "A": 85,
            "K": 39,
            "J": 8,
            "I": 39,
            "L": 14,
            "H": 28,
            "B": 19,
            "E": 63,
            "U": 23,
            "S": 8,
            "M": 7,
            "G": 38,
            "Ū": 17,
            "F": 8,
            "Š": 1,
            "D": 9,
            "R": 18,
            "C": 8,
            "T": 7,
            "P": 2,
            "O": 7,
            "Y": 8
        }
    }
}