{
    "model_name": "llama-32-11b",
    "checkpoint": 21000,
    "total_predictions": 1000,
    "manchu_word_accuracy": 0.981,
    "roman_word_accuracy": 0.98,
    "manchu_cer": 0.0027676044543691594,
    "roman_cer": 0.003032688145188145,
    "manchu_f1_score": 0.9977833237041943,
    "roman_f1_score": 0.9976788964391471,
    "inference_time": 1702.1065912246704,
    "frequent_error": {
        "manchu": {
            "ᠨ": 4,
            "ᠠ": 15,
            "ᡥ": 9,
            "ᠪ": 9,
            "ᡠ": 7,
            "ᠮ": 3,
            "ᡳ": 4,
            "ᡝ": 15,
            "ᡵ": 3,
            "ᠵ": 3,
            "ᡴ": 4,
            "ᡡ": 3,
            "ᠩ": 3,
            "ᡤ": 5,
            "ᡨ": 2,
            "ᡩ": 3,
            "ᠯ": 2,
            "ᠸ": 1
        },
        "roman": {
            "N": 7,
            "A": 16,
            "H": 11,
            "B": 11,
            "U": 8,
            "M": 3,
            "I": 5,
            "E": 17,
            "R": 3,
            "J": 3,
            "K": 4,
            "Ū": 3,
            "G": 6,
            "T": 2,
            "L": 3,
            "D": 3,
            "F": 1
        }
    }
}