{
    "model_name": "llama-32-11b",
    "checkpoint": 31000,
    "total_predictions": 1000,
    "manchu_word_accuracy": 0.981,
    "roman_word_accuracy": 0.981,
    "manchu_cer": 0.0025378389584271932,
    "roman_cer": 0.002438829226329226,
    "manchu_f1_score": 0.9978008190502307,
    "roman_f1_score": 0.9978829101454102,
    "inference_time": 1702.548131942749,
    "frequent_error": {
        "manchu": {
            "ᡦ": 2,
            "ᠠ": 10,
            "ᠪ": 3,
            "ᡠ": 2,
            "ᠮ": 1,
            "ᡳ": 1,
            "ᡥ": 4,
            "ᡝ": 7,
            "ᠵ": 1,
            "ᡵ": 1,
            "ᡴ": 2,
            "ᡡ": 1,
            "ᠩ": 3,
            "ᡤ": 5,
            "ᠰ": 1,
            "ᠯ": 1,
            "ᡩ": 2,
            "ᠨ": 1
        },
        "roman": {
            "P": 2,
            "A": 10,
            "B": 3,
            "U": 2,
            "M": 1,
            "I": 1,
            "H": 4,
            "E": 7,
            "J": 1,
            "R": 1,
            "K": 2,
            "Ū": 1,
            "N": 4,
            "G": 7,
            "S": 1,
            "L": 1,
            "D": 2
        }
    }
}