{
    "model_name": "llama-32-11b",
    "checkpoint": 18000,
    "total_predictions": 218,
    "manchu_word_accuracy": 0.9174311926605505,
    "roman_word_accuracy": 0.9174311926605505,
    "manchu_cer": 0.024530362603757103,
    "roman_cer": 0.024421144604630848,
    "manchu_f1_score": 0.9814824319411477,
    "roman_f1_score": 0.9815916499402739,
    "inference_time": 8977.561095438967,
    "frequent_error": {
        "manchu": {
            "ᠨ": 5,
            "ᠠ": 11,
            "ᡝ": 5,
            "ᡶ": 1,
            "ᠸ": 1,
            "ᡳ": 4,
            "ᠶ": 1,
            "ᠴ": 1,
            "ᠪ": 1,
            "ᡠ": 1,
            "ᠮ": 2,
            "ᡡ": 1,
            "ᡤ": 1
        },
        "roman": {
            "N": 5,
            "A": 11,
            "E": 5,
            "F": 2,
            "I": 4,
            "Y": 1,
            "C": 1,
            "B": 1,
            "U": 1,
            "M": 2,
            "Ū": 1,
            "G": 1
        }
    }
}