{
    "model_name": "qwen-25-7b",
    "checkpoint": 38000,
    "total_predictions": 1000,
    "manchu_word_accuracy": 0.805,
    "roman_word_accuracy": 0.805,
    "manchu_cer": 0.041962305831423484,
    "roman_cer": 0.04195514915940613,
    "manchu_f1_score": 0.9657230660500232,
    "roman_f1_score": 0.9658201621290626,
    "inference_time": 744.5245249271393,
    "frequent_error": {
        "manchu": {
            "ᡴ": 42,
            "ᡳ": 92,
            "ᠨ": 44,
            "ᠠ": 135,
            "ᠮ": 16,
            "ᠯ": 19,
            "ᡝ": 99,
            "ᠴ": 19,
            "ᡩ": 27,
            "ᡵ": 38,
            "ᡡ": 21,
            "ᠩ": 26,
            "ᡤ": 34,
            "ᡥ": 55,
            "ᡠ": 32,
            "ᠸ": 8,
            "ᠣ": 17,
            "ᠪ": 32,
            "ᡨ": 18,
            "ᡧ": 17,
            "ᡯ": 2,
            "ᠰ": 8,
            "ᠵ": 10,
            "ᡦ": 4,
            "ᠶ": 11,
            "ᡶ": 1
        },
        "roman": {
            "K": 42,
            "I": 93,
            "N": 69,
            "A": 130,
            "M": 16,
            "L": 18,
            "E": 101,
            "C": 19,
            "D": 29,
            "R": 38,
            "Ū": 21,
            "G": 46,
            "H": 55,
            "U": 32,
            "F": 7,
            "O": 17,
            "B": 32,
            "T": 16,
            "Š": 17,
            "Z": 2,
            "S": 8,
            "J": 10,
            "P": 4,
            "Y": 11,
            "W": 6
        }
    }
}