{
    "model_name": "qwen-25-7b",
    "checkpoint": 27000,
    "total_predictions": 1000,
    "manchu_word_accuracy": 0.741,
    "roman_word_accuracy": 0.741,
    "manchu_cer": 0.06102558005719775,
    "roman_cer": 0.0611510575209105,
    "manchu_f1_score": 0.9511551257797077,
    "roman_f1_score": 0.951106458271254,
    "inference_time": 745.2081451416016,
    "frequent_error": {
        "manchu": {
            "ᠠ": 140,
            "ᠨ": 59,
            "ᡴ": 53,
            "ᡳ": 110,
            "ᡥ": 82,
            "ᡡ": 25,
            "ᠮ": 26,
            "ᡝ": 138,
            "ᠩ": 41,
            "ᡤ": 41,
            "ᡠ": 52,
            "ᠣ": 53,
            "ᡵ": 52,
            "ᠯ": 37,
            "ᡨ": 26,
            "ᠪ": 46,
            "ᡧ": 20,
            "ᡩ": 27,
            "ᠵ": 16,
            "ᠸ": 7,
            "ᠰ": 18,
            "ᡦ": 4,
            "ᡯ": 2,
            "ᠴ": 12,
            "ᠶ": 14,
            "ᡶ": 2
        },
        "roman": {
            "A": 142,
            "N": 98,
            "K": 54,
            "I": 113,
            "H": 82,
            "Ū": 26,
            "M": 26,
            "E": 143,
            "G": 65,
            "U": 52,
            "O": 53,
            "R": 53,
            "L": 36,
            "T": 27,
            "B": 46,
            "Š": 21,
            "D": 29,
            "J": 17,
            "F": 9,
            "S": 18,
            "P": 4,
            "Z": 2,
            "C": 13,
            "Y": 14,
            "W": 2
        }
    }
}