{
    "model_name": "qwen-25-7b",
    "checkpoint": 33000,
    "total_predictions": 1000,
    "manchu_word_accuracy": 0.78,
    "roman_word_accuracy": 0.78,
    "manchu_cer": 0.04690294019705787,
    "roman_cer": 0.04731387270280464,
    "manchu_f1_score": 0.9621072047919185,
    "roman_f1_score": 0.9618386250333901,
    "inference_time": 744.9345254898071,
    "frequent_error": {
        "manchu": {
            "ᡥ": 67,
            "ᠣ": 28,
            "ᡨ": 14,
            "ᡡ": 24,
            "ᠨ": 43,
            "ᠠ": 162,
            "ᡴ": 40,
            "ᡳ": 91,
            "ᠮ": 14,
            "ᡝ": 118,
            "ᠩ": 50,
            "ᡤ": 52,
            "ᡵ": 40,
            "ᠯ": 30,
            "ᡩ": 19,
            "ᠸ": 15,
            "ᡧ": 25,
            "ᡠ": 35,
            "ᠪ": 41,
            "ᡯ": 2,
            "ᠵ": 10,
            "ᠴ": 17,
            "ᠶ": 14,
            "ᡦ": 4,
            "ᠰ": 10,
            "ᡶ": 2
        },
        "roman": {
            "H": 67,
            "O": 28,
            "T": 15,
            "Ū": 25,
            "N": 93,
            "A": 163,
            "K": 41,
            "I": 91,
            "M": 14,
            "E": 118,
            "G": 86,
            "R": 41,
            "L": 32,
            "D": 21,
            "F": 10,
            "Š": 25,
            "U": 36,
            "W": 8,
            "B": 41,
            "Z": 2,
            "J": 11,
            "C": 16,
            "Y": 15,
            "P": 4,
            "S": 10
        }
    }
}