{
    "model_name": "qwen-25-7b",
    "checkpoint": 55000,
    "total_predictions": 1000,
    "manchu_word_accuracy": 0.858,
    "roman_word_accuracy": 0.858,
    "manchu_cer": 0.03222277273380213,
    "roman_cer": 0.031824201877413937,
    "manchu_f1_score": 0.9732620616370218,
    "roman_f1_score": 0.9737265641481652,
    "inference_time": 744.9465796947479,
    "frequent_error": {
        "manchu": {
            "ᡥ": 50,
            "ᡡ": 14,
            "ᠨ": 30,
            "ᠠ": 80,
            "ᡴ": 24,
            "ᡳ": 60,
            "ᠮ": 15,
            "ᡝ": 96,
            "ᠩ": 24,
            "ᡤ": 26,
            "ᡠ": 32,
            "ᠯ": 19,
            "ᠪ": 27,
            "ᠴ": 12,
            "ᡩ": 11,
            "ᡵ": 28,
            "ᠰ": 8,
            "ᠣ": 17,
            "ᡧ": 14,
            "ᡦ": 5,
            "ᡯ": 2,
            "ᠸ": 10,
            "ᠵ": 8,
            "ᡨ": 9,
            "ᠶ": 4,
            "ᡶ": 1
        },
        "roman": {
            "H": 49,
            "Ū": 14,
            "N": 54,
            "A": 80,
            "K": 24,
            "I": 62,
            "M": 15,
            "E": 96,
            "G": 30,
            "U": 31,
            "L": 20,
            "B": 26,
            "C": 12,
            "D": 13,
            "R": 28,
            "S": 8,
            "O": 17,
            "Š": 14,
            "P": 5,
            "Z": 2,
            "F": 8,
            "J": 8,
            "T": 9,
            "Y": 5,
            "W": 3
        }
    }
}