{
    "model_name": "qwen-25-7b",
    "checkpoint": 35000,
    "total_predictions": 1000,
    "manchu_word_accuracy": 0.782,
    "roman_word_accuracy": 0.783,
    "manchu_cer": 0.04782661195014138,
    "roman_cer": 0.04797372092561723,
    "manchu_f1_score": 0.9612758019565995,
    "roman_f1_score": 0.961516405657076,
    "inference_time": 745.492199420929,
    "frequent_error": {
        "manchu": {
            "ᡨ": 20,
            "ᡠ": 32,
            "ᡥ": 63,
            "ᡡ": 20,
            "ᠨ": 43,
            "ᠠ": 133,
            "ᡴ": 33,
            "ᡳ": 79,
            "ᠮ": 20,
            "ᡝ": 123,
            "ᠩ": 38,
            "ᡤ": 44,
            "ᡵ": 42,
            "ᠪ": 35,
            "ᡩ": 18,
            "ᠰ": 8,
            "ᠵ": 10,
            "ᠣ": 22,
            "ᡧ": 20,
            "ᠯ": 25,
            "ᡦ": 4,
            "ᡯ": 2,
            "ᠸ": 11,
            "ᠶ": 9,
            "ᠴ": 12,
            "ᡶ": 2
        },
        "roman": {
            "T": 20,
            "U": 34,
            "W": 5,
            "E": 127,
            "B": 35,
            "H": 64,
            "I": 81,
            "Ū": 21,
            "N": 84,
            "A": 137,
            "K": 34,
            "M": 20,
            "G": 68,
            "R": 44,
            "D": 20,
            "S": 8,
            "J": 11,
            "O": 22,
            "Š": 21,
            "L": 26,
            "P": 4,
            "Z": 2,
            "F": 9,
            "Y": 8,
            "C": 13
        }
    }
}