{
    "model_name": "qwen-25-7b",
    "checkpoint": 16000,
    "total_predictions": 1000,
    "manchu_word_accuracy": 0.824,
    "roman_word_accuracy": 0.823,
    "manchu_cer": 0.03746448461669046,
    "roman_cer": 0.03746531307529758,
    "manchu_f1_score": 0.9687490980699817,
    "roman_f1_score": 0.9688551753095939,
    "inference_time": 744.9456105232239,
    "frequent_error": {
        "manchu": {
            "ᡴ": 35,
            "ᡳ": 62,
            "ᡨ": 12,
            "ᠠ": 90,
            "ᠨ": 30,
            "ᠮ": 14,
            "ᡝ": 90,
            "ᠩ": 32,
            "ᡤ": 31,
            "ᡠ": 34,
            "ᡵ": 45,
            "ᡥ": 42,
            "ᠯ": 20,
            "ᡩ": 18,
            "ᡡ": 15,
            "ᠣ": 19,
            "ᠪ": 26,
            "ᡧ": 17,
            "ᡦ": 5,
            "ᡯ": 2,
            "ᠰ": 8,
            "ᠸ": 6,
            "ᠵ": 6,
            "ᠶ": 10,
            "ᡶ": 3,
            "ᠴ": 8
        },
        "roman": {
            "K": 35,
            "I": 66,
            "T": 12,
            "A": 95,
            "N": 64,
            "M": 14,
            "E": 91,
            "G": 45,
            "U": 34,
            "R": 45,
            "H": 44,
            "L": 20,
            "D": 19,
            "Ū": 15,
            "O": 19,
            "B": 26,
            "Š": 18,
            "P": 5,
            "Z": 2,
            "S": 8,
            "F": 8,
            "J": 6,
            "Y": 11,
            "W": 2,
            "C": 9
        }
    }
}