{
    "model_name": "qwen-25-7b",
    "checkpoint": 50000,
    "total_predictions": 218,
    "manchu_word_accuracy": 0.37155963302752293,
    "roman_word_accuracy": 0.37155963302752293,
    "manchu_cer": 0.2787188728702489,
    "roman_cer": 0.27996759866025905,
    "manchu_f1_score": 0.774816196126234,
    "roman_f1_score": 0.7756877051097661,
    "inference_time": 887.334351145893,
    "frequent_error": {
        "manchu": {
            "ᡴ": 11,
            "ᠠ": 98,
            "ᠨ": 37,
            "ᡳ": 51,
            "ᠮ": 12,
            "ᡝ": 20,
            "ᡥ": 16,
            "ᡶ": 4,
            "ᠰ": 8,
            "ᠯ": 8,
            "ᡵ": 11,
            "ᠪ": 27,
            "ᡩ": 18,
            "ᠩ": 8,
            "ᡤ": 8,
            "ᡠ": 9,
            "ᠣ": 18,
            "ᠵ": 12,
            "ᠶ": 6,
            "ᡧ": 3,
            "ᠴ": 9,
            "ᡡ": 3,
            "ᠸ": 3
        },
        "roman": {
            "K": 10,
            "A": 96,
            "N": 45,
            "I": 48,
            "M": 12,
            "E": 21,
            "H": 16,
            "F": 5,
            "S": 10,
            "L": 8,
            "R": 10,
            "B": 27,
            "D": 18,
            "G": 16,
            "U": 9,
            "O": 18,
            "T": 2,
            "J": 12,
            "Y": 6,
            "Š": 3,
            "C": 9,
            "Ū": 3,
            "W": 1
        }
    }
}