{
    "model_name": "qwen-25-7b",
    "checkpoint": 29000,
    "total_predictions": 218,
    "manchu_word_accuracy": 0.27522935779816515,
    "roman_word_accuracy": 0.27522935779816515,
    "manchu_cer": 0.3791084170671328,
    "roman_cer": 0.37800713557594295,
    "manchu_f1_score": 0.7212575874496803,
    "roman_f1_score": 0.7209126132717326,
    "inference_time": 916.3892345690946,
    "frequent_error": {
        "manchu": {
            "ᡥ": 14,
            "ᠠ": 126,
            "ᡶ": 4,
            "ᠪ": 27,
            "ᠣ": 15,
            "ᡳ": 52,
            "ᠯ": 17,
            "ᡴ": 9,
            "ᠨ": 34,
            "ᠩ": 9,
            "ᡤ": 11,
            "ᡵ": 19,
            "ᠴ": 12,
            "ᠵ": 8,
            "ᠰ": 9,
            "ᡠ": 10,
            "ᠸ": 4,
            "ᡝ": 27,
            "ᠮ": 15,
            "ᡩ": 23,
            "ᠶ": 7,
            "ᡧ": 4,
            "ᡨ": 1,
            "ᡮ": 2,
            "ᡡ": 2
        },
        "roman": {
            "H": 13,
            "A": 125,
            "F": 5,
            "B": 27,
            "O": 15,
            "I": 50,
            "L": 17,
            "K": 8,
            "N": 41,
            "G": 19,
            "R": 19,
            "C": 12,
            "J": 7,
            "S": 11,
            "U": 11,
            "W": 2,
            "E": 27,
            "M": 15,
            "D": 23,
            "Y": 7,
            "Š": 4,
            "T": 3,
            "Ū": 2
        }
    }
}