{
    "model_name": "qwen-25-7b",
    "checkpoint": 65000,
    "total_predictions": 1000,
    "manchu_word_accuracy": 0.877,
    "roman_word_accuracy": 0.876,
    "manchu_cer": 0.026326359016800173,
    "roman_cer": 0.026299560978237435,
    "manchu_f1_score": 0.9778508078789969,
    "roman_f1_score": 0.9780316076985517,
    "inference_time": 745.1102497577667,
    "frequent_error": {
        "manchu": {
            "ᡴ": 17,
            "ᡥ": 37,
            "ᡡ": 10,
            "ᠨ": 23,
            "ᠠ": 58,
            "ᡳ": 42,
            "ᠮ": 14,
            "ᡝ": 69,
            "ᡵ": 24,
            "ᡠ": 20,
            "ᠴ": 7,
            "ᠸ": 7,
            "ᡩ": 11,
            "ᠩ": 15,
            "ᡤ": 16,
            "ᠣ": 10,
            "ᠯ": 13,
            "ᡧ": 9,
            "ᡦ": 4,
            "ᡯ": 2,
            "ᠵ": 7,
            "ᠪ": 19,
            "ᠶ": 4,
            "ᡨ": 8,
            "ᠰ": 2,
            "ᡶ": 1
        },
        "roman": {
            "K": 17,
            "H": 37,
            "Ū": 10,
            "N": 39,
            "A": 60,
            "I": 44,
            "M": 14,
            "E": 70,
            "R": 24,
            "U": 20,
            "C": 7,
            "F": 5,
            "D": 13,
            "G": 21,
            "O": 10,
            "L": 14,
            "Š": 9,
            "P": 4,
            "Z": 2,
            "J": 7,
            "B": 19,
            "Y": 5,
            "W": 3,
            "T": 8,
            "S": 2
        }
    }
}