{
    "model_name": "qwen-25-7b",
    "checkpoint": 62000,
    "total_predictions": 1000,
    "manchu_word_accuracy": 0.861,
    "roman_word_accuracy": 0.86,
    "manchu_cer": 0.028652419067860226,
    "roman_cer": 0.028539540443216903,
    "manchu_f1_score": 0.9755842735690802,
    "roman_f1_score": 0.9758297901730528,
    "inference_time": 744.8174831867218,
    "frequent_error": {
        "manchu": {
            "ᡴ": 19,
            "ᡥ": 42,
            "ᡡ": 10,
            "ᠨ": 24,
            "ᠣ": 21,
            "ᠠ": 68,
            "ᡳ": 48,
            "ᠮ": 14,
            "ᡝ": 74,
            "ᡵ": 26,
            "ᡠ": 24,
            "ᠴ": 10,
            "ᠸ": 7,
            "ᡩ": 10,
            "ᠩ": 18,
            "ᡤ": 19,
            "ᠯ": 15,
            "ᡧ": 12,
            "ᡦ": 4,
            "ᡯ": 2,
            "ᠵ": 5,
            "ᡶ": 2,
            "ᡨ": 12,
            "ᠪ": 22,
            "ᠰ": 4,
            "ᠶ": 4
        },
        "roman": {
            "K": 19,
            "H": 42,
            "Ū": 10,
            "N": 43,
            "O": 21,
            "A": 70,
            "I": 50,
            "M": 14,
            "E": 75,
            "R": 26,
            "U": 24,
            "C": 10,
            "F": 6,
            "D": 12,
            "G": 28,
            "L": 16,
            "Š": 12,
            "P": 4,
            "Z": 2,
            "J": 5,
            "T": 12,
            "B": 22,
            "S": 4,
            "Y": 5,
            "W": 3
        }
    }
}