{
    "model_name": "qwen-25-7b",
    "checkpoint": 61000,
    "total_predictions": 1000,
    "manchu_word_accuracy": 0.868,
    "roman_word_accuracy": 0.868,
    "manchu_cer": 0.02704204733175319,
    "roman_cer": 0.02699709903959128,
    "manchu_f1_score": 0.9770325804944089,
    "roman_f1_score": 0.9772797112573005,
    "inference_time": 745.0874724388123,
    "frequent_error": {
        "manchu": {
            "ᡴ": 19,
            "ᡥ": 45,
            "ᡡ": 9,
            "ᠨ": 24,
            "ᠠ": 64,
            "ᡳ": 48,
            "ᠮ": 13,
            "ᡝ": 72,
            "ᡵ": 22,
            "ᡠ": 25,
            "ᠴ": 10,
            "ᡩ": 11,
            "ᠩ": 18,
            "ᡤ": 18,
            "ᠣ": 12,
            "ᠯ": 16,
            "ᡧ": 8,
            "ᡦ": 4,
            "ᡯ": 2,
            "ᠵ": 6,
            "ᡶ": 2,
            "ᡨ": 11,
            "ᠪ": 22,
            "ᠸ": 5,
            "ᠰ": 5,
            "ᠶ": 6
        },
        "roman": {
            "K": 19,
            "H": 45,
            "Ū": 9,
            "N": 44,
            "A": 67,
            "I": 51,
            "M": 13,
            "E": 73,
            "R": 22,
            "U": 24,
            "C": 11,
            "D": 13,
            "G": 26,
            "O": 12,
            "L": 17,
            "Š": 9,
            "P": 4,
            "Z": 2,
            "J": 6,
            "F": 5,
            "T": 11,
            "B": 21,
            "S": 5,
            "Y": 7,
            "W": 2
        }
    }
}