{
    "model_name": "qwen-25-7b",
    "checkpoint": 35000,
    "total_predictions": 218,
    "manchu_word_accuracy": 0.3073394495412844,
    "roman_word_accuracy": 0.3073394495412844,
    "manchu_cer": 0.3449559487403525,
    "roman_cer": 0.34304099315567205,
    "manchu_f1_score": 0.7253305098690959,
    "roman_f1_score": 0.7275360515241789,
    "inference_time": 894.3869137982709,
    "frequent_error": {
        "manchu": {
            "ᠠ": 123,
            "ᠪ": 34,
            "ᡠ": 10,
            "ᡥ": 16,
            "ᠨ": 31,
            "ᡳ": 56,
            "ᠶ": 8,
            "ᠯ": 13,
            "ᠸ": 9,
            "ᠴ": 12,
            "ᠰ": 11,
            "ᡴ": 13,
            "ᠣ": 20,
            "ᡵ": 12,
            "ᡩ": 13,
            "ᠮ": 16,
            "ᠩ": 8,
            "ᡤ": 10,
            "ᡶ": 3,
            "ᠵ": 12,
            "ᡝ": 25,
            "ᡮ": 2,
            "ᡡ": 4,
            "ᡨ": 2,
            "ᡧ": 3
        },
        "roman": {
            "A": 120,
            "B": 34,
            "U": 11,
            "H": 16,
            "N": 39,
            "I": 54,
            "Y": 8,
            "L": 13,
            "F": 10,
            "C": 12,
            "S": 13,
            "K": 12,
            "O": 20,
            "R": 11,
            "D": 13,
            "M": 16,
            "G": 17,
            "J": 12,
            "E": 25,
            "T": 4,
            "Ū": 4,
            "Š": 3,
            "W": 1
        }
    }
}