{
    "model_name": "qwen-25-7b",
    "checkpoint": 42000,
    "total_predictions": 1000,
    "manchu_word_accuracy": 0.799,
    "roman_word_accuracy": 0.799,
    "manchu_cer": 0.044381604016898155,
    "roman_cer": 0.043957694730450164,
    "manchu_f1_score": 0.9627102941522637,
    "roman_f1_score": 0.9632907839398631,
    "inference_time": 743.9674780368805,
    "frequent_error": {
        "manchu": {
            "ᠠ": 140,
            "ᡴ": 30,
            "ᡳ": 83,
            "ᠨ": 43,
            "ᠰ": 10,
            "ᠮ": 18,
            "ᡝ": 119,
            "ᠩ": 37,
            "ᡤ": 38,
            "ᡥ": 69,
            "ᡡ": 23,
            "ᠴ": 23,
            "ᡩ": 18,
            "ᡠ": 35,
            "ᠯ": 23,
            "ᠪ": 27,
            "ᠸ": 17,
            "ᡧ": 18,
            "ᡨ": 20,
            "ᠣ": 17,
            "ᡵ": 34,
            "ᠵ": 18,
            "ᡦ": 5,
            "ᡯ": 2,
            "ᡶ": 3,
            "ᠶ": 14
        },
        "roman": {
            "A": 145,
            "K": 30,
            "I": 85,
            "N": 83,
            "S": 10,
            "M": 18,
            "E": 121,
            "G": 55,
            "H": 71,
            "Ū": 23,
            "C": 22,
            "D": 20,
            "U": 35,
            "L": 27,
            "B": 28,
            "W": 4,
            "Š": 18,
            "F": 17,
            "T": 20,
            "O": 19,
            "R": 34,
            "J": 18,
            "P": 5,
            "Z": 2,
            "Y": 15
        }
    }
}