{
    "model_name": "qwen-25-7b",
    "checkpoint": 22500,
    "total_predictions": 1000,
    "manchu_word_accuracy": 0.859,
    "roman_word_accuracy": 0.858,
    "manchu_cer": 0.030933318560524423,
    "roman_cer": 0.030981690776543697,
    "manchu_f1_score": 0.9743368427477314,
    "roman_f1_score": 0.9743826659941446,
    "inference_time": 745.1984171867371,
    "frequent_error": {
        "manchu": {
            "ᡨ": 12,
            "ᠮ": 13,
            "ᡝ": 78,
            "ᠩ": 25,
            "ᡤ": 27,
            "ᡠ": 24,
            "ᡵ": 33,
            "ᠯ": 12,
            "ᡴ": 24,
            "ᡩ": 14,
            "ᠨ": 23,
            "ᠠ": 67,
            "ᡡ": 14,
            "ᡳ": 44,
            "ᠵ": 6,
            "ᠣ": 15,
            "ᡧ": 14,
            "ᡥ": 37,
            "ᡯ": 2,
            "ᠸ": 6,
            "ᠪ": 20,
            "ᡦ": 4,
            "ᠰ": 6,
            "ᠶ": 11,
            "ᠴ": 8
        },
        "roman": {
            "T": 12,
            "M": 13,
            "E": 77,
            "N": 49,
            "G": 38,
            "U": 23,
            "R": 32,
            "L": 12,
            "K": 23,
            "D": 15,
            "A": 71,
            "Ū": 13,
            "I": 49,
            "J": 6,
            "O": 15,
            "Š": 15,
            "H": 38,
            "Z": 2,
            "F": 4,
            "B": 20,
            "P": 4,
            "S": 6,
            "Y": 12,
            "W": 2,
            "C": 9
        }
    }
}