{
    "model_name": "qwen-25-7b",
    "checkpoint": 47000,
    "total_predictions": 1000,
    "manchu_word_accuracy": 0.811,
    "roman_word_accuracy": 0.81,
    "manchu_cer": 0.04176285250697016,
    "roman_cer": 0.041679191946684215,
    "manchu_f1_score": 0.9655582822296721,
    "roman_f1_score": 0.9658945075064478,
    "inference_time": 743.187130689621,
    "frequent_error": {
        "manchu": {
            "ᡥ": 64,
            "ᡴ": 30,
            "ᡳ": 73,
            "ᠣ": 24,
            "ᠩ": 34,
            "ᡤ": 38,
            "ᡝ": 124,
            "ᡡ": 21,
            "ᠨ": 34,
            "ᠠ": 106,
            "ᠮ": 15,
            "ᡵ": 45,
            "ᡨ": 17,
            "ᠪ": 33,
            "ᡠ": 46,
            "ᠯ": 27,
            "ᠴ": 15,
            "ᡩ": 22,
            "ᠰ": 8,
            "ᡧ": 14,
            "ᡦ": 4,
            "ᡯ": 2,
            "ᠵ": 11,
            "ᠸ": 7,
            "ᠶ": 9,
            "ᡶ": 3
        },
        "roman": {
            "H": 64,
            "K": 30,
            "I": 75,
            "O": 24,
            "N": 68,
            "G": 51,
            "E": 125,
            "Ū": 21,
            "A": 107,
            "M": 15,
            "R": 45,
            "T": 17,
            "B": 32,
            "U": 46,
            "L": 28,
            "C": 15,
            "D": 24,
            "S": 8,
            "Š": 14,
            "P": 4,
            "F": 9,
            "Z": 2,
            "J": 11,
            "Y": 10,
            "W": 3
        }
    }
}