{
    "model_name": "qwen-25-7b",
    "checkpoint": 58000,
    "total_predictions": 218,
    "manchu_word_accuracy": 0.3669724770642202,
    "roman_word_accuracy": 0.3669724770642202,
    "manchu_cer": 0.2860637833114897,
    "roman_cer": 0.2878695208970438,
    "manchu_f1_score": 0.7655256478246225,
    "roman_f1_score": 0.7664638278912429,
    "inference_time": 884.4004005467126,
    "frequent_error": {
        "manchu": {
            "ᠨ": 35,
            "ᠵ": 10,
            "ᡳ": 51,
            "ᠮ": 14,
            "ᡝ": 20,
            "ᠠ": 101,
            "ᡥ": 20,
            "ᠰ": 8,
            "ᠪ": 26,
            "ᡠ": 9,
            "ᠩ": 7,
            "ᠸ": 3,
            "ᡧ": 4,
            "ᡤ": 8,
            "ᡵ": 9,
            "ᠣ": 14,
            "ᠴ": 8,
            "ᡶ": 3,
            "ᡴ": 9,
            "ᡡ": 2,
            "ᡩ": 18,
            "ᠶ": 6,
            "ᠯ": 9
        },
        "roman": {
            "N": 42,
            "J": 10,
            "I": 48,
            "M": 14,
            "E": 20,
            "A": 99,
            "H": 20,
            "S": 10,
            "B": 26,
            "U": 10,
            "G": 15,
            "F": 4,
            "Š": 4,
            "O": 14,
            "C": 8,
            "R": 8,
            "K": 8,
            "Ū": 2,
            "D": 18,
            "T": 2,
            "Y": 6,
            "L": 9,
            "W": 1
        }
    }
}