{
    "model_name": "qwen-25-7b",
    "checkpoint": 69000,
    "total_predictions": 1000,
    "manchu_word_accuracy": 0.873,
    "roman_word_accuracy": 0.872,
    "manchu_cer": 0.027424541389982543,
    "roman_cer": 0.02737863468231114,
    "manchu_f1_score": 0.9770063695286763,
    "roman_f1_score": 0.9772084207660343,
    "inference_time": 745.0124461650848,
    "frequent_error": {
        "manchu": {
            "ᡴ": 17,
            "ᡥ": 41,
            "ᡡ": 10,
            "ᠨ": 24,
            "ᠠ": 60,
            "ᡳ": 45,
            "ᠮ": 15,
            "ᡝ": 76,
            "ᡵ": 23,
            "ᡠ": 21,
            "ᠴ": 7,
            "ᠸ": 7,
            "ᡩ": 11,
            "ᠩ": 15,
            "ᡤ": 16,
            "ᠣ": 16,
            "ᠯ": 13,
            "ᡧ": 9,
            "ᡦ": 4,
            "ᡯ": 2,
            "ᠵ": 6,
            "ᠪ": 22,
            "ᠰ": 4,
            "ᠶ": 4,
            "ᡨ": 10,
            "ᡶ": 1
        },
        "roman": {
            "K": 17,
            "H": 41,
            "Ū": 10,
            "N": 40,
            "A": 62,
            "I": 47,
            "M": 15,
            "E": 77,
            "R": 23,
            "U": 21,
            "C": 7,
            "F": 5,
            "D": 13,
            "G": 21,
            "O": 16,
            "L": 14,
            "Š": 9,
            "P": 4,
            "Z": 2,
            "J": 6,
            "B": 22,
            "S": 4,
            "Y": 5,
            "W": 3,
            "T": 10
        }
    }
}