{
    "model_name": "qwen-25-7b",
    "checkpoint": 9000,
    "total_predictions": 218,
    "manchu_word_accuracy": 0.22935779816513763,
    "roman_word_accuracy": 0.22935779816513763,
    "manchu_cer": 0.4202908839376729,
    "roman_cer": 0.41197955968598177,
    "manchu_f1_score": 0.6852868072444438,
    "roman_f1_score": 0.6890698061906915,
    "inference_time": 919.310445085578,
    "frequent_error": {
        "manchu": {
            "ᠠ": 149,
            "ᡥ": 16,
            "ᠨ": 33,
            "ᠵ": 11,
            "ᡳ": 66,
            "ᠮ": 21,
            "ᡝ": 29,
            "ᡵ": 17,
            "ᠪ": 32,
            "ᠣ": 18,
            "ᠯ": 16,
            "ᠰ": 14,
            "ᡠ": 13,
            "ᡴ": 11,
            "ᡩ": 19,
            "ᠩ": 7,
            "ᠴ": 14,
            "ᡡ": 3,
            "ᡧ": 3,
            "ᡤ": 8,
            "ᡶ": 5,
            "ᡮ": 2,
            "ᠶ": 8,
            "ᠸ": 7,
            "ᡨ": 1
        },
        "roman": {
            "A": 150,
            "H": 17,
            "N": 40,
            "J": 10,
            "I": 63,
            "M": 21,
            "E": 30,
            "R": 17,
            "B": 32,
            "O": 18,
            "L": 15,
            "S": 16,
            "U": 14,
            "K": 10,
            "D": 19,
            "G": 15,
            "C": 14,
            "Ū": 3,
            "Š": 3,
            "F": 8,
            "T": 3,
            "Y": 8,
            "W": 1
        }
    }
}