{
    "model_name": "qwen-25-7b",
    "checkpoint": 52000,
    "total_predictions": 218,
    "manchu_word_accuracy": 0.3532110091743119,
    "roman_word_accuracy": 0.3532110091743119,
    "manchu_cer": 0.31014453181884377,
    "roman_cer": 0.3101590942187273,
    "manchu_f1_score": 0.7606182897872049,
    "roman_f1_score": 0.761820655209754,
    "inference_time": 897.430139944094,
    "frequent_error": {
        "manchu": {
            "ᡳ": 53,
            "ᡤ": 7,
            "ᠠ": 105,
            "ᠨ": 35,
            "ᠣ": 18,
            "ᠮ": 16,
            "ᡝ": 22,
            "ᠰ": 9,
            "ᠩ": 7,
            "ᡵ": 11,
            "ᡶ": 3,
            "ᡩ": 17,
            "ᡠ": 9,
            "ᠸ": 3,
            "ᠴ": 12,
            "ᠪ": 20,
            "ᡴ": 12,
            "ᡧ": 3,
            "ᡡ": 4,
            "ᡥ": 18,
            "ᠯ": 8,
            "ᡮ": 2,
            "ᠵ": 8,
            "ᠶ": 6
        },
        "roman": {
            "I": 51,
            "G": 14,
            "A": 101,
            "N": 41,
            "O": 18,
            "M": 16,
            "E": 22,
            "S": 11,
            "D": 17,
            "U": 10,
            "W": 1,
            "C": 12,
            "B": 20,
            "K": 12,
            "Š": 3,
            "R": 10,
            "Ū": 4,
            "H": 18,
            "L": 8,
            "T": 2,
            "Y": 6,
            "F": 4,
            "J": 6
        }
    }
}