{
    "model_name": "qwen-25-7b",
    "checkpoint": 17000,
    "total_predictions": 218,
    "manchu_word_accuracy": 0.3486238532110092,
    "roman_word_accuracy": 0.3486238532110092,
    "manchu_cer": 0.3119684724042524,
    "roman_cer": 0.30971312072229507,
    "manchu_f1_score": 0.7577240667229874,
    "roman_f1_score": 0.7580701963967366,
    "inference_time": 896.7908555214558,
    "frequent_error": {
        "manchu": {
            "ᠠ": 127,
            "ᡥ": 12,
            "ᡧ": 4,
            "ᡵ": 14,
            "ᡴ": 8,
            "ᡡ": 2,
            "ᡝ": 25,
            "ᡤ": 9,
            "ᠮ": 20,
            "ᠸ": 5,
            "ᡠ": 12,
            "ᠣ": 16,
            "ᡳ": 49,
            "ᠨ": 36,
            "ᠰ": 9,
            "ᠴ": 11,
            "ᠯ": 12,
            "ᠪ": 21,
            "ᡩ": 16,
            "ᠵ": 9,
            "ᠶ": 6,
            "ᠩ": 8,
            "ᡶ": 5
        },
        "roman": {
            "A": 125,
            "H": 12,
            "Š": 4,
            "R": 13,
            "K": 7,
            "Ū": 2,
            "E": 26,
            "G": 16,
            "M": 20,
            "F": 8,
            "U": 12,
            "O": 16,
            "I": 47,
            "N": 43,
            "S": 11,
            "C": 11,
            "L": 12,
            "B": 21,
            "D": 16,
            "J": 9,
            "T": 2,
            "Y": 6,
            "W": 1
        }
    }
}