{
    "model_name": "qwen-25-7b",
    "checkpoint": 26000,
    "total_predictions": 218,
    "manchu_word_accuracy": 0.3211009174311927,
    "roman_word_accuracy": 0.3211009174311927,
    "manchu_cer": 0.3643858307849133,
    "roman_cer": 0.3651722003786224,
    "manchu_f1_score": 0.7498215150326237,
    "roman_f1_score": 0.7465649816095041,
    "inference_time": 921.8840095974983,
    "frequent_error": {
        "manchu": {
            "ᠪ": 17,
            "ᠣ": 20,
            "ᠠ": 120,
            "ᠯ": 13,
            "ᡥ": 21,
            "ᠴ": 14,
            "ᡠ": 8,
            "ᡩ": 20,
            "ᡝ": 22,
            "ᠮ": 20,
            "ᡳ": 46,
            "ᠶ": 8,
            "ᠵ": 8,
            "ᠩ": 8,
            "ᡶ": 5,
            "ᠨ": 35,
            "ᠰ": 10,
            "ᡡ": 4,
            "ᡴ": 8,
            "ᡤ": 9,
            "ᡨ": 2,
            "ᡵ": 13,
            "ᡧ": 6,
            "ᠸ": 3
        },
        "roman": {
            "B": 17,
            "O": 20,
            "A": 123,
            "L": 13,
            "H": 22,
            "C": 14,
            "U": 9,
            "D": 20,
            "E": 22,
            "M": 20,
            "I": 45,
            "Y": 8,
            "T": 4,
            "S": 12,
            "N": 43,
            "J": 8,
            "F": 7,
            "Ū": 4,
            "K": 7,
            "G": 14,
            "R": 13,
            "Š": 6
        }
    }
}