{
    "model_name": "qwen-25-7b",
    "checkpoint": 5000,
    "total_predictions": 218,
    "manchu_word_accuracy": 0.1651376146788991,
    "roman_word_accuracy": 0.1651376146788991,
    "manchu_cer": 0.439966506480268,
    "roman_cer": 0.4411314984709481,
    "manchu_f1_score": 0.6770380673173437,
    "roman_f1_score": 0.6785630814147867,
    "inference_time": 925.1017351762964,
    "frequent_error": {
        "manchu": {
            "ᡤ": 10,
            "ᠣ": 25,
            "ᠰ": 10,
            "ᡳ": 72,
            "ᠮ": 22,
            "ᡝ": 33,
            "ᠠ": 160,
            "ᠨ": 37,
            "ᡵ": 21,
            "ᠸ": 7,
            "ᠯ": 15,
            "ᠴ": 13,
            "ᠵ": 13,
            "ᠪ": 38,
            "ᡥ": 15,
            "ᡠ": 9,
            "ᡩ": 27,
            "ᡴ": 15,
            "ᠶ": 7,
            "ᡡ": 4,
            "ᡨ": 1,
            "ᠩ": 9,
            "ᡶ": 5,
            "ᡧ": 6,
            "ᡮ": 2
        },
        "roman": {
            "G": 18,
            "O": 25,
            "S": 12,
            "I": 73,
            "M": 22,
            "E": 33,
            "A": 160,
            "N": 47,
            "R": 21,
            "F": 9,
            "L": 15,
            "C": 13,
            "J": 13,
            "W": 1,
            "B": 38,
            "H": 15,
            "U": 10,
            "D": 27,
            "K": 15,
            "Y": 7,
            "Ū": 4,
            "T": 3,
            "Š": 6
        }
    }
}