{
    "model_name": "qwen-25-7b",
    "checkpoint": 14000,
    "total_predictions": 1000,
    "manchu_word_accuracy": 0.787,
    "roman_word_accuracy": 0.786,
    "manchu_cer": 0.04641753891533307,
    "roman_cer": 0.046766616347189136,
    "manchu_f1_score": 0.961510849325876,
    "roman_f1_score": 0.9614196743514605,
    "inference_time": 743.2878570556641,
    "frequent_error": {
        "manchu": {
            "ᡴ": 45,
            "ᡳ": 81,
            "ᡥ": 60,
            "ᠣ": 24,
            "ᠩ": 41,
            "ᡤ": 39,
            "ᡝ": 119,
            "ᡨ": 20,
            "ᠠ": 120,
            "ᠨ": 46,
            "ᠪ": 29,
            "ᠯ": 26,
            "ᡠ": 38,
            "ᡡ": 21,
            "ᡵ": 43,
            "ᠴ": 15,
            "ᡩ": 24,
            "ᠸ": 8,
            "ᠵ": 9,
            "ᠮ": 16,
            "ᡧ": 14,
            "ᡦ": 6,
            "ᡯ": 2,
            "ᠰ": 12,
            "ᠶ": 11,
            "ᡶ": 3
        },
        "roman": {
            "K": 44,
            "I": 83,
            "H": 59,
            "O": 24,
            "N": 87,
            "G": 56,
            "E": 122,
            "T": 22,
            "A": 122,
            "B": 30,
            "L": 27,
            "U": 39,
            "Ū": 20,
            "R": 44,
            "C": 16,
            "D": 25,
            "F": 10,
            "J": 10,
            "M": 17,
            "Š": 15,
            "P": 6,
            "Z": 2,
            "S": 12,
            "Y": 11,
            "W": 2
        }
    }
}