{
    "model_name": "qwen-25-7b",
    "checkpoint": 15000,
    "total_predictions": 218,
    "manchu_word_accuracy": 0.29357798165137616,
    "roman_word_accuracy": 0.29357798165137616,
    "manchu_cer": 0.3553971894568224,
    "roman_cer": 0.3513033347895733,
    "manchu_f1_score": 0.7250231869228089,
    "roman_f1_score": 0.7241045337105779,
    "inference_time": 906.0234804765894,
    "frequent_error": {
        "manchu": {
            "ᠨ": 28,
            "ᠴ": 15,
            "ᡳ": 41,
            "ᠯ": 14,
            "ᡴ": 10,
            "ᠠ": 135,
            "ᡩ": 22,
            "ᡠ": 10,
            "ᡤ": 7,
            "ᡥ": 12,
            "ᠮ": 20,
            "ᠪ": 28,
            "ᠩ": 8,
            "ᡝ": 27,
            "ᡶ": 6,
            "ᠣ": 18,
            "ᡧ": 5,
            "ᡵ": 19,
            "ᡡ": 2,
            "ᠸ": 5,
            "ᠵ": 7,
            "ᠶ": 8,
            "ᠰ": 6,
            "ᡨ": 1
        },
        "roman": {
            "N": 39,
            "C": 15,
            "I": 40,
            "L": 13,
            "K": 9,
            "A": 135,
            "D": 22,
            "U": 11,
            "G": 14,
            "H": 12,
            "M": 20,
            "B": 28,
            "E": 28,
            "F": 9,
            "O": 18,
            "Š": 5,
            "R": 19,
            "Ū": 2,
            "J": 7,
            "Y": 8,
            "T": 3,
            "S": 8
        }
    }
}