{
    "model_name": "qwen-25-7b",
    "checkpoint": 13000,
    "total_predictions": 218,
    "manchu_word_accuracy": 0.24770642201834864,
    "roman_word_accuracy": 0.24311926605504589,
    "manchu_cer": 0.3831057958351538,
    "roman_cer": 0.38278045858321114,
    "manchu_f1_score": 0.7188595905204112,
    "roman_f1_score": 0.7175651535608365,
    "inference_time": 923.9864371238499,
    "frequent_error": {
        "manchu": {
            "ᠠ": 138,
            "ᠴ": 13,
            "ᠪ": 22,
            "ᡠ": 10,
            "ᠮ": 22,
            "ᡝ": 32,
            "ᠶ": 8,
            "ᡤ": 12,
            "ᡳ": 57,
            "ᠣ": 18,
            "ᡩ": 18,
            "ᠯ": 11,
            "ᠸ": 7,
            "ᡵ": 15,
            "ᡴ": 6,
            "ᠨ": 36,
            "ᡶ": 6,
            "ᠰ": 14,
            "ᡥ": 18,
            "ᡨ": 1,
            "ᡡ": 2,
            "ᠵ": 10,
            "ᠩ": 10,
            "ᡧ": 2
        },
        "roman": {
            "A": 139,
            "C": 13,
            "B": 22,
            "U": 10,
            "M": 22,
            "E": 32,
            "Y": 8,
            "G": 21,
            "I": 56,
            "O": 19,
            "D": 18,
            "L": 11,
            "W": 2,
            "R": 15,
            "K": 8,
            "N": 46,
            "S": 16,
            "H": 18,
            "T": 3,
            "F": 8,
            "Ū": 2,
            "J": 10,
            "Š": 2
        }
    }
}