{
    "model_name": "qwen-25-7b",
    "checkpoint": 38000,
    "total_predictions": 218,
    "manchu_word_accuracy": 0.3211009174311927,
    "roman_word_accuracy": 0.3211009174311927,
    "manchu_cer": 0.3100917431192662,
    "roman_cer": 0.31436762778505906,
    "manchu_f1_score": 0.7609797133070202,
    "roman_f1_score": 0.7574891641607775,
    "inference_time": 901.1531357371479,
    "frequent_error": {
        "manchu": {
            "ᡳ": 53,
            "ᠣ": 17,
            "ᡥ": 20,
            "ᠨ": 37,
            "ᠠ": 114,
            "ᡵ": 15,
            "ᠸ": 2,
            "ᠪ": 32,
            "ᠯ": 9,
            "ᠮ": 16,
            "ᡝ": 24,
            "ᡩ": 17,
            "ᠴ": 12,
            "ᠰ": 8,
            "ᡧ": 3,
            "ᡠ": 9,
            "ᠵ": 10,
            "ᡴ": 10,
            "ᠶ": 8,
            "ᡶ": 5,
            "ᠩ": 8,
            "ᡤ": 8,
            "ᡡ": 3
        },
        "roman": {
            "I": 52,
            "O": 17,
            "H": 22,
            "N": 44,
            "A": 118,
            "R": 14,
            "F": 6,
            "B": 33,
            "L": 9,
            "M": 17,
            "E": 23,
            "D": 17,
            "C": 12,
            "S": 10,
            "Š": 3,
            "U": 7,
            "J": 10,
            "K": 9,
            "Y": 8,
            "G": 15,
            "T": 2,
            "Ū": 3
        }
    }
}