{
    "model_name": "qwen-25-7b",
    "checkpoint": 7000,
    "total_predictions": 1000,
    "manchu_word_accuracy": 0.628,
    "roman_word_accuracy": 0.622,
    "manchu_cer": 0.08988297135870682,
    "roman_cer": 0.09131396118071831,
    "manchu_f1_score": 0.9298034193460488,
    "roman_f1_score": 0.9294249701777668,
    "inference_time": 749.0381462574005,
    "frequent_error": {
        "manchu": {
            "ᡴ": 68,
            "ᡨ": 39,
            "ᠠ": 225,
            "ᡧ": 33,
            "ᠣ": 76,
            "ᠵ": 31,
            "ᡥ": 114,
            "ᠨ": 78,
            "ᠮ": 41,
            "ᠪ": 74,
            "ᡳ": 174,
            "ᡡ": 41,
            "ᡩ": 26,
            "ᡠ": 74,
            "ᠩ": 61,
            "ᡤ": 64,
            "ᠯ": 57,
            "ᠰ": 13,
            "ᡝ": 178,
            "ᡵ": 54,
            "ᠴ": 31,
            "ᠸ": 16,
            "ᡶ": 4,
            "ᡦ": 7,
            "ᡯ": 2,
            "ᠶ": 13
        },
        "roman": {
            "K": 72,
            "T": 42,
            "A": 242,
            "Š": 33,
            "O": 78,
            "L": 61,
            "J": 33,
            "H": 120,
            "N": 149,
            "M": 45,
            "B": 80,
            "I": 181,
            "Ū": 46,
            "D": 31,
            "U": 82,
            "G": 101,
            "S": 14,
            "F": 17,
            "E": 186,
            "R": 58,
            "C": 31,
            "W": 6,
            "P": 7,
            "Z": 2,
            "Y": 13
        }
    }
}