{
    "model_name": "qwen-25-7b",
    "checkpoint": 18000,
    "total_predictions": 218,
    "manchu_word_accuracy": 0.3256880733944954,
    "roman_word_accuracy": 0.3256880733944954,
    "manchu_cer": 0.3421454055628368,
    "roman_cer": 0.33663353720693173,
    "manchu_f1_score": 0.7333630346987073,
    "roman_f1_score": 0.7353546496660797,
    "inference_time": 901.296647316819,
    "frequent_error": {
        "manchu": {
            "ᠠ": 120,
            "ᡳ": 52,
            "ᠨ": 33,
            "ᡠ": 10,
            "ᠪ": 30,
            "ᠮ": 17,
            "ᠴ": 13,
            "ᠵ": 8,
            "ᠸ": 5,
            "ᡝ": 23,
            "ᠣ": 16,
            "ᡵ": 10,
            "ᠰ": 9,
            "ᡥ": 12,
            "ᡶ": 5,
            "ᡩ": 19,
            "ᡤ": 10,
            "ᡴ": 10,
            "ᠯ": 13,
            "ᠶ": 7,
            "ᡧ": 2,
            "ᠩ": 9,
            "ᡡ": 1,
            "ᡨ": 1,
            "ᡮ": 2
        },
        "roman": {
            "A": 116,
            "I": 53,
            "N": 41,
            "U": 10,
            "B": 31,
            "M": 18,
            "C": 13,
            "J": 8,
            "F": 8,
            "E": 24,
            "O": 16,
            "R": 9,
            "S": 11,
            "H": 12,
            "D": 19,
            "G": 19,
            "K": 9,
            "L": 13,
            "Y": 7,
            "Š": 2,
            "Ū": 1,
            "T": 3,
            "W": 1
        }
    }
}