{
    "model_name": "qwen-25-7b",
    "checkpoint": 44000,
    "total_predictions": 218,
    "manchu_word_accuracy": 0.2981651376146789,
    "roman_word_accuracy": 0.2981651376146789,
    "manchu_cer": 0.32892638706858907,
    "roman_cer": 0.3290283238677735,
    "manchu_f1_score": 0.7493038689139607,
    "roman_f1_score": 0.7481545631728833,
    "inference_time": 894.0138641847383,
    "frequent_error": {
        "manchu": {
            "ᡩ": 17,
            "ᠣ": 20,
            "ᠨ": 38,
            "ᠵ": 11,
            "ᡳ": 59,
            "ᡥ": 17,
            "ᠠ": 121,
            "ᠮ": 21,
            "ᠪ": 24,
            "ᡝ": 27,
            "ᠶ": 7,
            "ᡴ": 11,
            "ᡶ": 4,
            "ᡧ": 4,
            "ᡠ": 10,
            "ᡵ": 17,
            "ᠴ": 10,
            "ᠩ": 8,
            "ᡤ": 9,
            "ᠰ": 10,
            "ᠯ": 11,
            "ᡡ": 2,
            "ᠸ": 5,
            "ᡮ": 2
        },
        "roman": {
            "D": 16,
            "O": 20,
            "N": 45,
            "J": 11,
            "I": 57,
            "H": 19,
            "A": 121,
            "M": 21,
            "B": 24,
            "E": 27,
            "Y": 7,
            "K": 10,
            "Š": 4,
            "U": 10,
            "R": 16,
            "C": 10,
            "G": 16,
            "F": 7,
            "S": 12,
            "L": 11,
            "Ū": 2,
            "T": 2,
            "W": 1
        }
    }
}