{
    "model_name": "qwen-25-7b",
    "checkpoint": 19000,
    "total_predictions": 218,
    "manchu_word_accuracy": 0.3302752293577982,
    "roman_word_accuracy": 0.3302752293577982,
    "manchu_cer": 0.3103957332168341,
    "roman_cer": 0.30710099024319204,
    "manchu_f1_score": 0.756188819275705,
    "roman_f1_score": 0.757701511145428,
    "inference_time": 894.9992711390925,
    "frequent_error": {
        "manchu": {
            "ᡡ": 3,
            "ᠨ": 35,
            "ᡝ": 22,
            "ᠩ": 8,
            "ᡤ": 8,
            "ᡠ": 9,
            "ᠵ": 9,
            "ᠠ": 130,
            "ᡳ": 54,
            "ᠶ": 8,
            "ᠴ": 13,
            "ᡥ": 12,
            "ᡴ": 11,
            "ᡩ": 19,
            "ᡶ": 4,
            "ᡧ": 4,
            "ᠮ": 20,
            "ᠣ": 16,
            "ᠯ": 13,
            "ᠰ": 9,
            "ᠪ": 22,
            "ᠸ": 4,
            "ᡵ": 13,
            "ᡮ": 2
        },
        "roman": {
            "Ū": 3,
            "N": 42,
            "E": 23,
            "G": 16,
            "U": 9,
            "J": 9,
            "A": 126,
            "I": 52,
            "Y": 8,
            "C": 13,
            "H": 12,
            "K": 10,
            "D": 19,
            "Š": 4,
            "M": 20,
            "O": 16,
            "L": 13,
            "S": 11,
            "B": 22,
            "F": 7,
            "R": 12,
            "T": 2
        }
    }
}