{
    "model_name": "qwen-25-7b",
    "checkpoint": 4000,
    "total_predictions": 1000,
    "manchu_word_accuracy": 0.479,
    "roman_word_accuracy": 0.475,
    "manchu_cer": 0.14055761713776443,
    "roman_cer": 0.14059952126476913,
    "manchu_f1_score": 0.888719957873634,
    "roman_f1_score": 0.8888769165458199,
    "inference_time": 748.9878799915314,
    "frequent_error": {
        "manchu": {
            "ᡨ": 67,
            "ᠠ": 354,
            "ᡳ": 279,
            "ᠵ": 41,
            "ᡧ": 44,
            "ᡤ": 92,
            "ᡵ": 107,
            "ᠸ": 37,
            "ᠣ": 49,
            "ᠯ": 93,
            "ᡥ": 168,
            "ᠶ": 19,
            "ᠪ": 101,
            "ᡝ": 295,
            "ᠨ": 94,
            "ᠩ": 84,
            "ᠰ": 30,
            "ᡴ": 144,
            "ᡡ": 68,
            "ᠮ": 44,
            "ᡩ": 37,
            "ᡠ": 120,
            "ᠴ": 38,
            "ᡶ": 11,
            "ᡦ": 7,
            "ᡯ": 2
        },
        "roman": {
            "T": 69,
            "A": 363,
            "I": 286,
            "J": 41,
            "Š": 47,
            "G": 144,
            "R": 109,
            "F": 37,
            "O": 51,
            "L": 95,
            "H": 174,
            "Y": 20,
            "B": 106,
            "E": 296,
            "N": 180,
            "S": 29,
            "K": 143,
            "Ū": 68,
            "W": 12,
            "M": 45,
            "U": 122,
            "D": 39,
            "C": 40,
            "P": 7,
            "Z": 2
        }
    }
}