{
    "model_name": "qwen-25-7b",
    "checkpoint": 73000,
    "total_predictions": 218,
    "manchu_word_accuracy": 0.38990825688073394,
    "roman_word_accuracy": 0.38990825688073394,
    "manchu_cer": 0.2788171690694626,
    "roman_cer": 0.2761340468909275,
    "manchu_f1_score": 0.7823391410412464,
    "roman_f1_score": 0.7840001322057452,
    "inference_time": 894.0537205529869,
    "frequent_error": {
        "manchu": {
            "ᡝ": 20,
            "ᠩ": 7,
            "ᡤ": 6,
            "ᡠ": 9,
            "ᠨ": 34,
            "ᠪ": 26,
            "ᠰ": 8,
            "ᠠ": 103,
            "ᡩ": 16,
            "ᡳ": 51,
            "ᡮ": 2,
            "ᠵ": 11,
            "ᠶ": 6,
            "ᠣ": 18,
            "ᡵ": 13,
            "ᠯ": 9,
            "ᠮ": 12,
            "ᡴ": 7,
            "ᡡ": 2,
            "ᡥ": 18,
            "ᠴ": 9,
            "ᡶ": 4,
            "ᡧ": 3,
            "ᠸ": 2
        },
        "roman": {
            "E": 20,
            "N": 41,
            "G": 13,
            "U": 9,
            "B": 26,
            "S": 10,
            "A": 101,
            "D": 16,
            "I": 49,
            "T": 2,
            "J": 11,
            "Y": 6,
            "O": 18,
            "R": 12,
            "L": 9,
            "M": 12,
            "K": 6,
            "Ū": 2,
            "H": 18,
            "C": 9,
            "F": 5,
            "Š": 3
        }
    }
}