{
    "model_name": "qwen-25-7b",
    "checkpoint": 60000,
    "total_predictions": 1000,
    "manchu_word_accuracy": 0.866,
    "roman_word_accuracy": 0.866,
    "manchu_cer": 0.02863910737954854,
    "roman_cer": 0.028670764774441235,
    "manchu_f1_score": 0.976508941455297,
    "roman_f1_score": 0.976742284015819,
    "inference_time": 745.6368017196655,
    "frequent_error": {
        "manchu": {
            "ᡴ": 24,
            "ᡥ": 40,
            "ᡡ": 13,
            "ᠨ": 26,
            "ᠠ": 70,
            "ᡳ": 49,
            "ᠮ": 14,
            "ᡝ": 76,
            "ᡵ": 26,
            "ᡧ": 10,
            "ᠩ": 19,
            "ᡤ": 19,
            "ᠴ": 11,
            "ᡩ": 11,
            "ᠣ": 8,
            "ᠯ": 14,
            "ᡯ": 2,
            "ᠵ": 6,
            "ᠪ": 18,
            "ᡠ": 21,
            "ᡦ": 3,
            "ᡨ": 9,
            "ᠸ": 5,
            "ᠰ": 5,
            "ᠶ": 4,
            "ᡶ": 1
        },
        "roman": {
            "K": 24,
            "H": 41,
            "Ū": 13,
            "N": 48,
            "A": 75,
            "I": 53,
            "M": 14,
            "E": 78,
            "R": 26,
            "Š": 11,
            "G": 27,
            "C": 12,
            "D": 13,
            "O": 8,
            "L": 16,
            "B": 19,
            "U": 21,
            "Z": 2,
            "J": 6,
            "P": 3,
            "T": 9,
            "F": 4,
            "Y": 5,
            "S": 5,
            "W": 4
        }
    }
}