{
    "model_name": "qwen-25-7b",
    "checkpoint": 25000,
    "total_predictions": 218,
    "manchu_word_accuracy": 0.27522935779816515,
    "roman_word_accuracy": 0.27522935779816515,
    "manchu_cer": 0.3686307703509539,
    "roman_cer": 0.36976481724188137,
    "manchu_f1_score": 0.7106370184351836,
    "roman_f1_score": 0.7106437194438162,
    "inference_time": 914.0618295844541,
    "frequent_error": {
        "manchu": {
            "ᠠ": 116,
            "ᠨ": 34,
            "ᠶ": 8,
            "ᠮ": 19,
            "ᠪ": 22,
            "ᡠ": 10,
            "ᠣ": 25,
            "ᡳ": 46,
            "ᠯ": 11,
            "ᡝ": 34,
            "ᠰ": 12,
            "ᠴ": 10,
            "ᡥ": 12,
            "ᡴ": 10,
            "ᡡ": 2,
            "ᠩ": 10,
            "ᡤ": 8,
            "ᡩ": 23,
            "ᡵ": 14,
            "ᡧ": 2,
            "ᠸ": 5,
            "ᠵ": 10,
            "ᡶ": 4,
            "ᡨ": 1,
            "ᡮ": 1
        },
        "roman": {
            "A": 119,
            "N": 42,
            "Y": 8,
            "M": 19,
            "B": 22,
            "U": 8,
            "O": 25,
            "I": 48,
            "L": 11,
            "E": 33,
            "S": 14,
            "C": 10,
            "H": 12,
            "K": 10,
            "Ū": 2,
            "G": 17,
            "D": 23,
            "R": 14,
            "Š": 2,
            "F": 8,
            "J": 10,
            "T": 3
        }
    }
}