{
    "model_name": "qwen-25-7b",
    "checkpoint": 64000,
    "total_predictions": 1000,
    "manchu_word_accuracy": 0.871,
    "roman_word_accuracy": 0.87,
    "manchu_cer": 0.027818502983944143,
    "roman_cer": 0.02784582166199812,
    "manchu_f1_score": 0.976880175872209,
    "roman_f1_score": 0.9770396927251528,
    "inference_time": 744.2039587497711,
    "frequent_error": {
        "manchu": {
            "ᡴ": 18,
            "ᡥ": 40,
            "ᡡ": 10,
            "ᠨ": 25,
            "ᠠ": 62,
            "ᡳ": 41,
            "ᠮ": 12,
            "ᡝ": 73,
            "ᡵ": 25,
            "ᡧ": 13,
            "ᡠ": 21,
            "ᠴ": 7,
            "ᠸ": 7,
            "ᡩ": 11,
            "ᠩ": 16,
            "ᡤ": 17,
            "ᠣ": 9,
            "ᠯ": 11,
            "ᡦ": 5,
            "ᡯ": 2,
            "ᠵ": 7,
            "ᠪ": 17,
            "ᠰ": 4,
            "ᠶ": 4,
            "ᡨ": 10,
            "ᡶ": 1
        },
        "roman": {
            "K": 18,
            "H": 42,
            "Ū": 10,
            "N": 42,
            "A": 66,
            "I": 45,
            "M": 12,
            "E": 75,
            "R": 25,
            "Š": 13,
            "U": 21,
            "C": 7,
            "F": 5,
            "D": 13,
            "G": 24,
            "O": 9,
            "L": 12,
            "P": 5,
            "Z": 2,
            "J": 7,
            "B": 18,
            "S": 4,
            "Y": 6,
            "W": 3,
            "T": 10
        }
    }
}