{
    "model_name": "qwen-25-7b",
    "checkpoint": 20000,
    "total_predictions": 218,
    "manchu_word_accuracy": 0.3394495412844037,
    "roman_word_accuracy": 0.3394495412844037,
    "manchu_cer": 0.30665501674675993,
    "roman_cer": 0.30239915538080675,
    "manchu_f1_score": 0.7634591101469138,
    "roman_f1_score": 0.764891893018757,
    "inference_time": 895.870053440059,
    "frequent_error": {
        "manchu": {
            "ᠠ": 126,
            "ᠣ": 14,
            "ᠨ": 35,
            "ᡩ": 15,
            "ᡠ": 10,
            "ᠮ": 21,
            "ᡝ": 23,
            "ᡳ": 52,
            "ᠯ": 13,
            "ᡴ": 11,
            "ᡶ": 4,
            "ᠵ": 9,
            "ᡥ": 13,
            "ᡵ": 12,
            "ᠸ": 5,
            "ᡧ": 4,
            "ᠴ": 14,
            "ᠰ": 9,
            "ᠩ": 8,
            "ᡤ": 9,
            "ᠪ": 26,
            "ᡡ": 3,
            "ᠶ": 8,
            "ᡮ": 2
        },
        "roman": {
            "A": 122,
            "O": 14,
            "N": 42,
            "D": 15,
            "U": 10,
            "M": 22,
            "E": 24,
            "I": 52,
            "L": 12,
            "K": 10,
            "F": 7,
            "J": 9,
            "H": 13,
            "R": 11,
            "G": 17,
            "Š": 4,
            "C": 14,
            "S": 11,
            "B": 27,
            "Ū": 3,
            "Y": 8,
            "W": 1,
            "T": 2
        }
    }
}