{
    "model_name": "qwen-25-7b",
    "checkpoint": 22500,
    "total_predictions": 218,
    "manchu_word_accuracy": 0.3348623853211009,
    "roman_word_accuracy": 0.3348623853211009,
    "manchu_cer": 0.3045689529634485,
    "roman_cer": 0.29859836901121317,
    "manchu_f1_score": 0.7639791850531191,
    "roman_f1_score": 0.7662580523751598,
    "inference_time": 900.0105846912489,
    "frequent_error": {
        "manchu": {
            "ᡩ": 19,
            "ᡝ": 22,
            "ᠠ": 124,
            "ᠪ": 24,
            "ᡴ": 11,
            "ᠨ": 35,
            "ᠴ": 14,
            "ᡳ": 51,
            "ᡵ": 11,
            "ᡠ": 8,
            "ᠵ": 9,
            "ᠸ": 6,
            "ᠩ": 8,
            "ᡤ": 9,
            "ᠮ": 17,
            "ᠯ": 12,
            "ᡥ": 13,
            "ᡶ": 4,
            "ᡧ": 4,
            "ᠣ": 14,
            "ᠰ": 9,
            "ᠶ": 8,
            "ᡡ": 3,
            "ᡮ": 2
        },
        "roman": {
            "D": 19,
            "E": 22,
            "A": 120,
            "B": 24,
            "K": 10,
            "N": 42,
            "C": 14,
            "I": 50,
            "R": 10,
            "U": 8,
            "J": 9,
            "F": 7,
            "G": 16,
            "M": 17,
            "L": 11,
            "H": 13,
            "Š": 4,
            "O": 14,
            "S": 11,
            "Y": 8,
            "W": 2,
            "Ū": 3,
            "T": 2
        }
    }
}