{
    "model_name": "qwen-25-7b",
    "checkpoint": 40000,
    "total_predictions": 218,
    "manchu_word_accuracy": 0.3486238532110092,
    "roman_word_accuracy": 0.3486238532110092,
    "manchu_cer": 0.3002111547983108,
    "roman_cer": 0.3013615843891074,
    "manchu_f1_score": 0.7616489861700331,
    "roman_f1_score": 0.762462047007379,
    "inference_time": 898.5544508750286,
    "frequent_error": {
        "manchu": {
            "ᡳ": 47,
            "ᠨ": 31,
            "ᠯ": 12,
            "ᡴ": 10,
            "ᠠ": 124,
            "ᡥ": 10,
            "ᠵ": 9,
            "ᠪ": 27,
            "ᡝ": 24,
            "ᡵ": 12,
            "ᠩ": 8,
            "ᡤ": 9,
            "ᠮ": 13,
            "ᠶ": 10,
            "ᡩ": 10,
            "ᡠ": 7,
            "ᠸ": 5,
            "ᠴ": 11,
            "ᠣ": 12,
            "ᡡ": 3,
            "ᠰ": 8,
            "ᡧ": 3,
            "ᡶ": 2
        },
        "roman": {
            "I": 47,
            "N": 39,
            "L": 12,
            "K": 11,
            "A": 122,
            "H": 10,
            "J": 9,
            "B": 27,
            "E": 24,
            "R": 11,
            "G": 16,
            "M": 13,
            "Y": 10,
            "D": 10,
            "U": 7,
            "F": 6,
            "C": 11,
            "O": 12,
            "Ū": 3,
            "S": 10,
            "Š": 3,
            "W": 1,
            "T": 2
        }
    }
}