{
    "model_name": "qwen-25-7b",
    "checkpoint": 58000,
    "total_predictions": 1000,
    "manchu_word_accuracy": 0.847,
    "roman_word_accuracy": 0.847,
    "manchu_cer": 0.03370625216286978,
    "roman_cer": 0.0340664926576691,
    "manchu_f1_score": 0.9718318224428583,
    "roman_f1_score": 0.971969872750859,
    "inference_time": 744.3677957057953,
    "frequent_error": {
        "manchu": {
            "ᡴ": 30,
            "ᡥ": 51,
            "ᡡ": 16,
            "ᠨ": 29,
            "ᠠ": 88,
            "ᡳ": 51,
            "ᠮ": 11,
            "ᡝ": 93,
            "ᡵ": 33,
            "ᡧ": 11,
            "ᠩ": 27,
            "ᡤ": 30,
            "ᡠ": 28,
            "ᠯ": 19,
            "ᡩ": 13,
            "ᠪ": 26,
            "ᠣ": 10,
            "ᠵ": 6,
            "ᡦ": 4,
            "ᡯ": 2,
            "ᠸ": 6,
            "ᡨ": 11,
            "ᠰ": 6,
            "ᠶ": 6,
            "ᠴ": 7,
            "ᡶ": 2
        },
        "roman": {
            "K": 31,
            "H": 53,
            "Ū": 16,
            "N": 58,
            "A": 95,
            "I": 57,
            "M": 10,
            "E": 96,
            "R": 33,
            "Š": 11,
            "G": 41,
            "U": 26,
            "L": 21,
            "D": 15,
            "B": 25,
            "O": 10,
            "J": 6,
            "P": 4,
            "Z": 2,
            "F": 6,
            "T": 11,
            "S": 6,
            "Y": 9,
            "W": 4,
            "C": 7
        }
    }
}