{
    "model_name": "qwen-25-7b",
    "checkpoint": 67000,
    "total_predictions": 1000,
    "manchu_word_accuracy": 0.875,
    "roman_word_accuracy": 0.874,
    "manchu_cer": 0.026938202728643883,
    "roman_cer": 0.02690340713208359,
    "manchu_f1_score": 0.9774356478526912,
    "roman_f1_score": 0.9776265879789383,
    "inference_time": 744.4636523723602,
    "frequent_error": {
        "manchu": {
            "ᡴ": 19,
            "ᡥ": 41,
            "ᡡ": 10,
            "ᠨ": 25,
            "ᠠ": 57,
            "ᡳ": 47,
            "ᠮ": 14,
            "ᡝ": 75,
            "ᡵ": 24,
            "ᡠ": 21,
            "ᠴ": 8,
            "ᠸ": 7,
            "ᡩ": 10,
            "ᠩ": 15,
            "ᡤ": 16,
            "ᠣ": 16,
            "ᠯ": 13,
            "ᡧ": 9,
            "ᡦ": 4,
            "ᡯ": 2,
            "ᠵ": 6,
            "ᠪ": 21,
            "ᠰ": 4,
            "ᠶ": 4,
            "ᡨ": 10,
            "ᡶ": 1
        },
        "roman": {
            "K": 19,
            "H": 41,
            "Ū": 10,
            "N": 41,
            "A": 59,
            "I": 49,
            "M": 14,
            "E": 76,
            "R": 24,
            "U": 21,
            "C": 8,
            "F": 5,
            "D": 12,
            "G": 21,
            "O": 16,
            "L": 14,
            "Š": 9,
            "P": 4,
            "Z": 2,
            "J": 6,
            "B": 21,
            "S": 4,
            "Y": 5,
            "W": 3,
            "T": 10
        }
    }
}