{
    "model_name": "qwen-25-7b",
    "checkpoint": 10000,
    "total_predictions": 218,
    "manchu_word_accuracy": 0.26146788990825687,
    "roman_word_accuracy": 0.26146788990825687,
    "manchu_cer": 0.37173802242609605,
    "roman_cer": 0.3757590650939276,
    "manchu_f1_score": 0.7165579263933287,
    "roman_f1_score": 0.7152428573704884,
    "inference_time": 910.2548251458264,
    "frequent_error": {
        "manchu": {
            "ᠨ": 35,
            "ᠴ": 11,
            "ᡳ": 52,
            "ᡩ": 25,
            "ᠪ": 31,
            "ᠣ": 15,
            "ᠠ": 140,
            "ᠯ": 15,
            "ᠮ": 21,
            "ᡥ": 15,
            "ᡮ": 2,
            "ᠵ": 11,
            "ᠶ": 7,
            "ᠩ": 7,
            "ᡝ": 30,
            "ᡵ": 15,
            "ᡤ": 7,
            "ᡴ": 11,
            "ᡡ": 3,
            "ᡠ": 17,
            "ᠰ": 10,
            "ᠸ": 6,
            "ᡨ": 1,
            "ᡧ": 5,
            "ᡶ": 6
        },
        "roman": {
            "N": 44,
            "C": 11,
            "I": 51,
            "D": 25,
            "B": 31,
            "O": 16,
            "A": 140,
            "L": 16,
            "M": 21,
            "H": 15,
            "T": 3,
            "S": 12,
            "J": 11,
            "Y": 7,
            "G": 13,
            "E": 30,
            "R": 15,
            "U": 18,
            "K": 11,
            "Ū": 3,
            "W": 1,
            "Š": 5,
            "F": 9
        }
    }
}