{
    "model_name": "qwen-25-7b",
    "checkpoint": 34000,
    "total_predictions": 218,
    "manchu_word_accuracy": 0.24311926605504589,
    "roman_word_accuracy": 0.24311926605504589,
    "manchu_cer": 0.3984110435945298,
    "roman_cer": 0.39616843401247065,
    "manchu_f1_score": 0.6957149516850006,
    "roman_f1_score": 0.6968400183400045,
    "inference_time": 906.3158549300027,
    "frequent_error": {
        "manchu": {
            "ᠠ": 140,
            "ᡵ": 19,
            "ᠩ": 7,
            "ᡤ": 11,
            "ᡩ": 21,
            "ᡝ": 30,
            "ᠮ": 16,
            "ᡶ": 3,
            "ᠨ": 41,
            "ᠵ": 12,
            "ᡳ": 60,
            "ᡥ": 17,
            "ᠪ": 26,
            "ᡠ": 12,
            "ᠰ": 10,
            "ᠸ": 6,
            "ᠯ": 15,
            "ᠴ": 13,
            "ᠣ": 18,
            "ᠶ": 8,
            "ᡡ": 4,
            "ᡴ": 13,
            "ᡮ": 2,
            "ᡧ": 3
        },
        "roman": {
            "A": 139,
            "R": 18,
            "N": 48,
            "G": 17,
            "D": 21,
            "E": 30,
            "M": 16,
            "F": 7,
            "J": 12,
            "I": 60,
            "H": 17,
            "B": 26,
            "U": 12,
            "S": 12,
            "W": 1,
            "L": 15,
            "C": 13,
            "O": 18,
            "Y": 8,
            "Ū": 4,
            "K": 13,
            "T": 2,
            "Š": 3
        }
    }
}