{
    "model_name": "qwen-25-7b",
    "checkpoint": 12000,
    "total_predictions": 218,
    "manchu_word_accuracy": 0.27522935779816515,
    "roman_word_accuracy": 0.27522935779816515,
    "manchu_cer": 0.3658985000728121,
    "roman_cer": 0.36386704528906383,
    "manchu_f1_score": 0.7279626202184217,
    "roman_f1_score": 0.7281634432605828,
    "inference_time": 913.994845994022,
    "frequent_error": {
        "manchu": {
            "ᠠ": 133,
            "ᠯ": 14,
            "ᠨ": 30,
            "ᠵ": 8,
            "ᡳ": 56,
            "ᠮ": 17,
            "ᡝ": 26,
            "ᠸ": 7,
            "ᠰ": 6,
            "ᠩ": 9,
            "ᡵ": 16,
            "ᠪ": 21,
            "ᡥ": 13,
            "ᡩ": 18,
            "ᠴ": 13,
            "ᡠ": 7,
            "ᡴ": 9,
            "ᠣ": 22,
            "ᡨ": 1,
            "ᡶ": 5,
            "ᡤ": 10,
            "ᠶ": 7,
            "ᡡ": 3,
            "ᡮ": 2,
            "ᡧ": 5
        },
        "roman": {
            "A": 129,
            "L": 14,
            "N": 39,
            "J": 8,
            "I": 54,
            "M": 17,
            "E": 26,
            "F": 10,
            "S": 8,
            "G": 18,
            "R": 15,
            "B": 21,
            "H": 13,
            "D": 18,
            "C": 13,
            "U": 8,
            "K": 9,
            "O": 22,
            "T": 3,
            "Y": 7,
            "Ū": 3,
            "Š": 5,
            "W": 1
        }
    }
}