{
    "model_name": "qwen-25-7b",
    "checkpoint": 57000,
    "total_predictions": 1000,
    "manchu_word_accuracy": 0.865,
    "roman_word_accuracy": 0.865,
    "manchu_cer": 0.02844853626765389,
    "roman_cer": 0.028388222213802692,
    "manchu_f1_score": 0.9760720209280719,
    "roman_f1_score": 0.9763717324951502,
    "inference_time": 744.7485375404358,
    "frequent_error": {
        "manchu": {
            "ᡴ": 20,
            "ᡥ": 47,
            "ᡡ": 11,
            "ᠨ": 21,
            "ᠣ": 19,
            "ᠠ": 70,
            "ᡳ": 49,
            "ᠮ": 16,
            "ᡝ": 76,
            "ᡵ": 29,
            "ᡧ": 12,
            "ᡠ": 24,
            "ᠴ": 10,
            "ᡩ": 6,
            "ᠩ": 16,
            "ᡤ": 16,
            "ᠰ": 5,
            "ᠯ": 16,
            "ᠪ": 24,
            "ᡦ": 4,
            "ᡯ": 2,
            "ᠸ": 7,
            "ᡨ": 8,
            "ᠵ": 4,
            "ᠶ": 5,
            "ᡶ": 2
        },
        "roman": {
            "K": 20,
            "H": 50,
            "Ū": 11,
            "N": 39,
            "O": 19,
            "A": 75,
            "I": 54,
            "M": 16,
            "E": 80,
            "R": 29,
            "Š": 12,
            "U": 24,
            "C": 10,
            "D": 8,
            "G": 22,
            "S": 5,
            "L": 18,
            "B": 26,
            "P": 4,
            "Z": 2,
            "F": 5,
            "T": 8,
            "J": 4,
            "Y": 7,
            "W": 4
        }
    }
}