{
    "model_name": "qwen-25-7b",
    "checkpoint": 17000,
    "total_predictions": 1000,
    "manchu_word_accuracy": 0.831,
    "roman_word_accuracy": 0.83,
    "manchu_cer": 0.03814953469732879,
    "roman_cer": 0.038284190031674534,
    "manchu_f1_score": 0.9689274665810271,
    "roman_f1_score": 0.9690992200561662,
    "inference_time": 745.9653811454773,
    "frequent_error": {
        "manchu": {
            "ᡴ": 32,
            "ᡳ": 60,
            "ᡨ": 15,
            "ᠮ": 17,
            "ᡝ": 102,
            "ᠩ": 33,
            "ᡤ": 38,
            "ᡠ": 34,
            "ᡵ": 39,
            "ᠠ": 84,
            "ᡥ": 47,
            "ᠯ": 19,
            "ᡩ": 17,
            "ᠨ": 35,
            "ᡡ": 15,
            "ᠰ": 9,
            "ᠴ": 10,
            "ᠵ": 6,
            "ᠣ": 21,
            "ᡧ": 18,
            "ᡦ": 6,
            "ᡯ": 2,
            "ᠪ": 24,
            "ᠶ": 8,
            "ᠸ": 7,
            "ᡶ": 2
        },
        "roman": {
            "K": 31,
            "I": 63,
            "T": 15,
            "M": 16,
            "E": 105,
            "N": 69,
            "G": 53,
            "U": 35,
            "R": 39,
            "A": 90,
            "H": 48,
            "L": 19,
            "D": 19,
            "Ū": 15,
            "S": 9,
            "C": 11,
            "J": 6,
            "O": 21,
            "Š": 19,
            "P": 6,
            "Z": 2,
            "B": 24,
            "Y": 9,
            "W": 3,
            "F": 5
        }
    }
}