{
    "model_name": "qwen-25-7b",
    "checkpoint": 56000,
    "total_predictions": 218,
    "manchu_word_accuracy": 0.38073394495412843,
    "roman_word_accuracy": 0.38073394495412843,
    "manchu_cer": 0.27350917431192645,
    "roman_cer": 0.2711973933304208,
    "manchu_f1_score": 0.7825916071396376,
    "roman_f1_score": 0.7838249813087914,
    "inference_time": 891.5710307042533,
    "frequent_error": {
        "manchu": {
            "ᠠ": 103,
            "ᡳ": 43,
            "ᠴ": 8,
            "ᡝ": 20,
            "ᠩ": 8,
            "ᡤ": 7,
            "ᠨ": 31,
            "ᠮ": 14,
            "ᠪ": 29,
            "ᡠ": 9,
            "ᠯ": 12,
            "ᡴ": 10,
            "ᠣ": 13,
            "ᠵ": 8,
            "ᡩ": 15,
            "ᠸ": 2,
            "ᠰ": 8,
            "ᡮ": 2,
            "ᠶ": 6,
            "ᡥ": 18,
            "ᡵ": 10,
            "ᡶ": 3,
            "ᡧ": 4,
            "ᡡ": 2
        },
        "roman": {
            "A": 101,
            "I": 43,
            "C": 8,
            "E": 20,
            "N": 39,
            "G": 14,
            "M": 14,
            "B": 29,
            "U": 10,
            "L": 12,
            "K": 11,
            "O": 13,
            "J": 8,
            "D": 15,
            "F": 4,
            "S": 10,
            "T": 2,
            "Y": 6,
            "H": 18,
            "R": 9,
            "Š": 4,
            "Ū": 2
        }
    }
}