{
    "model_name": "qwen-25-7b",
    "checkpoint": 65000,
    "total_predictions": 218,
    "manchu_word_accuracy": 0.38990825688073394,
    "roman_word_accuracy": 0.38990825688073394,
    "manchu_cer": 0.26933704674530357,
    "roman_cer": 0.2687509101499926,
    "manchu_f1_score": 0.7855045274028005,
    "roman_f1_score": 0.7864644237755409,
    "inference_time": 889.3069575685973,
    "frequent_error": {
        "manchu": {
            "ᠠ": 97,
            "ᠮ": 13,
            "ᡝ": 21,
            "ᠴ": 9,
            "ᡴ": 9,
            "ᠣ": 16,
            "ᠯ": 8,
            "ᡳ": 51,
            "ᠪ": 24,
            "ᠨ": 35,
            "ᠵ": 11,
            "ᡵ": 12,
            "ᡩ": 18,
            "ᡧ": 3,
            "ᡥ": 20,
            "ᠸ": 2,
            "ᠶ": 7,
            "ᠰ": 9,
            "ᡶ": 4,
            "ᡠ": 8,
            "ᠩ": 7,
            "ᡤ": 5,
            "ᡡ": 3,
            "ᡮ": 2
        },
        "roman": {
            "A": 97,
            "M": 13,
            "E": 21,
            "C": 9,
            "K": 9,
            "O": 16,
            "L": 8,
            "I": 49,
            "B": 24,
            "N": 42,
            "J": 11,
            "R": 11,
            "D": 18,
            "Š": 3,
            "H": 20,
            "F": 5,
            "Y": 7,
            "S": 11,
            "U": 8,
            "G": 12,
            "Ū": 3,
            "T": 2
        }
    }
}