{
    "model_name": "qwen-25-7b",
    "checkpoint": 32000,
    "total_predictions": 1000,
    "manchu_word_accuracy": 0.751,
    "roman_word_accuracy": 0.751,
    "manchu_cer": 0.05757685043714462,
    "roman_cer": 0.05732597924950872,
    "manchu_f1_score": 0.9537727858618754,
    "roman_f1_score": 0.9543307749312003,
    "inference_time": 746.671427488327,
    "frequent_error": {
        "manchu": {
            "ᠣ": 35,
            "ᡥ": 66,
            "ᡨ": 26,
            "ᡡ": 29,
            "ᠨ": 45,
            "ᠠ": 159,
            "ᡴ": 43,
            "ᡳ": 91,
            "ᠮ": 18,
            "ᡝ": 129,
            "ᠩ": 44,
            "ᡤ": 47,
            "ᡧ": 27,
            "ᠯ": 22,
            "ᡵ": 50,
            "ᠪ": 34,
            "ᡠ": 53,
            "ᠸ": 14,
            "ᡩ": 30,
            "ᠴ": 19,
            "ᠵ": 10,
            "ᡦ": 7,
            "ᡯ": 2,
            "ᠰ": 8,
            "ᠶ": 10,
            "ᡶ": 3
        },
        "roman": {
            "O": 35,
            "H": 67,
            "T": 28,
            "Ū": 29,
            "N": 92,
            "A": 163,
            "K": 44,
            "I": 95,
            "M": 18,
            "E": 128,
            "G": 69,
            "Š": 27,
            "L": 23,
            "R": 50,
            "B": 35,
            "U": 55,
            "F": 14,
            "D": 32,
            "C": 19,
            "J": 10,
            "P": 7,
            "Z": 2,
            "S": 8,
            "Y": 11,
            "W": 5
        }
    }
}