{
    "model_name": "qwen-25-7b",
    "checkpoint": 3000,
    "total_predictions": 1000,
    "manchu_word_accuracy": 0.448,
    "roman_word_accuracy": 0.445,
    "manchu_cer": 0.14204646366705195,
    "roman_cer": 0.14184278041360093,
    "manchu_f1_score": 0.8857168068812181,
    "roman_f1_score": 0.8861569307155578,
    "inference_time": 746.0090351104736,
    "frequent_error": {
        "manchu": {
            "ᠵ": 40,
            "ᠣ": 122,
            "ᡥ": 191,
            "ᡧ": 38,
            "ᡵ": 98,
            "ᠩ": 75,
            "ᡤ": 87,
            "ᡝ": 321,
            "ᡳ": 257,
            "ᠠ": 335,
            "ᠪ": 117,
            "ᠨ": 107,
            "ᠶ": 22,
            "ᠯ": 86,
            "ᡴ": 138,
            "ᡨ": 52,
            "ᡡ": 52,
            "ᡩ": 37,
            "ᡠ": 123,
            "ᠰ": 31,
            "ᠮ": 47,
            "ᠴ": 31,
            "ᠸ": 41,
            "ᡶ": 9,
            "ᡦ": 6,
            "ᡯ": 2
        },
        "roman": {
            "J": 41,
            "O": 124,
            "H": 196,
            "Š": 41,
            "R": 99,
            "N": 176,
            "G": 123,
            "E": 317,
            "I": 265,
            "A": 342,
            "B": 113,
            "Y": 25,
            "L": 85,
            "K": 138,
            "T": 53,
            "Ū": 51,
            "D": 38,
            "U": 117,
            "S": 34,
            "M": 48,
            "C": 32,
            "F": 33,
            "W": 18,
            "P": 6,
            "Z": 2
        }
    }
}