{
    "model_name": "qwen-25-7b",
    "checkpoint": 72000,
    "total_predictions": 218,
    "manchu_word_accuracy": 0.38990825688073394,
    "roman_word_accuracy": 0.38990825688073394,
    "manchu_cer": 0.27850589777195284,
    "roman_cer": 0.27563164409494684,
    "manchu_f1_score": 0.781835667480568,
    "roman_f1_score": 0.7835596196092691,
    "inference_time": 894.6452731386237,
    "frequent_error": {
        "manchu": {
            "ᠠ": 99,
            "ᠨ": 34,
            "ᡳ": 49,
            "ᠰ": 9,
            "ᠸ": 2,
            "ᠪ": 26,
            "ᠣ": 18,
            "ᠴ": 9,
            "ᠵ": 11,
            "ᡩ": 16,
            "ᠯ": 8,
            "ᡠ": 9,
            "ᠮ": 12,
            "ᡝ": 21,
            "ᡥ": 18,
            "ᡤ": 6,
            "ᡵ": 13,
            "ᡧ": 3,
            "ᡮ": 2,
            "ᠶ": 7,
            "ᠩ": 7,
            "ᡴ": 6,
            "ᡶ": 4,
            "ᡡ": 2
        },
        "roman": {
            "A": 97,
            "N": 41,
            "I": 46,
            "S": 11,
            "F": 5,
            "B": 26,
            "O": 18,
            "C": 9,
            "J": 11,
            "D": 16,
            "L": 8,
            "U": 9,
            "M": 12,
            "E": 21,
            "H": 18,
            "G": 13,
            "R": 12,
            "Š": 3,
            "T": 2,
            "Y": 7,
            "K": 5,
            "Ū": 2
        }
    }
}