{
    "model_name": "qwen-25-7b",
    "checkpoint": 54000,
    "total_predictions": 218,
    "manchu_word_accuracy": 0.38073394495412843,
    "roman_word_accuracy": 0.37155963302752293,
    "manchu_cer": 0.27854958497160315,
    "roman_cer": 0.2845438328236492,
    "manchu_f1_score": 0.7757671924226159,
    "roman_f1_score": 0.7749710623968583,
    "inference_time": 886.2530343029478,
    "frequent_error": {
        "manchu": {
            "ᠠ": 90,
            "ᠪ": 24,
            "ᠯ": 11,
            "ᡥ": 17,
            "ᠰ": 9,
            "ᡳ": 51,
            "ᡧ": 4,
            "ᡵ": 9,
            "ᡴ": 9,
            "ᡡ": 2,
            "ᠨ": 35,
            "ᠵ": 10,
            "ᠮ": 13,
            "ᡝ": 24,
            "ᡩ": 15,
            "ᡠ": 10,
            "ᠴ": 8,
            "ᠸ": 2,
            "ᠣ": 19,
            "ᡮ": 2,
            "ᠶ": 7,
            "ᠩ": 8,
            "ᡶ": 4,
            "ᡤ": 8
        },
        "roman": {
            "A": 87,
            "B": 24,
            "L": 11,
            "H": 17,
            "S": 11,
            "I": 51,
            "Š": 4,
            "R": 8,
            "K": 10,
            "Ū": 2,
            "N": 43,
            "J": 10,
            "M": 13,
            "E": 24,
            "D": 15,
            "U": 10,
            "C": 8,
            "F": 5,
            "O": 19,
            "T": 2,
            "Y": 7,
            "G": 15,
            "W": 1
        }
    }
}