{
    "model_name": "qwen-25-7b",
    "checkpoint": 66000,
    "total_predictions": 1000,
    "manchu_word_accuracy": 0.876,
    "roman_word_accuracy": 0.875,
    "manchu_cer": 0.026556517746958903,
    "roman_cer": 0.02659161337028983,
    "manchu_f1_score": 0.9776734600805962,
    "roman_f1_score": 0.977755311742038,
    "inference_time": 745.0272436141968,
    "frequent_error": {
        "manchu": {
            "ᡴ": 17,
            "ᡥ": 36,
            "ᡡ": 9,
            "ᠨ": 23,
            "ᠠ": 57,
            "ᡳ": 42,
            "ᠮ": 14,
            "ᡝ": 67,
            "ᡵ": 21,
            "ᡠ": 20,
            "ᠯ": 13,
            "ᠴ": 9,
            "ᠸ": 7,
            "ᡩ": 11,
            "ᠩ": 14,
            "ᡤ": 15,
            "ᠣ": 15,
            "ᡧ": 9,
            "ᡦ": 4,
            "ᡯ": 2,
            "ᠵ": 5,
            "ᠪ": 18,
            "ᠰ": 3,
            "ᠶ": 4,
            "ᡨ": 9,
            "ᡶ": 1
        },
        "roman": {
            "K": 17,
            "H": 36,
            "Ū": 9,
            "N": 38,
            "A": 59,
            "I": 44,
            "M": 14,
            "E": 68,
            "R": 21,
            "U": 20,
            "L": 14,
            "C": 9,
            "F": 5,
            "D": 13,
            "G": 20,
            "O": 15,
            "Š": 9,
            "P": 4,
            "Z": 2,
            "J": 5,
            "B": 18,
            "S": 3,
            "Y": 5,
            "W": 4,
            "T": 9
        }
    }
}