{
    "model_name": "qwen-25-7b",
    "checkpoint": 21000,
    "total_predictions": 218,
    "manchu_word_accuracy": 0.3486238532110092,
    "roman_word_accuracy": 0.3486238532110092,
    "manchu_cer": 0.29630115042959093,
    "roman_cer": 0.29308286005533724,
    "manchu_f1_score": 0.7738685057222565,
    "roman_f1_score": 0.775362536334786,
    "inference_time": 895.4114213995978,
    "frequent_error": {
        "manchu": {
            "ᠣ": 14,
            "ᠯ": 11,
            "ᡳ": 52,
            "ᠰ": 8,
            "ᠠ": 121,
            "ᠪ": 22,
            "ᡩ": 16,
            "ᠴ": 15,
            "ᠨ": 33,
            "ᠵ": 9,
            "ᠸ": 4,
            "ᡥ": 14,
            "ᠩ": 8,
            "ᡤ": 9,
            "ᡵ": 12,
            "ᡴ": 11,
            "ᡡ": 3,
            "ᠶ": 8,
            "ᡝ": 22,
            "ᡮ": 2,
            "ᠮ": 17,
            "ᡧ": 4,
            "ᡠ": 7,
            "ᡶ": 4
        },
        "roman": {
            "O": 14,
            "L": 10,
            "S": 10,
            "A": 117,
            "B": 22,
            "D": 16,
            "C": 15,
            "N": 40,
            "J": 9,
            "I": 51,
            "F": 7,
            "H": 14,
            "G": 17,
            "K": 10,
            "Ū": 3,
            "E": 23,
            "Y": 8,
            "R": 11,
            "T": 2,
            "M": 17,
            "Š": 4,
            "U": 7
        }
    }
}