{
    "model_name": "qwen-25-7b",
    "checkpoint": 31000,
    "total_predictions": 218,
    "manchu_word_accuracy": 0.3348623853211009,
    "roman_word_accuracy": 0.3348623853211009,
    "manchu_cer": 0.35711919324304664,
    "roman_cer": 0.36308977719528196,
    "manchu_f1_score": 0.7559222474189669,
    "roman_f1_score": 0.7535252602085902,
    "inference_time": 919.1775464136666,
    "frequent_error": {
        "manchu": {
            "ᠠ": 92,
            "ᡵ": 12,
            "ᡤ": 8,
            "ᠨ": 36,
            "ᠣ": 17,
            "ᡮ": 2,
            "ᠵ": 9,
            "ᡳ": 51,
            "ᠶ": 6,
            "ᠩ": 7,
            "ᠰ": 7,
            "ᡝ": 30,
            "ᠪ": 19,
            "ᡩ": 17,
            "ᠴ": 11,
            "ᠸ": 7,
            "ᡴ": 7,
            "ᡠ": 11,
            "ᠮ": 16,
            "ᠯ": 7,
            "ᡡ": 4,
            "ᡶ": 3,
            "ᡥ": 12,
            "ᡧ": 2
        },
        "roman": {
            "A": 92,
            "R": 12,
            "G": 14,
            "N": 44,
            "O": 18,
            "T": 2,
            "S": 9,
            "J": 9,
            "I": 52,
            "Y": 6,
            "E": 29,
            "B": 19,
            "D": 17,
            "C": 11,
            "F": 7,
            "K": 8,
            "U": 12,
            "M": 16,
            "L": 7,
            "W": 2,
            "Ū": 4,
            "H": 12,
            "Š": 2
        }
    }
}