{
    "model_name": "qwen-25-7b",
    "checkpoint": 54000,
    "total_predictions": 1000,
    "manchu_word_accuracy": 0.86,
    "roman_word_accuracy": 0.859,
    "manchu_cer": 0.032800153686183074,
    "roman_cer": 0.03270950607699833,
    "manchu_f1_score": 0.9730315542857382,
    "roman_f1_score": 0.973302972125333,
    "inference_time": 745.6527400016785,
    "frequent_error": {
        "manchu": {
            "ᡴ": 22,
            "ᡨ": 11,
            "ᡥ": 44,
            "ᡡ": 13,
            "ᠨ": 30,
            "ᠠ": 82,
            "ᡳ": 50,
            "ᠮ": 15,
            "ᡝ": 94,
            "ᠩ": 26,
            "ᡤ": 26,
            "ᡵ": 28,
            "ᡠ": 29,
            "ᠯ": 20,
            "ᠪ": 23,
            "ᠴ": 10,
            "ᡩ": 8,
            "ᠰ": 6,
            "ᡧ": 14,
            "ᡦ": 5,
            "ᡯ": 2,
            "ᠵ": 7,
            "ᠣ": 8,
            "ᠸ": 8,
            "ᠶ": 4,
            "ᡶ": 1
        },
        "roman": {
            "K": 22,
            "T": 13,
            "H": 43,
            "Ū": 13,
            "N": 59,
            "A": 87,
            "I": 51,
            "M": 14,
            "E": 95,
            "G": 35,
            "R": 28,
            "U": 30,
            "L": 22,
            "B": 22,
            "C": 10,
            "D": 10,
            "S": 7,
            "Š": 14,
            "P": 5,
            "Z": 2,
            "J": 7,
            "O": 8,
            "F": 6,
            "Y": 5,
            "W": 3
        }
    }
}