{
    "model_name": "qwen-25-7b",
    "checkpoint": 74000,
    "total_predictions": 218,
    "manchu_word_accuracy": 0.3944954128440367,
    "roman_word_accuracy": 0.3944954128440367,
    "manchu_cer": 0.2819954128440367,
    "roman_cer": 0.2793122906655017,
    "manchu_f1_score": 0.7773966574290379,
    "roman_f1_score": 0.7790576485935368,
    "inference_time": 894.4668605786944,
    "frequent_error": {
        "manchu": {
            "ᡮ": 2,
            "ᠠ": 102,
            "ᠨ": 34,
            "ᠵ": 11,
            "ᡳ": 50,
            "ᠶ": 7,
            "ᠩ": 7,
            "ᡵ": 14,
            "ᠸ": 3,
            "ᡴ": 6,
            "ᠪ": 26,
            "ᠣ": 18,
            "ᠴ": 9,
            "ᡥ": 18,
            "ᡝ": 20,
            "ᡶ": 4,
            "ᡠ": 9,
            "ᠯ": 8,
            "ᡩ": 16,
            "ᡤ": 6,
            "ᡧ": 3,
            "ᠰ": 8,
            "ᠮ": 12,
            "ᡡ": 2
        },
        "roman": {
            "T": 2,
            "S": 10,
            "A": 100,
            "N": 41,
            "J": 11,
            "I": 48,
            "Y": 7,
            "G": 13,
            "R": 13,
            "F": 6,
            "B": 26,
            "O": 18,
            "C": 9,
            "H": 18,
            "E": 20,
            "U": 9,
            "L": 8,
            "D": 16,
            "K": 5,
            "Š": 3,
            "M": 12,
            "Ū": 2
        }
    }
}