{
    "model_name": "qwen-25-7b",
    "checkpoint": 45000,
    "total_predictions": 1000,
    "manchu_word_accuracy": 0.823,
    "roman_word_accuracy": 0.822,
    "manchu_cer": 0.03864584533113945,
    "roman_cer": 0.03842172702598398,
    "manchu_f1_score": 0.9670369021163131,
    "roman_f1_score": 0.9677177074946628,
    "inference_time": 744.9138805866241,
    "frequent_error": {
        "manchu": {
            "ᡳ": 62,
            "ᡥ": 53,
            "ᡡ": 19,
            "ᠨ": 36,
            "ᠣ": 16,
            "ᠠ": 94,
            "ᡴ": 36,
            "ᠰ": 10,
            "ᠮ": 18,
            "ᡝ": 95,
            "ᡵ": 34,
            "ᠩ": 26,
            "ᡤ": 30,
            "ᡠ": 31,
            "ᠯ": 24,
            "ᡨ": 12,
            "ᠴ": 15,
            "ᡩ": 17,
            "ᡧ": 18,
            "ᡦ": 5,
            "ᡯ": 2,
            "ᠸ": 7,
            "ᠵ": 11,
            "ᠪ": 27,
            "ᠶ": 7,
            "ᡶ": 1
        },
        "roman": {
            "I": 65,
            "H": 54,
            "Ū": 19,
            "N": 61,
            "O": 16,
            "A": 99,
            "K": 36,
            "S": 10,
            "M": 19,
            "E": 97,
            "R": 34,
            "G": 42,
            "U": 30,
            "L": 24,
            "T": 12,
            "C": 14,
            "D": 19,
            "Š": 18,
            "P": 5,
            "F": 6,
            "Z": 2,
            "J": 11,
            "B": 27,
            "Y": 8,
            "W": 2
        }
    }
}