{
    "model_name": "qwen-25-7b",
    "checkpoint": 30000,
    "total_predictions": 1000,
    "manchu_word_accuracy": 0.758,
    "roman_word_accuracy": 0.758,
    "manchu_cer": 0.05360423653144246,
    "roman_cer": 0.053637430358599116,
    "manchu_f1_score": 0.9562446044564489,
    "roman_f1_score": 0.9565459216117363,
    "inference_time": 743.3082921504974,
    "frequent_error": {
        "manchu": {
            "ᡴ": 51,
            "ᡳ": 96,
            "ᡥ": 69,
            "ᠣ": 20,
            "ᠩ": 45,
            "ᡤ": 41,
            "ᡝ": 127,
            "ᠠ": 174,
            "ᠮ": 23,
            "ᡵ": 52,
            "ᠨ": 42,
            "ᡡ": 26,
            "ᡨ": 22,
            "ᠪ": 43,
            "ᡠ": 45,
            "ᠵ": 10,
            "ᠴ": 20,
            "ᠸ": 14,
            "ᡧ": 22,
            "ᡩ": 22,
            "ᠯ": 30,
            "ᡦ": 4,
            "ᡯ": 2,
            "ᡶ": 5,
            "ᠰ": 13,
            "ᠶ": 9
        },
        "roman": {
            "K": 50,
            "I": 97,
            "H": 68,
            "O": 20,
            "N": 87,
            "G": 70,
            "E": 127,
            "A": 172,
            "M": 22,
            "R": 51,
            "Ū": 25,
            "T": 24,
            "B": 42,
            "U": 44,
            "J": 10,
            "C": 20,
            "F": 14,
            "Š": 23,
            "D": 24,
            "L": 31,
            "P": 4,
            "Z": 2,
            "S": 13,
            "Y": 9,
            "W": 7
        }
    }
}