{
    "model_name": "qwen-25-7b",
    "checkpoint": 43000,
    "total_predictions": 1000,
    "manchu_word_accuracy": 0.812,
    "roman_word_accuracy": 0.812,
    "manchu_cer": 0.04101818704171647,
    "roman_cer": 0.040920202836379316,
    "manchu_f1_score": 0.9656823849657894,
    "roman_f1_score": 0.966173868568153,
    "inference_time": 745.0029153823853,
    "frequent_error": {
        "manchu": {
            "ᠪ": 30,
            "ᠰ": 10,
            "ᡝ": 101,
            "ᡥ": 61,
            "ᠨ": 49,
            "ᡴ": 31,
            "ᡡ": 18,
            "ᠠ": 115,
            "ᡳ": 64,
            "ᠮ": 18,
            "ᠩ": 31,
            "ᡤ": 34,
            "ᡵ": 28,
            "ᡧ": 16,
            "ᡠ": 32,
            "ᠯ": 25,
            "ᠴ": 23,
            "ᠸ": 13,
            "ᡩ": 17,
            "ᡨ": 19,
            "ᠵ": 11,
            "ᠣ": 20,
            "ᡦ": 5,
            "ᡯ": 2,
            "ᠶ": 4,
            "ᡶ": 3
        },
        "roman": {
            "B": 29,
            "S": 10,
            "E": 104,
            "H": 61,
            "N": 82,
            "K": 31,
            "Ū": 19,
            "A": 117,
            "I": 66,
            "M": 18,
            "G": 46,
            "R": 29,
            "Š": 16,
            "U": 31,
            "L": 25,
            "C": 24,
            "F": 14,
            "D": 19,
            "T": 17,
            "J": 11,
            "O": 20,
            "P": 5,
            "Z": 2,
            "Y": 5,
            "W": 3
        }
    }
}