{
    "model_name": "qwen-25-7b",
    "checkpoint": 37000,
    "total_predictions": 218,
    "manchu_word_accuracy": 0.3486238532110092,
    "roman_word_accuracy": 0.3486238532110092,
    "manchu_cer": 0.3169651958642783,
    "roman_cer": 0.3165720110674238,
    "manchu_f1_score": 0.7546193780593191,
    "roman_f1_score": 0.7546351569219892,
    "inference_time": 900.7580684959341,
    "frequent_error": {
        "manchu": {
            "ᡳ": 51,
            "ᠩ": 8,
            "ᠠ": 108,
            "ᡩ": 14,
            "ᠯ": 12,
            "ᠪ": 28,
            "ᡴ": 12,
            "ᠣ": 15,
            "ᡤ": 9,
            "ᠨ": 32,
            "ᡝ": 18,
            "ᠮ": 13,
            "ᡮ": 2,
            "ᠵ": 10,
            "ᠶ": 8,
            "ᠴ": 11,
            "ᡥ": 15,
            "ᡡ": 3,
            "ᡵ": 14,
            "ᠰ": 7,
            "ᡠ": 6,
            "ᡧ": 3,
            "ᠸ": 4,
            "ᡶ": 3
        },
        "roman": {
            "I": 49,
            "N": 39,
            "G": 17,
            "A": 107,
            "D": 14,
            "L": 12,
            "B": 29,
            "K": 11,
            "O": 15,
            "E": 18,
            "M": 14,
            "T": 2,
            "S": 9,
            "J": 10,
            "Y": 8,
            "C": 11,
            "H": 15,
            "Ū": 3,
            "R": 13,
            "U": 7,
            "Š": 3,
            "F": 6
        }
    }
}