{
    "model_name": "qwen-25-7b",
    "checkpoint": 10000,
    "total_predictions": 1000,
    "manchu_word_accuracy": 0.698,
    "roman_word_accuracy": 0.697,
    "manchu_cer": 0.06840947834844903,
    "roman_cer": 0.06858373429975605,
    "manchu_f1_score": 0.9437262650589207,
    "roman_f1_score": 0.9440640892358227,
    "inference_time": 743.0569021701813,
    "frequent_error": {
        "manchu": {
            "ᡴ": 60,
            "ᡨ": 24,
            "ᡠ": 64,
            "ᡝ": 150,
            "ᠨ": 55,
            "ᠠ": 226,
            "ᡳ": 114,
            "ᡥ": 96,
            "ᡡ": 31,
            "ᠣ": 46,
            "ᡩ": 30,
            "ᠪ": 60,
            "ᠩ": 46,
            "ᡤ": 58,
            "ᠯ": 41,
            "ᠰ": 11,
            "ᠮ": 26,
            "ᠵ": 14,
            "ᡵ": 65,
            "ᠴ": 20,
            "ᠸ": 19,
            "ᡧ": 25,
            "ᡯ": 2,
            "ᠶ": 16,
            "ᡦ": 6,
            "ᡶ": 5
        },
        "roman": {
            "K": 59,
            "T": 26,
            "U": 65,
            "W": 10,
            "E": 152,
            "N": 103,
            "A": 234,
            "I": 121,
            "H": 95,
            "Ū": 29,
            "O": 48,
            "D": 32,
            "B": 61,
            "G": 83,
            "L": 43,
            "S": 11,
            "M": 26,
            "J": 15,
            "R": 65,
            "C": 20,
            "F": 17,
            "Š": 26,
            "Z": 2,
            "Y": 16,
            "P": 6
        }
    }
}