{
    "model_name": "qwen-25-7b",
    "checkpoint": 75000,
    "total_predictions": 1000,
    "manchu_word_accuracy": 0.876,
    "roman_word_accuracy": 0.875,
    "manchu_cer": 0.026533210498651656,
    "roman_cer": 0.026554092557769013,
    "manchu_f1_score": 0.9779687682410749,
    "roman_f1_score": 0.9781111364411638,
    "inference_time": 746.0806257724762,
    "frequent_error": {
        "manchu": {
            "ᡴ": 17,
            "ᡥ": 40,
            "ᡡ": 9,
            "ᠨ": 22,
            "ᠠ": 58,
            "ᡳ": 44,
            "ᠮ": 15,
            "ᡝ": 74,
            "ᡵ": 21,
            "ᡠ": 21,
            "ᠯ": 14,
            "ᠴ": 8,
            "ᠸ": 7,
            "ᡩ": 10,
            "ᠩ": 13,
            "ᡤ": 14,
            "ᠣ": 12,
            "ᡧ": 9,
            "ᡦ": 4,
            "ᡯ": 2,
            "ᠵ": 5,
            "ᠪ": 22,
            "ᠰ": 3,
            "ᠶ": 4,
            "ᡨ": 10,
            "ᡶ": 2
        },
        "roman": {
            "K": 17,
            "H": 40,
            "Ū": 9,
            "N": 36,
            "A": 60,
            "I": 46,
            "M": 15,
            "E": 75,
            "R": 21,
            "U": 21,
            "L": 15,
            "C": 8,
            "F": 6,
            "D": 12,
            "G": 18,
            "O": 12,
            "Š": 9,
            "P": 4,
            "Z": 2,
            "J": 5,
            "B": 22,
            "Y": 5,
            "W": 3,
            "S": 3,
            "T": 10
        }
    }
}