{
    "model_name": "qwen-25-7b",
    "checkpoint": 3000,
    "total_predictions": 218,
    "manchu_word_accuracy": 0.14220183486238533,
    "roman_word_accuracy": 0.14220183486238533,
    "manchu_cer": 0.49467926314256616,
    "roman_cer": 0.4979215483802642,
    "manchu_f1_score": 0.6474565084543213,
    "roman_f1_score": 0.6479467809877955,
    "inference_time": 932.3476192054399,
    "frequent_error": {
        "manchu": {
            "ᠪ": 43,
            "ᡳ": 72,
            "ᡴ": 13,
            "ᠠ": 148,
            "ᠴ": 17,
            "ᠮ": 18,
            "ᡝ": 40,
            "ᠨ": 39,
            "ᠣ": 17,
            "ᠯ": 14,
            "ᠵ": 16,
            "ᡠ": 12,
            "ᡥ": 23,
            "ᠶ": 6,
            "ᡡ": 4,
            "ᡵ": 15,
            "ᡶ": 4,
            "ᡧ": 4,
            "ᡩ": 15,
            "ᠰ": 10,
            "ᡤ": 12,
            "ᠸ": 10,
            "ᠩ": 10,
            "ᡮ": 2,
            "ᡨ": 1
        },
        "roman": {
            "B": 43,
            "I": 72,
            "K": 13,
            "A": 147,
            "C": 17,
            "M": 18,
            "E": 41,
            "N": 49,
            "O": 17,
            "L": 14,
            "J": 16,
            "U": 13,
            "H": 24,
            "Y": 6,
            "Ū": 4,
            "R": 14,
            "Š": 4,
            "D": 15,
            "S": 12,
            "G": 19,
            "W": 2,
            "T": 3,
            "F": 11
        }
    }
}