{
    "model_name": "qwen-25-7b",
    "checkpoint": 22000,
    "total_predictions": 218,
    "manchu_word_accuracy": 0.3211009174311927,
    "roman_word_accuracy": 0.3211009174311927,
    "manchu_cer": 0.3145077908839377,
    "roman_cer": 0.31014271151885836,
    "manchu_f1_score": 0.7571874166787819,
    "roman_f1_score": 0.7587021130499697,
    "inference_time": 899.6463171932676,
    "frequent_error": {
        "manchu": {
            "ᠪ": 24,
            "ᠠ": 129,
            "ᡵ": 12,
            "ᡶ": 4,
            "ᠨ": 34,
            "ᠵ": 9,
            "ᡳ": 52,
            "ᠯ": 13,
            "ᡥ": 15,
            "ᡝ": 23,
            "ᠴ": 15,
            "ᡧ": 4,
            "ᡴ": 11,
            "ᡡ": 3,
            "ᡤ": 9,
            "ᠣ": 14,
            "ᡩ": 18,
            "ᠮ": 19,
            "ᠶ": 8,
            "ᠩ": 8,
            "ᡮ": 2,
            "ᠸ": 5,
            "ᠰ": 9,
            "ᡠ": 7
        },
        "roman": {
            "B": 25,
            "A": 125,
            "R": 11,
            "F": 7,
            "N": 41,
            "J": 9,
            "I": 52,
            "L": 12,
            "H": 15,
            "E": 24,
            "C": 15,
            "Š": 4,
            "K": 10,
            "Ū": 3,
            "G": 17,
            "O": 14,
            "D": 18,
            "M": 20,
            "Y": 8,
            "T": 2,
            "S": 11,
            "U": 7,
            "W": 1
        }
    }
}