{
    "model_name": "qwen-25-7b",
    "checkpoint": 39000,
    "total_predictions": 1000,
    "manchu_word_accuracy": 0.795,
    "roman_word_accuracy": 0.795,
    "manchu_cer": 0.04420010259348495,
    "roman_cer": 0.04406220419587294,
    "manchu_f1_score": 0.9633790610513976,
    "roman_f1_score": 0.9636762838339369,
    "inference_time": 744.5172917842865,
    "frequent_error": {
        "manchu": {
            "ᡴ": 39,
            "ᡳ": 71,
            "ᡥ": 53,
            "ᠣ": 16,
            "ᠩ": 38,
            "ᡤ": 39,
            "ᡝ": 107,
            "ᠪ": 29,
            "ᠴ": 19,
            "ᡡ": 22,
            "ᠨ": 29,
            "ᠠ": 138,
            "ᠮ": 20,
            "ᡠ": 34,
            "ᡵ": 44,
            "ᠯ": 31,
            "ᡩ": 15,
            "ᠸ": 11,
            "ᡧ": 16,
            "ᡨ": 14,
            "ᠵ": 12,
            "ᡦ": 6,
            "ᡯ": 2,
            "ᠶ": 12,
            "ᡶ": 4,
            "ᠰ": 7
        },
        "roman": {
            "K": 39,
            "I": 72,
            "H": 53,
            "O": 16,
            "N": 68,
            "G": 56,
            "E": 108,
            "B": 29,
            "C": 19,
            "Ū": 22,
            "A": 140,
            "M": 20,
            "U": 33,
            "R": 44,
            "L": 32,
            "D": 17,
            "F": 11,
            "Š": 17,
            "T": 14,
            "J": 12,
            "P": 6,
            "Z": 2,
            "W": 4,
            "Y": 13,
            "S": 7
        }
    }
}