{
    "model_name": "qwen-25-7b",
    "checkpoint": 46000,
    "total_predictions": 218,
    "manchu_word_accuracy": 0.3302752293577982,
    "roman_word_accuracy": 0.3302752293577982,
    "manchu_cer": 0.33234309014125535,
    "roman_cer": 0.32981469346148257,
    "manchu_f1_score": 0.7573748888576194,
    "roman_f1_score": 0.7598655841370356,
    "inference_time": 916.1661732087441,
    "frequent_error": {
        "manchu": {
            "ᠠ": 123,
            "ᡵ": 14,
            "ᡴ": 10,
            "ᠣ": 17,
            "ᠮ": 15,
            "ᡤ": 11,
            "ᡝ": 20,
            "ᠩ": 9,
            "ᡠ": 9,
            "ᠨ": 39,
            "ᡩ": 21,
            "ᠪ": 26,
            "ᠰ": 7,
            "ᠴ": 12,
            "ᡳ": 50,
            "ᠵ": 9,
            "ᡥ": 17,
            "ᠶ": 7,
            "ᠸ": 4,
            "ᡶ": 3,
            "ᡮ": 2,
            "ᠯ": 13,
            "ᡡ": 2,
            "ᡧ": 2
        },
        "roman": {
            "A": 121,
            "R": 13,
            "K": 9,
            "O": 17,
            "M": 15,
            "G": 19,
            "E": 21,
            "N": 47,
            "D": 21,
            "B": 26,
            "S": 10,
            "C": 12,
            "I": 49,
            "J": 9,
            "H": 17,
            "Y": 7,
            "F": 5,
            "U": 8,
            "T": 2,
            "L": 13,
            "Ū": 2,
            "W": 1,
            "Š": 2
        }
    }
}