{
    "model_name": "qwen-25-7b",
    "checkpoint": 20000,
    "total_predictions": 1000,
    "manchu_word_accuracy": 0.856,
    "roman_word_accuracy": 0.856,
    "manchu_cer": 0.03212024829745416,
    "roman_cer": 0.03200846261581553,
    "manchu_f1_score": 0.9729863211694445,
    "roman_f1_score": 0.9731406961884447,
    "inference_time": 744.7616014480591,
    "frequent_error": {
        "manchu": {
            "ᡴ": 24,
            "ᡳ": 46,
            "ᡥ": 38,
            "ᠣ": 18,
            "ᠩ": 23,
            "ᡤ": 28,
            "ᡝ": 80,
            "ᡨ": 12,
            "ᠮ": 13,
            "ᡠ": 25,
            "ᡵ": 35,
            "ᠯ": 13,
            "ᡩ": 14,
            "ᠨ": 24,
            "ᠠ": 68,
            "ᡡ": 12,
            "ᠵ": 7,
            "ᡧ": 13,
            "ᡦ": 5,
            "ᡯ": 2,
            "ᠸ": 6,
            "ᠪ": 19,
            "ᠰ": 6,
            "ᠶ": 10,
            "ᠴ": 7
        },
        "roman": {
            "K": 24,
            "I": 51,
            "H": 40,
            "O": 18,
            "N": 49,
            "G": 39,
            "E": 82,
            "T": 12,
            "M": 13,
            "U": 25,
            "R": 35,
            "L": 13,
            "D": 15,
            "A": 73,
            "Ū": 12,
            "J": 7,
            "Š": 14,
            "P": 5,
            "Z": 2,
            "F": 4,
            "B": 19,
            "S": 6,
            "Y": 11,
            "W": 3,
            "C": 8
        }
    }
}