{
    "model_name": "qwen-25-7b",
    "checkpoint": 1000,
    "total_predictions": 1000,
    "manchu_word_accuracy": 0.195,
    "roman_word_accuracy": 0.193,
    "manchu_cer": 0.2612174976167627,
    "roman_cer": 0.264743987741705,
    "manchu_f1_score": 0.7974769925091587,
    "roman_f1_score": 0.795881255717652,
    "inference_time": 761.3250513076782,
    "frequent_error": {
        "manchu": {
            "ᡳ": 460,
            "ᠶ": 56,
            "ᠵ": 81,
            "ᠣ": 165,
            "ᡠ": 209,
            "ᠪ": 188,
            "ᠠ": 559,
            "ᠸ": 55,
            "ᡧ": 64,
            "ᡨ": 86,
            "ᠯ": 139,
            "ᡥ": 264,
            "ᡴ": 196,
            "ᡡ": 95,
            "ᠨ": 179,
            "ᡵ": 160,
            "ᡶ": 22,
            "ᡝ": 485,
            "ᠩ": 138,
            "ᡤ": 152,
            "ᠮ": 113,
            "ᡩ": 75,
            "ᠰ": 58,
            "ᠴ": 52,
            "ᡦ": 11,
            "ᡯ": 2
        },
        "roman": {
            "I": 473,
            "Y": 55,
            "J": 84,
            "O": 167,
            "U": 216,
            "B": 194,
            "A": 561,
            "F": 61,
            "Š": 67,
            "T": 87,
            "L": 141,
            "H": 270,
            "K": 201,
            "Ū": 98,
            "N": 314,
            "R": 157,
            "E": 479,
            "W": 23,
            "G": 230,
            "M": 114,
            "D": 78,
            "S": 60,
            "C": 54,
            "P": 11,
            "Z": 2
        }
    }
}