{
    "model_name": "qwen-25-7b",
    "checkpoint": 43000,
    "total_predictions": 218,
    "manchu_word_accuracy": 0.3394495412844037,
    "roman_word_accuracy": 0.3394495412844037,
    "manchu_cer": 0.3173729430610164,
    "roman_cer": 0.3186435124508519,
    "manchu_f1_score": 0.743982223147943,
    "roman_f1_score": 0.743147833008869,
    "inference_time": 893.6403257037522,
    "frequent_error": {
        "manchu": {
            "ᠠ": 130,
            "ᡵ": 16,
            "ᠣ": 17,
            "ᠯ": 13,
            "ᠪ": 31,
            "ᡝ": 28,
            "ᡳ": 49,
            "ᡴ": 12,
            "ᠰ": 8,
            "ᠨ": 37,
            "ᠶ": 7,
            "ᠵ": 9,
            "ᡥ": 13,
            "ᡩ": 13,
            "ᡠ": 12,
            "ᠮ": 18,
            "ᠩ": 10,
            "ᠴ": 12,
            "ᡧ": 3,
            "ᠸ": 5,
            "ᡶ": 3,
            "ᡤ": 10,
            "ᡡ": 4
        },
        "roman": {
            "A": 130,
            "R": 15,
            "O": 17,
            "L": 13,
            "B": 31,
            "E": 29,
            "I": 48,
            "K": 12,
            "S": 11,
            "N": 47,
            "Y": 7,
            "J": 9,
            "H": 13,
            "D": 13,
            "U": 13,
            "M": 18,
            "G": 18,
            "C": 12,
            "T": 2,
            "Š": 3,
            "F": 6,
            "Ū": 4,
            "W": 1
        }
    }
}