{
    "model_name": "qwen-25-7b",
    "checkpoint": 63000,
    "total_predictions": 218,
    "manchu_word_accuracy": 0.3761467889908257,
    "roman_word_accuracy": 0.3761467889908257,
    "manchu_cer": 0.29405307994757535,
    "roman_cer": 0.29092398427260807,
    "manchu_f1_score": 0.7778009759323844,
    "roman_f1_score": 0.7801437679068549,
    "inference_time": 901.4906937922907,
    "frequent_error": {
        "manchu": {
            "ᡳ": 53,
            "ᡮ": 2,
            "ᠠ": 104,
            "ᠨ": 37,
            "ᠵ": 10,
            "ᠶ": 6,
            "ᠩ": 7,
            "ᡡ": 2,
            "ᠴ": 9,
            "ᡝ": 23,
            "ᡩ": 18,
            "ᠣ": 17,
            "ᠮ": 14,
            "ᡤ": 6,
            "ᠰ": 10,
            "ᠪ": 25,
            "ᡠ": 9,
            "ᡥ": 16,
            "ᡴ": 9,
            "ᡵ": 15,
            "ᠯ": 10,
            "ᡶ": 4,
            "ᡧ": 3,
            "ᠸ": 2
        },
        "roman": {
            "I": 49,
            "T": 2,
            "S": 12,
            "A": 102,
            "N": 44,
            "J": 10,
            "Y": 6,
            "G": 13,
            "Ū": 2,
            "C": 9,
            "E": 23,
            "D": 18,
            "O": 17,
            "M": 14,
            "B": 25,
            "U": 9,
            "H": 16,
            "K": 8,
            "R": 14,
            "L": 10,
            "F": 5,
            "Š": 3
        }
    }
}