{
    "model_name": "qwen-25-7b",
    "checkpoint": 2000,
    "total_predictions": 218,
    "manchu_word_accuracy": 0.14678899082568808,
    "roman_word_accuracy": 0.14678899082568808,
    "manchu_cer": 0.5177770496577836,
    "roman_cer": 0.5158185723552696,
    "manchu_f1_score": 0.6126538647095636,
    "roman_f1_score": 0.6135127202652835,
    "inference_time": 940.3072508103257,
    "frequent_error": {
        "manchu": {
            "ᠠ": 173,
            "ᠮ": 28,
            "ᠪ": 34,
            "ᡠ": 15,
            "ᠯ": 15,
            "ᡴ": 15,
            "ᠨ": 41,
            "ᡳ": 73,
            "ᡝ": 40,
            "ᡶ": 6,
            "ᠴ": 20,
            "ᡵ": 19,
            "ᠵ": 13,
            "ᡥ": 29,
            "ᠩ": 9,
            "ᡩ": 18,
            "ᡨ": 2,
            "ᠣ": 13,
            "ᠶ": 8,
            "ᡧ": 5,
            "ᡡ": 5,
            "ᠰ": 8,
            "ᠸ": 8,
            "ᡤ": 13,
            "ᡮ": 2
        },
        "roman": {
            "A": 174,
            "M": 28,
            "B": 34,
            "U": 16,
            "L": 15,
            "K": 16,
            "N": 47,
            "I": 75,
            "E": 41,
            "F": 10,
            "C": 20,
            "R": 19,
            "J": 13,
            "H": 29,
            "G": 20,
            "D": 18,
            "T": 4,
            "O": 13,
            "Y": 8,
            "Š": 5,
            "Ū": 5,
            "S": 10,
            "W": 2
        }
    }
}