{
    "model_name": "qwen-25-7b",
    "checkpoint": 53000,
    "total_predictions": 218,
    "manchu_word_accuracy": 0.3440366972477064,
    "roman_word_accuracy": 0.3440366972477064,
    "manchu_cer": 0.30540629095674976,
    "roman_cer": 0.30589595165283245,
    "manchu_f1_score": 0.7573416592102508,
    "roman_f1_score": 0.7588295601382489,
    "inference_time": 900.9360260919693,
    "frequent_error": {
        "manchu": {
            "ᡮ": 2,
            "ᠠ": 91,
            "ᠨ": 32,
            "ᠵ": 10,
            "ᡳ": 49,
            "ᠶ": 7,
            "ᠩ": 8,
            "ᡧ": 3,
            "ᠪ": 28,
            "ᠯ": 7,
            "ᡤ": 9,
            "ᠣ": 19,
            "ᠴ": 7,
            "ᡠ": 10,
            "ᠰ": 9,
            "ᡵ": 12,
            "ᠮ": 11,
            "ᡝ": 24,
            "ᡴ": 9,
            "ᡥ": 18,
            "ᡡ": 2,
            "ᡩ": 16,
            "ᡶ": 3,
            "ᠸ": 4
        },
        "roman": {
            "T": 2,
            "S": 11,
            "A": 91,
            "N": 40,
            "J": 10,
            "I": 49,
            "Y": 7,
            "G": 16,
            "Š": 3,
            "B": 28,
            "L": 7,
            "O": 19,
            "C": 7,
            "U": 10,
            "R": 12,
            "M": 11,
            "E": 24,
            "K": 10,
            "W": 1,
            "H": 18,
            "Ū": 2,
            "D": 16,
            "F": 6
        }
    }
}