{
    "model_name": "qwen-25-7b",
    "checkpoint": 24000,
    "total_predictions": 218,
    "manchu_word_accuracy": 0.3440366972477064,
    "roman_word_accuracy": 0.3440366972477064,
    "manchu_cer": 0.33685743410514063,
    "roman_cer": 0.3316932430464542,
    "manchu_f1_score": 0.7551798709633091,
    "roman_f1_score": 0.7588856322666364,
    "inference_time": 909.0728081694436,
    "frequent_error": {
        "manchu": {
            "ᠠ": 102,
            "ᠨ": 30,
            "ᠶ": 8,
            "ᡵ": 15,
            "ᡥ": 16,
            "ᡝ": 27,
            "ᠴ": 13,
            "ᡳ": 50,
            "ᡩ": 17,
            "ᠩ": 10,
            "ᡤ": 7,
            "ᠰ": 13,
            "ᠮ": 20,
            "ᠪ": 21,
            "ᡮ": 2,
            "ᠵ": 8,
            "ᡧ": 3,
            "ᡡ": 1,
            "ᡶ": 4,
            "ᠣ": 12,
            "ᡨ": 1,
            "ᡠ": 11,
            "ᠸ": 4,
            "ᠯ": 10,
            "ᡴ": 5
        },
        "roman": {
            "A": 104,
            "N": 38,
            "Y": 8,
            "R": 16,
            "H": 16,
            "E": 27,
            "C": 13,
            "I": 50,
            "D": 15,
            "G": 15,
            "U": 12,
            "S": 15,
            "M": 19,
            "B": 21,
            "T": 3,
            "J": 8,
            "Š": 3,
            "Ū": 1,
            "F": 6,
            "O": 13,
            "L": 10,
            "K": 4,
            "W": 1
        }
    }
}