{
    "model_name": "qwen-25-7b",
    "checkpoint": 19000,
    "total_predictions": 1000,
    "manchu_word_accuracy": 0.849,
    "roman_word_accuracy": 0.849,
    "manchu_cer": 0.0316275317003258,
    "roman_cer": 0.031566532323885246,
    "manchu_f1_score": 0.9730924986611176,
    "roman_f1_score": 0.9733099254754771,
    "inference_time": 744.9870135784149,
    "frequent_error": {
        "manchu": {
            "ᡴ": 27,
            "ᡳ": 45,
            "ᡥ": 42,
            "ᠣ": 19,
            "ᠩ": 30,
            "ᡤ": 32,
            "ᡝ": 83,
            "ᡨ": 9,
            "ᠮ": 15,
            "ᡠ": 26,
            "ᡵ": 37,
            "ᠯ": 14,
            "ᠠ": 76,
            "ᡩ": 12,
            "ᠨ": 29,
            "ᡡ": 15,
            "ᡧ": 14,
            "ᡦ": 5,
            "ᡯ": 2,
            "ᠸ": 6,
            "ᠵ": 9,
            "ᠰ": 9,
            "ᠪ": 20,
            "ᠶ": 12,
            "ᠴ": 7
        },
        "roman": {
            "K": 27,
            "I": 50,
            "H": 43,
            "O": 19,
            "N": 60,
            "G": 43,
            "E": 83,
            "T": 9,
            "M": 15,
            "U": 26,
            "R": 37,
            "L": 14,
            "A": 82,
            "D": 14,
            "Ū": 15,
            "Š": 15,
            "P": 5,
            "Z": 2,
            "F": 4,
            "J": 9,
            "S": 9,
            "B": 20,
            "Y": 13,
            "W": 2,
            "C": 8
        }
    }
}