{
    "model_name": "qwen-25-7b",
    "checkpoint": 6000,
    "total_predictions": 1000,
    "manchu_word_accuracy": 0.567,
    "roman_word_accuracy": 0.566,
    "manchu_cer": 0.11097941911030162,
    "roman_cer": 0.11120766192441901,
    "manchu_f1_score": 0.9111279891409552,
    "roman_f1_score": 0.9114917722457141,
    "inference_time": 737.3320825099945,
    "frequent_error": {
        "manchu": {
            "ᡳ": 243,
            "ᠶ": 17,
            "ᠠ": 306,
            "ᡥ": 144,
            "ᠪ": 101,
            "ᡝ": 228,
            "ᠨ": 81,
            "ᡧ": 47,
            "ᡨ": 64,
            "ᡴ": 83,
            "ᡡ": 49,
            "ᡵ": 94,
            "ᠯ": 89,
            "ᠰ": 20,
            "ᠣ": 66,
            "ᠮ": 45,
            "ᠩ": 63,
            "ᡤ": 70,
            "ᡠ": 107,
            "ᠴ": 43,
            "ᠸ": 26,
            "ᡩ": 37,
            "ᠵ": 25,
            "ᡶ": 8,
            "ᡦ": 8,
            "ᡯ": 2
        },
        "roman": {
            "I": 249,
            "Y": 21,
            "A": 317,
            "H": 143,
            "B": 103,
            "E": 226,
            "N": 145,
            "Š": 47,
            "T": 66,
            "K": 85,
            "Ū": 50,
            "R": 96,
            "L": 88,
            "S": 19,
            "O": 66,
            "F": 30,
            "M": 45,
            "G": 106,
            "U": 109,
            "C": 44,
            "D": 39,
            "W": 7,
            "J": 25,
            "P": 8,
            "Z": 2
        }
    }
}