{
    "model_name": "qwen-25-7b",
    "checkpoint": 13000,
    "total_predictions": 1000,
    "manchu_word_accuracy": 0.777,
    "roman_word_accuracy": 0.777,
    "manchu_cer": 0.05343931591284536,
    "roman_cer": 0.05388562336356457,
    "manchu_f1_score": 0.9564375467606634,
    "roman_f1_score": 0.9557845144648346,
    "inference_time": 747.1501398086548,
    "frequent_error": {
        "manchu": {
            "ᡴ": 41,
            "ᡨ": 19,
            "ᡥ": 72,
            "ᡡ": 20,
            "ᠨ": 26,
            "ᡳ": 88,
            "ᠰ": 13,
            "ᠠ": 147,
            "ᠮ": 23,
            "ᡝ": 112,
            "ᠩ": 39,
            "ᡤ": 41,
            "ᠪ": 40,
            "ᠣ": 32,
            "ᠯ": 28,
            "ᡠ": 30,
            "ᠵ": 14,
            "ᡵ": 43,
            "ᠸ": 7,
            "ᡧ": 14,
            "ᡩ": 23,
            "ᡦ": 6,
            "ᡯ": 2,
            "ᠴ": 10,
            "ᠶ": 12,
            "ᡶ": 4
        },
        "roman": {
            "K": 39,
            "T": 21,
            "H": 70,
            "Ū": 19,
            "N": 68,
            "I": 88,
            "S": 13,
            "A": 149,
            "M": 22,
            "E": 106,
            "G": 61,
            "B": 39,
            "O": 32,
            "L": 29,
            "U": 30,
            "J": 14,
            "R": 42,
            "F": 10,
            "Š": 16,
            "D": 24,
            "P": 6,
            "Z": 2,
            "C": 11,
            "Y": 12,
            "W": 3
        }
    }
}