{
    "model_name": "qwen-25-7b",
    "checkpoint": 75000,
    "total_predictions": 218,
    "manchu_word_accuracy": 0.38073394495412843,
    "roman_word_accuracy": 0.38073394495412843,
    "manchu_cer": 0.2858617300131062,
    "roman_cer": 0.28317860783457116,
    "manchu_f1_score": 0.775869845810483,
    "roman_f1_score": 0.7775308369749818,
    "inference_time": 896.2455572338279,
    "frequent_error": {
        "manchu": {
            "ᠰ": 8,
            "ᡳ": 51,
            "ᡩ": 16,
            "ᡥ": 18,
            "ᠪ": 26,
            "ᡵ": 14,
            "ᡝ": 20,
            "ᡴ": 7,
            "ᠠ": 105,
            "ᠨ": 33,
            "ᡠ": 9,
            "ᠣ": 18,
            "ᠯ": 9,
            "ᠵ": 10,
            "ᠩ": 7,
            "ᡤ": 6,
            "ᠮ": 12,
            "ᠸ": 3,
            "ᠴ": 9,
            "ᠶ": 7,
            "ᡶ": 4,
            "ᡡ": 2,
            "ᡧ": 3,
            "ᡮ": 2
        },
        "roman": {
            "S": 10,
            "I": 49,
            "D": 16,
            "H": 18,
            "B": 26,
            "R": 13,
            "E": 20,
            "K": 6,
            "A": 103,
            "N": 40,
            "U": 9,
            "O": 18,
            "L": 9,
            "J": 10,
            "G": 13,
            "M": 12,
            "F": 6,
            "C": 9,
            "Y": 7,
            "Ū": 2,
            "Š": 3,
            "T": 2
        }
    }
}