{
    "model_name": "qwen-25-7b",
    "checkpoint": 59000,
    "total_predictions": 1000,
    "manchu_word_accuracy": 0.847,
    "roman_word_accuracy": 0.847,
    "manchu_cer": 0.03316845385007148,
    "roman_cer": 0.033403297519473976,
    "manchu_f1_score": 0.9722385858877574,
    "roman_f1_score": 0.9723078538305228,
    "inference_time": 744.6827261447906,
    "frequent_error": {
        "manchu": {
            "ᡴ": 23,
            "ᡥ": 46,
            "ᡡ": 12,
            "ᠨ": 29,
            "ᠠ": 97,
            "ᡳ": 48,
            "ᠮ": 16,
            "ᡵ": 27,
            "ᡧ": 15,
            "ᡝ": 77,
            "ᠩ": 22,
            "ᡤ": 22,
            "ᡠ": 28,
            "ᠴ": 10,
            "ᡩ": 11,
            "ᠣ": 12,
            "ᠯ": 17,
            "ᠵ": 6,
            "ᡦ": 4,
            "ᡯ": 2,
            "ᡶ": 2,
            "ᡨ": 11,
            "ᠪ": 25,
            "ᠸ": 6,
            "ᠰ": 5,
            "ᠶ": 8
        },
        "roman": {
            "K": 23,
            "H": 48,
            "Ū": 12,
            "N": 52,
            "A": 102,
            "I": 52,
            "M": 15,
            "R": 27,
            "Š": 15,
            "E": 79,
            "G": 34,
            "U": 26,
            "C": 10,
            "D": 13,
            "O": 12,
            "L": 19,
            "B": 24,
            "J": 6,
            "P": 4,
            "Z": 2,
            "F": 6,
            "T": 11,
            "S": 5,
            "Y": 10,
            "W": 3
        }
    }
}