{
    "model_name": "qwen-25-7b",
    "checkpoint": 41000,
    "total_predictions": 1000,
    "manchu_word_accuracy": 0.779,
    "roman_word_accuracy": 0.78,
    "manchu_cer": 0.048593706375324085,
    "roman_cer": 0.04845701836003699,
    "manchu_f1_score": 0.9596584159297056,
    "roman_f1_score": 0.9601436659318218,
    "inference_time": 747.4646751880646,
    "frequent_error": {
        "manchu": {
            "ᡴ": 38,
            "ᠪ": 39,
            "ᡥ": 70,
            "ᡡ": 25,
            "ᠨ": 31,
            "ᠰ": 13,
            "ᠠ": 126,
            "ᠮ": 18,
            "ᡝ": 144,
            "ᠩ": 32,
            "ᡤ": 35,
            "ᠯ": 28,
            "ᡵ": 37,
            "ᡠ": 41,
            "ᡳ": 85,
            "ᠴ": 23,
            "ᡩ": 26,
            "ᡧ": 11,
            "ᡨ": 15,
            "ᠣ": 25,
            "ᠵ": 20,
            "ᡦ": 5,
            "ᡯ": 2,
            "ᠸ": 9,
            "ᠶ": 9,
            "ᡶ": 1
        },
        "roman": {
            "K": 38,
            "B": 39,
            "H": 69,
            "Ū": 25,
            "N": 61,
            "S": 13,
            "A": 132,
            "M": 18,
            "E": 143,
            "G": 42,
            "L": 32,
            "R": 37,
            "U": 40,
            "I": 89,
            "C": 22,
            "D": 28,
            "Š": 11,
            "T": 17,
            "O": 26,
            "J": 20,
            "P": 5,
            "Z": 2,
            "F": 10,
            "Y": 10,
            "W": 3
        }
    }
}