{
    "model_name": "qwen-25-7b",
    "checkpoint": 70000,
    "total_predictions": 218,
    "manchu_word_accuracy": 0.3853211009174312,
    "roman_word_accuracy": 0.3853211009174312,
    "manchu_cer": 0.28023154215814766,
    "roman_cer": 0.2780344400757245,
    "manchu_f1_score": 0.7817405790827268,
    "roman_f1_score": 0.782760495186291,
    "inference_time": 893.2805148833388,
    "frequent_error": {
        "manchu": {
            "ᠠ": 106,
            "ᠮ": 13,
            "ᠪ": 26,
            "ᠨ": 35,
            "ᠵ": 11,
            "ᡳ": 53,
            "ᡠ": 9,
            "ᡥ": 19,
            "ᠩ": 7,
            "ᡵ": 14,
            "ᡝ": 21,
            "ᠴ": 9,
            "ᡴ": 8,
            "ᠸ": 3,
            "ᠯ": 11,
            "ᡩ": 16,
            "ᠣ": 18,
            "ᡧ": 3,
            "ᡮ": 2,
            "ᠶ": 7,
            "ᡤ": 6,
            "ᡶ": 4,
            "ᡡ": 2,
            "ᠰ": 8
        },
        "roman": {
            "A": 104,
            "M": 13,
            "B": 26,
            "N": 41,
            "J": 11,
            "I": 49,
            "U": 8,
            "H": 19,
            "G": 13,
            "R": 13,
            "E": 21,
            "C": 9,
            "K": 7,
            "F": 6,
            "L": 11,
            "D": 16,
            "O": 18,
            "Š": 3,
            "T": 2,
            "S": 10,
            "Y": 7,
            "Ū": 2
        }
    }
}