{
    "model_name": "qwen-25-7b",
    "checkpoint": 6000,
    "total_predictions": 218,
    "manchu_word_accuracy": 0.1834862385321101,
    "roman_word_accuracy": 0.1834862385321101,
    "manchu_cer": 0.44975243920198027,
    "roman_cer": 0.4426463190224657,
    "manchu_f1_score": 0.6707177806004035,
    "roman_f1_score": 0.6716430148971975,
    "inference_time": 912.2702998852511,
    "frequent_error": {
        "manchu": {
            "ᠩ": 10,
            "ᡴ": 10,
            "ᡳ": 74,
            "ᠰ": 13,
            "ᡝ": 32,
            "ᠠ": 144,
            "ᠮ": 21,
            "ᠯ": 16,
            "ᠶ": 7,
            "ᠪ": 33,
            "ᠣ": 28,
            "ᠴ": 14,
            "ᠨ": 36,
            "ᡥ": 19,
            "ᡵ": 19,
            "ᡩ": 16,
            "ᡮ": 2,
            "ᠵ": 11,
            "ᡠ": 10,
            "ᡤ": 10,
            "ᠸ": 7,
            "ᡶ": 4,
            "ᡧ": 5,
            "ᡡ": 3,
            "ᡨ": 1
        },
        "roman": {
            "N": 43,
            "G": 19,
            "S": 15,
            "E": 32,
            "A": 144,
            "M": 21,
            "L": 16,
            "Y": 7,
            "B": 33,
            "O": 28,
            "C": 14,
            "I": 70,
            "H": 19,
            "R": 19,
            "D": 16,
            "K": 9,
            "T": 3,
            "J": 9,
            "U": 11,
            "F": 9,
            "Š": 5,
            "Ū": 3,
            "W": 1
        }
    }
}