{
    "model_name": "qwen-25-7b",
    "checkpoint": 36000,
    "total_predictions": 1000,
    "manchu_word_accuracy": 0.786,
    "roman_word_accuracy": 0.786,
    "manchu_cer": 0.047649296047090194,
    "roman_cer": 0.04744840826957704,
    "manchu_f1_score": 0.9624699857474686,
    "roman_f1_score": 0.9628293764051757,
    "inference_time": 746.559553861618,
    "frequent_error": {
        "manchu": {
            "ᠪ": 33,
            "ᡨ": 21,
            "ᠨ": 36,
            "ᠠ": 128,
            "ᡴ": 38,
            "ᡳ": 79,
            "ᠰ": 8,
            "ᠮ": 19,
            "ᡝ": 119,
            "ᠩ": 37,
            "ᡤ": 38,
            "ᡠ": 35,
            "ᠣ": 27,
            "ᡥ": 68,
            "ᡡ": 25,
            "ᠯ": 23,
            "ᡩ": 19,
            "ᡧ": 25,
            "ᡵ": 46,
            "ᠴ": 14,
            "ᡦ": 6,
            "ᡯ": 2,
            "ᠵ": 13,
            "ᠶ": 12,
            "ᠸ": 5,
            "ᡶ": 2
        },
        "roman": {
            "B": 29,
            "T": 23,
            "N": 75,
            "A": 133,
            "K": 39,
            "I": 83,
            "S": 8,
            "M": 18,
            "E": 114,
            "G": 50,
            "U": 32,
            "O": 27,
            "H": 66,
            "Ū": 24,
            "L": 24,
            "D": 21,
            "Š": 27,
            "R": 45,
            "C": 14,
            "P": 6,
            "Z": 2,
            "J": 13,
            "Y": 13,
            "W": 2,
            "F": 5
        }
    }
}