{
    "model_name": "qwen-25-7b",
    "checkpoint": 49000,
    "total_predictions": 1000,
    "manchu_word_accuracy": 0.833,
    "roman_word_accuracy": 0.833,
    "manchu_cer": 0.03621462638668519,
    "roman_cer": 0.03669804278538798,
    "manchu_f1_score": 0.9705623509717898,
    "roman_f1_score": 0.9707376182291381,
    "inference_time": 745.1133997440338,
    "frequent_error": {
        "manchu": {
            "ᡴ": 36,
            "ᡥ": 49,
            "ᡡ": 23,
            "ᠨ": 33,
            "ᠠ": 79,
            "ᡳ": 58,
            "ᠮ": 12,
            "ᡝ": 91,
            "ᠩ": 25,
            "ᡤ": 29,
            "ᡵ": 30,
            "ᡨ": 15,
            "ᠪ": 21,
            "ᡠ": 25,
            "ᠴ": 12,
            "ᠸ": 7,
            "ᡩ": 17,
            "ᠣ": 13,
            "ᡧ": 14,
            "ᠯ": 17,
            "ᡦ": 4,
            "ᡯ": 2,
            "ᠵ": 7,
            "ᠶ": 10,
            "ᠰ": 4,
            "ᡶ": 2
        },
        "roman": {
            "K": 37,
            "H": 49,
            "Ū": 23,
            "N": 59,
            "A": 80,
            "I": 63,
            "M": 12,
            "E": 92,
            "G": 40,
            "R": 30,
            "T": 15,
            "B": 20,
            "U": 24,
            "C": 12,
            "F": 7,
            "D": 19,
            "O": 13,
            "Š": 14,
            "L": 17,
            "P": 4,
            "Z": 2,
            "J": 7,
            "Y": 11,
            "S": 4,
            "W": 4
        }
    }
}