{
    "model_name": "qwen-25-7b",
    "checkpoint": 14000,
    "total_predictions": 218,
    "manchu_word_accuracy": 0.28440366972477066,
    "roman_word_accuracy": 0.28440366972477066,
    "manchu_cer": 0.37268821901849436,
    "roman_cer": 0.37684396388524843,
    "manchu_f1_score": 0.7209198982944263,
    "roman_f1_score": 0.7206597624941279,
    "inference_time": 904.5678880236565,
    "frequent_error": {
        "manchu": {
            "ᠠ": 138,
            "ᠪ": 36,
            "ᡳ": 48,
            "ᡴ": 14,
            "ᠮ": 19,
            "ᠴ": 13,
            "ᡝ": 25,
            "ᡩ": 24,
            "ᠣ": 19,
            "ᠯ": 15,
            "ᡥ": 16,
            "ᡡ": 4,
            "ᠨ": 37,
            "ᡧ": 3,
            "ᡵ": 12,
            "ᡠ": 11,
            "ᠶ": 9,
            "ᠵ": 10,
            "ᠸ": 5,
            "ᠩ": 8,
            "ᠰ": 8,
            "ᡶ": 4,
            "ᡤ": 7,
            "ᡨ": 1
        },
        "roman": {
            "A": 138,
            "B": 36,
            "I": 45,
            "K": 13,
            "M": 19,
            "C": 13,
            "E": 26,
            "D": 24,
            "O": 19,
            "L": 15,
            "H": 16,
            "Ū": 4,
            "N": 45,
            "Š": 3,
            "R": 11,
            "U": 11,
            "Y": 9,
            "J": 10,
            "F": 7,
            "G": 15,
            "S": 10,
            "T": 3,
            "W": 1
        }
    }
}