{
    "model_name": "qwen-25-7b",
    "checkpoint": 21000,
    "total_predictions": 1000,
    "manchu_word_accuracy": 0.855,
    "roman_word_accuracy": 0.854,
    "manchu_cer": 0.03189672264010497,
    "roman_cer": 0.03191855946341238,
    "manchu_f1_score": 0.9737017180310372,
    "roman_f1_score": 0.9737247997312284,
    "inference_time": 744.9043076038361,
    "frequent_error": {
        "manchu": {
            "ᡨ": 16,
            "ᠮ": 13,
            "ᡝ": 80,
            "ᠩ": 25,
            "ᡤ": 27,
            "ᡠ": 23,
            "ᡵ": 33,
            "ᠯ": 13,
            "ᡴ": 23,
            "ᡩ": 13,
            "ᠨ": 24,
            "ᠠ": 69,
            "ᡡ": 13,
            "ᡳ": 47,
            "ᠵ": 6,
            "ᠣ": 14,
            "ᡧ": 15,
            "ᡥ": 37,
            "ᡦ": 5,
            "ᡯ": 2,
            "ᠸ": 6,
            "ᠪ": 20,
            "ᠰ": 7,
            "ᠶ": 10,
            "ᠴ": 8,
            "ᡶ": 2
        },
        "roman": {
            "T": 16,
            "M": 13,
            "E": 81,
            "N": 51,
            "G": 40,
            "U": 22,
            "R": 32,
            "L": 13,
            "K": 22,
            "D": 14,
            "A": 73,
            "Ū": 12,
            "I": 52,
            "J": 6,
            "O": 14,
            "Š": 16,
            "H": 39,
            "P": 5,
            "Z": 2,
            "F": 6,
            "B": 20,
            "S": 7,
            "Y": 11,
            "W": 2,
            "C": 9
        }
    }
}