{
    "model_name": "qwen-25-7b",
    "checkpoint": 51000,
    "total_predictions": 1000,
    "manchu_word_accuracy": 0.857,
    "roman_word_accuracy": 0.856,
    "manchu_cer": 0.032969909747115604,
    "roman_cer": 0.03325820182569405,
    "manchu_f1_score": 0.9734538995977678,
    "roman_f1_score": 0.9736644455502419,
    "inference_time": 745.1059758663177,
    "frequent_error": {
        "manchu": {
            "ᡴ": 23,
            "ᡥ": 45,
            "ᡡ": 13,
            "ᠨ": 26,
            "ᠠ": 77,
            "ᡳ": 53,
            "ᠮ": 11,
            "ᡝ": 79,
            "ᠩ": 23,
            "ᡤ": 24,
            "ᡵ": 29,
            "ᠴ": 7,
            "ᡩ": 11,
            "ᠯ": 21,
            "ᠸ": 9,
            "ᠣ": 18,
            "ᡧ": 15,
            "ᠵ": 10,
            "ᠪ": 21,
            "ᡦ": 4,
            "ᡯ": 2,
            "ᡠ": 25,
            "ᡨ": 10,
            "ᠰ": 4,
            "ᠶ": 7,
            "ᡶ": 1
        },
        "roman": {
            "K": 25,
            "H": 46,
            "Ū": 13,
            "N": 51,
            "A": 81,
            "I": 60,
            "M": 11,
            "E": 80,
            "G": 31,
            "R": 29,
            "C": 7,
            "D": 13,
            "L": 22,
            "F": 8,
            "O": 18,
            "Š": 15,
            "J": 10,
            "B": 20,
            "P": 4,
            "Z": 2,
            "U": 24,
            "T": 10,
            "S": 5,
            "Y": 10,
            "W": 2
        }
    }
}