{
    "model_name": "qwen-25-7b",
    "checkpoint": 28000,
    "total_predictions": 1000,
    "manchu_word_accuracy": 0.756,
    "roman_word_accuracy": 0.756,
    "manchu_cer": 0.05351664822106004,
    "roman_cer": 0.0532754241630403,
    "manchu_f1_score": 0.9577506521711334,
    "roman_f1_score": 0.9582687487108734,
    "inference_time": 743.6076958179474,
    "frequent_error": {
        "manchu": {
            "ᠠ": 164,
            "ᡥ": 79,
            "ᡴ": 49,
            "ᡡ": 33,
            "ᠨ": 51,
            "ᡳ": 101,
            "ᠣ": 31,
            "ᠰ": 15,
            "ᠮ": 20,
            "ᡝ": 131,
            "ᠩ": 53,
            "ᡤ": 58,
            "ᡠ": 54,
            "ᠵ": 17,
            "ᡵ": 57,
            "ᠯ": 26,
            "ᠴ": 17,
            "ᡧ": 19,
            "ᡩ": 20,
            "ᠸ": 15,
            "ᡨ": 25,
            "ᠪ": 37,
            "ᡯ": 2,
            "ᠶ": 13,
            "ᡦ": 3
        },
        "roman": {
            "A": 168,
            "H": 81,
            "K": 49,
            "Ū": 33,
            "N": 106,
            "I": 104,
            "O": 31,
            "S": 15,
            "M": 20,
            "E": 139,
            "G": 88,
            "U": 55,
            "J": 18,
            "R": 57,
            "L": 28,
            "C": 18,
            "Š": 19,
            "D": 23,
            "W": 6,
            "T": 28,
            "B": 38,
            "Z": 2,
            "F": 10,
            "Y": 14,
            "P": 3
        }
    }
}