{
    "model_name": "qwen-25-7b",
    "checkpoint": 28000,
    "total_predictions": 218,
    "manchu_word_accuracy": 0.27522935779816515,
    "roman_word_accuracy": 0.27522935779816515,
    "manchu_cer": 0.3662662006698705,
    "roman_cer": 0.36730261328885183,
    "manchu_f1_score": 0.7393939820747696,
    "roman_f1_score": 0.7399126604153299,
    "inference_time": 911.3375560952983,
    "frequent_error": {
        "manchu": {
            "ᡴ": 10,
            "ᠨ": 38,
            "ᡵ": 16,
            "ᠠ": 121,
            "ᡝ": 26,
            "ᠪ": 28,
            "ᠯ": 14,
            "ᡳ": 49,
            "ᠰ": 11,
            "ᠸ": 7,
            "ᡠ": 10,
            "ᡥ": 18,
            "ᡩ": 19,
            "ᠩ": 10,
            "ᡤ": 8,
            "ᠣ": 12,
            "ᠶ": 8,
            "ᠵ": 11,
            "ᠮ": 18,
            "ᡶ": 4,
            "ᠴ": 12,
            "ᡮ": 2,
            "ᡧ": 4,
            "ᡡ": 1
        },
        "roman": {
            "K": 10,
            "N": 48,
            "R": 17,
            "A": 123,
            "E": 26,
            "B": 28,
            "L": 14,
            "I": 49,
            "S": 13,
            "F": 9,
            "U": 11,
            "H": 18,
            "D": 19,
            "G": 17,
            "O": 12,
            "Y": 8,
            "J": 11,
            "M": 18,
            "C": 12,
            "T": 2,
            "Š": 4,
            "Ū": 1,
            "W": 1
        }
    }
}