{
    "model_name": "qwen-25-7b",
    "checkpoint": 7000,
    "total_predictions": 218,
    "manchu_word_accuracy": 0.20642201834862386,
    "roman_word_accuracy": 0.20642201834862386,
    "manchu_cer": 0.4691331731469344,
    "roman_cer": 0.46915683704674527,
    "manchu_f1_score": 0.6662321918510324,
    "roman_f1_score": 0.6682030223179715,
    "inference_time": 941.7416765055525,
    "frequent_error": {
        "manchu": {
            "ᠠ": 143,
            "ᠸ": 9,
            "ᡳ": 68,
            "ᡩ": 24,
            "ᠪ": 24,
            "ᡠ": 12,
            "ᠯ": 14,
            "ᠴ": 17,
            "ᡵ": 14,
            "ᠣ": 25,
            "ᡴ": 13,
            "ᠨ": 39,
            "ᠵ": 13,
            "ᡥ": 16,
            "ᡧ": 3,
            "ᡡ": 3,
            "ᠮ": 18,
            "ᠩ": 5,
            "ᡶ": 3,
            "ᡤ": 8,
            "ᡝ": 29,
            "ᡮ": 2,
            "ᠶ": 6,
            "ᠰ": 8
        },
        "roman": {
            "A": 142,
            "F": 12,
            "I": 69,
            "D": 24,
            "B": 24,
            "U": 12,
            "L": 14,
            "C": 17,
            "R": 13,
            "O": 25,
            "K": 12,
            "N": 46,
            "J": 13,
            "H": 16,
            "Š": 3,
            "Ū": 3,
            "M": 18,
            "G": 13,
            "E": 28,
            "T": 2,
            "S": 10,
            "Y": 6
        }
    }
}