{
    "model_name": "qwen-25-7b",
    "checkpoint": 62000,
    "total_predictions": 218,
    "manchu_word_accuracy": 0.3761467889908257,
    "roman_word_accuracy": 0.3761467889908257,
    "manchu_cer": 0.2769932284840542,
    "roman_cer": 0.27540228629678176,
    "manchu_f1_score": 0.7809396875236059,
    "roman_f1_score": 0.7824939436650179,
    "inference_time": 892.6087650684042,
    "frequent_error": {
        "manchu": {
            "ᠣ": 20,
            "ᡳ": 48,
            "ᠨ": 35,
            "ᠠ": 90,
            "ᠴ": 8,
            "ᠪ": 23,
            "ᡠ": 7,
            "ᠮ": 13,
            "ᡝ": 23,
            "ᡤ": 5,
            "ᡩ": 18,
            "ᠩ": 7,
            "ᡮ": 2,
            "ᠵ": 9,
            "ᠶ": 6,
            "ᠰ": 10,
            "ᡴ": 7,
            "ᡥ": 16,
            "ᡵ": 14,
            "ᠸ": 2,
            "ᠯ": 7,
            "ᡧ": 3,
            "ᡡ": 2,
            "ᡶ": 3
        },
        "roman": {
            "O": 20,
            "I": 48,
            "N": 43,
            "A": 90,
            "C": 8,
            "B": 23,
            "U": 8,
            "M": 13,
            "E": 23,
            "G": 12,
            "D": 18,
            "T": 2,
            "S": 12,
            "J": 9,
            "Y": 6,
            "K": 8,
            "H": 16,
            "R": 13,
            "F": 4,
            "L": 7,
            "Š": 3,
            "Ū": 2
        }
    }
}