{
    "model_name": "qwen-25-7b",
    "checkpoint": 27000,
    "total_predictions": 218,
    "manchu_word_accuracy": 0.27522935779816515,
    "roman_word_accuracy": 0.27522935779816515,
    "manchu_cer": 0.36222513470219897,
    "roman_cer": 0.3608890345128878,
    "manchu_f1_score": 0.7151362840852857,
    "roman_f1_score": 0.716143692459127,
    "inference_time": 900.5693995624507,
    "frequent_error": {
        "manchu": {
            "ᡤ": 9,
            "ᡮ": 2,
            "ᠠ": 117,
            "ᠨ": 41,
            "ᠵ": 8,
            "ᡳ": 59,
            "ᠶ": 5,
            "ᠩ": 8,
            "ᡴ": 9,
            "ᡩ": 21,
            "ᠰ": 11,
            "ᠯ": 14,
            "ᠮ": 21,
            "ᠪ": 35,
            "ᡥ": 20,
            "ᡝ": 28,
            "ᠣ": 21,
            "ᠴ": 14,
            "ᡵ": 17,
            "ᡠ": 10,
            "ᡶ": 4,
            "ᡧ": 5,
            "ᠸ": 7,
            "ᡡ": 4
        },
        "roman": {
            "G": 16,
            "T": 2,
            "S": 13,
            "A": 115,
            "N": 50,
            "J": 8,
            "I": 59,
            "Y": 5,
            "K": 9,
            "D": 21,
            "L": 14,
            "M": 22,
            "B": 36,
            "H": 20,
            "E": 28,
            "O": 21,
            "C": 14,
            "R": 16,
            "U": 11,
            "Š": 5,
            "F": 9,
            "W": 1,
            "Ū": 4
        }
    }
}