{
    "model_name": "qwen-25-7b",
    "checkpoint": 46000,
    "total_predictions": 1000,
    "manchu_word_accuracy": 0.823,
    "roman_word_accuracy": 0.823,
    "manchu_cer": 0.03904273153317271,
    "roman_cer": 0.038954165584157846,
    "manchu_f1_score": 0.9672889881166664,
    "roman_f1_score": 0.9677310280869958,
    "inference_time": 746.069554567337,
    "frequent_error": {
        "manchu": {
            "ᡥ": 54,
            "ᡡ": 17,
            "ᠨ": 40,
            "ᠠ": 100,
            "ᡴ": 31,
            "ᡳ": 62,
            "ᠰ": 7,
            "ᠮ": 15,
            "ᡝ": 81,
            "ᡵ": 29,
            "ᠩ": 25,
            "ᡤ": 26,
            "ᡠ": 23,
            "ᠯ": 15,
            "ᠴ": 10,
            "ᡩ": 15,
            "ᠵ": 11,
            "ᠣ": 26,
            "ᠪ": 24,
            "ᡧ": 10,
            "ᡦ": 4,
            "ᡯ": 2,
            "ᠸ": 5,
            "ᡨ": 11,
            "ᠶ": 8,
            "ᡶ": 5
        },
        "roman": {
            "H": 57,
            "Ū": 18,
            "N": 68,
            "A": 113,
            "K": 32,
            "I": 68,
            "S": 7,
            "M": 16,
            "E": 84,
            "R": 30,
            "G": 37,
            "U": 23,
            "L": 17,
            "C": 10,
            "D": 17,
            "J": 11,
            "O": 26,
            "B": 26,
            "Š": 10,
            "P": 4,
            "Z": 2,
            "F": 9,
            "T": 13,
            "Y": 11
        }
    }
}