{
    "model_name": "qwen-25-7b",
    "checkpoint": 53000,
    "total_predictions": 1000,
    "manchu_word_accuracy": 0.862,
    "roman_word_accuracy": 0.862,
    "manchu_cer": 0.033016523264317366,
    "roman_cer": 0.03284663612531258,
    "manchu_f1_score": 0.9735807760258041,
    "roman_f1_score": 0.9739630427601295,
    "inference_time": 745.7253088951111,
    "frequent_error": {
        "manchu": {
            "ᡴ": 27,
            "ᡥ": 47,
            "ᡡ": 14,
            "ᠨ": 30,
            "ᠠ": 82,
            "ᡳ": 56,
            "ᠮ": 16,
            "ᡝ": 82,
            "ᠩ": 31,
            "ᡤ": 30,
            "ᡵ": 29,
            "ᠪ": 25,
            "ᡠ": 29,
            "ᠯ": 22,
            "ᡨ": 14,
            "ᠴ": 11,
            "ᡩ": 8,
            "ᠣ": 27,
            "ᡧ": 11,
            "ᡦ": 5,
            "ᡯ": 2,
            "ᠵ": 6,
            "ᠸ": 10,
            "ᠰ": 7,
            "ᠶ": 6,
            "ᡶ": 2
        },
        "roman": {
            "K": 27,
            "H": 47,
            "Ū": 14,
            "N": 64,
            "A": 88,
            "I": 58,
            "M": 16,
            "E": 85,
            "G": 42,
            "R": 29,
            "B": 22,
            "U": 26,
            "L": 24,
            "T": 16,
            "C": 11,
            "D": 10,
            "O": 27,
            "Š": 11,
            "P": 5,
            "Z": 2,
            "J": 6,
            "F": 10,
            "S": 7,
            "Y": 7,
            "W": 3
        }
    }
}