{
    "model_name": "qwen-25-7b",
    "checkpoint": 59000,
    "total_predictions": 218,
    "manchu_word_accuracy": 0.3577981651376147,
    "roman_word_accuracy": 0.3577981651376147,
    "manchu_cer": 0.2921854521625163,
    "roman_cer": 0.28992828018057365,
    "manchu_f1_score": 0.7680808398293557,
    "roman_f1_score": 0.7683320951399741,
    "inference_time": 895.1528816048159,
    "frequent_error": {
        "manchu": {
            "ᡝ": 21,
            "ᠠ": 123,
            "ᠪ": 30,
            "ᡩ": 18,
            "ᠯ": 13,
            "ᡳ": 50,
            "ᠣ": 16,
            "ᠮ": 14,
            "ᠩ": 8,
            "ᠰ": 8,
            "ᡵ": 13,
            "ᠴ": 9,
            "ᡡ": 2,
            "ᠨ": 33,
            "ᠵ": 9,
            "ᡥ": 19,
            "ᡧ": 3,
            "ᡴ": 9,
            "ᡮ": 2,
            "ᠶ": 5,
            "ᡤ": 8,
            "ᠸ": 4,
            "ᡶ": 4,
            "ᡠ": 8
        },
        "roman": {
            "E": 21,
            "A": 121,
            "B": 30,
            "D": 18,
            "L": 13,
            "I": 49,
            "O": 16,
            "M": 14,
            "N": 41,
            "G": 15,
            "S": 10,
            "R": 12,
            "C": 9,
            "Ū": 2,
            "J": 9,
            "H": 19,
            "Š": 3,
            "K": 8,
            "T": 2,
            "Y": 5,
            "U": 9,
            "F": 6,
            "W": 1
        }
    }
}