{
    "model_name": "qwen-25-7b",
    "checkpoint": 8000,
    "total_predictions": 1000,
    "manchu_word_accuracy": 0.64,
    "roman_word_accuracy": 0.639,
    "manchu_cer": 0.08398577721298321,
    "roman_cer": 0.08424052228301464,
    "manchu_f1_score": 0.9313526198165651,
    "roman_f1_score": 0.9315853416306245,
    "inference_time": 740.7715289592743,
    "frequent_error": {
        "manchu": {
            "ᠵ": 31,
            "ᠣ": 56,
            "ᡥ": 108,
            "ᡧ": 30,
            "ᡵ": 64,
            "ᠩ": 53,
            "ᡤ": 60,
            "ᡝ": 205,
            "ᡳ": 178,
            "ᡴ": 60,
            "ᡡ": 27,
            "ᠨ": 58,
            "ᠠ": 214,
            "ᠰ": 20,
            "ᠴ": 20,
            "ᡩ": 40,
            "ᡠ": 77,
            "ᠸ": 14,
            "ᠮ": 30,
            "ᠪ": 62,
            "ᠶ": 18,
            "ᠯ": 57,
            "ᡨ": 44,
            "ᡶ": 6,
            "ᡦ": 7,
            "ᡯ": 2
        },
        "roman": {
            "J": 31,
            "O": 58,
            "H": 107,
            "Š": 31,
            "R": 65,
            "N": 113,
            "G": 91,
            "E": 209,
            "I": 178,
            "K": 62,
            "Ū": 29,
            "A": 209,
            "S": 20,
            "C": 21,
            "D": 42,
            "U": 75,
            "F": 14,
            "M": 29,
            "B": 58,
            "Y": 19,
            "L": 59,
            "T": 44,
            "W": 7,
            "P": 7,
            "Z": 2
        }
    }
}