{
    "model_name": "qwen-25-7b",
    "checkpoint": 57000,
    "total_predictions": 218,
    "manchu_word_accuracy": 0.43577981651376146,
    "roman_word_accuracy": 0.43577981651376146,
    "manchu_cer": 0.25180755788553955,
    "roman_cer": 0.24834898791320806,
    "manchu_f1_score": 0.7914557387506658,
    "roman_f1_score": 0.7930196991651389,
    "inference_time": 882.0798200204832,
    "frequent_error": {
        "manchu": {
            "ᠪ": 22,
            "ᡩ": 15,
            "ᡥ": 15,
            "ᡵ": 9,
            "ᠮ": 13,
            "ᡝ": 22,
            "ᠠ": 82,
            "ᠣ": 19,
            "ᡳ": 45,
            "ᡤ": 7,
            "ᠨ": 32,
            "ᠴ": 9,
            "ᠰ": 7,
            "ᡮ": 2,
            "ᠵ": 7,
            "ᠶ": 6,
            "ᠩ": 8,
            "ᡴ": 8,
            "ᠯ": 6,
            "ᡶ": 3,
            "ᡧ": 4,
            "ᠸ": 3,
            "ᡡ": 2,
            "ᡠ": 8
        },
        "roman": {
            "B": 22,
            "D": 15,
            "H": 15,
            "R": 8,
            "M": 13,
            "E": 22,
            "A": 78,
            "O": 19,
            "I": 47,
            "G": 14,
            "N": 40,
            "C": 9,
            "S": 9,
            "T": 2,
            "J": 7,
            "Y": 6,
            "K": 9,
            "L": 6,
            "Š": 4,
            "F": 4,
            "Ū": 2,
            "U": 9,
            "W": 1
        }
    }
}