{
    "model_name": "qwen-25-7b",
    "checkpoint": 49000,
    "total_predictions": 218,
    "manchu_word_accuracy": 0.3348623853211009,
    "roman_word_accuracy": 0.3348623853211009,
    "manchu_cer": 0.2878877238968982,
    "roman_cer": 0.28831731469346145,
    "manchu_f1_score": 0.7698425727297832,
    "roman_f1_score": 0.7716054887128826,
    "inference_time": 893.0758872163406,
    "frequent_error": {
        "manchu": {
            "ᡩ": 18,
            "ᠮ": 12,
            "ᡝ": 26,
            "ᠠ": 102,
            "ᡳ": 55,
            "ᠩ": 8,
            "ᠣ": 17,
            "ᠨ": 38,
            "ᠵ": 10,
            "ᡵ": 16,
            "ᡤ": 9,
            "ᠴ": 9,
            "ᠸ": 4,
            "ᠪ": 21,
            "ᡶ": 4,
            "ᠶ": 6,
            "ᡴ": 11,
            "ᡥ": 17,
            "ᠯ": 9,
            "ᡠ": 7,
            "ᠰ": 8,
            "ᡧ": 3,
            "ᡡ": 2
        },
        "roman": {
            "D": 18,
            "M": 12,
            "E": 26,
            "A": 100,
            "I": 53,
            "N": 47,
            "G": 16,
            "O": 17,
            "J": 10,
            "R": 15,
            "C": 9,
            "F": 5,
            "B": 21,
            "Y": 6,
            "K": 11,
            "H": 17,
            "T": 2,
            "S": 10,
            "L": 9,
            "U": 7,
            "Š": 3,
            "Ū": 2,
            "W": 1
        }
    }
}