{
    "model_name": "qwen-25-7b",
    "checkpoint": 33000,
    "total_predictions": 218,
    "manchu_word_accuracy": 0.24770642201834864,
    "roman_word_accuracy": 0.24770642201834864,
    "manchu_cer": 0.3571373962429009,
    "roman_cer": 0.36145878840832973,
    "manchu_f1_score": 0.7181940475206019,
    "roman_f1_score": 0.7144219306885823,
    "inference_time": 907.166415398274,
    "frequent_error": {
        "manchu": {
            "ᠠ": 137,
            "ᠰ": 9,
            "ᠪ": 29,
            "ᠯ": 12,
            "ᡝ": 30,
            "ᠩ": 8,
            "ᡤ": 9,
            "ᠨ": 37,
            "ᡳ": 58,
            "ᠶ": 8,
            "ᡩ": 19,
            "ᡵ": 17,
            "ᡠ": 9,
            "ᠸ": 5,
            "ᠣ": 17,
            "ᡥ": 15,
            "ᡧ": 5,
            "ᠵ": 12,
            "ᠴ": 11,
            "ᠮ": 15,
            "ᡴ": 10,
            "ᡶ": 3,
            "ᡮ": 2,
            "ᡡ": 2
        },
        "roman": {
            "A": 138,
            "S": 11,
            "B": 29,
            "L": 12,
            "E": 31,
            "N": 45,
            "G": 16,
            "U": 10,
            "I": 58,
            "Y": 8,
            "D": 19,
            "R": 16,
            "F": 7,
            "O": 18,
            "H": 18,
            "Š": 5,
            "J": 12,
            "C": 11,
            "M": 15,
            "K": 10,
            "T": 2,
            "Ū": 2
        }
    }
}