{
    "model_name": "qwen-25-7b",
    "checkpoint": 11000,
    "total_predictions": 218,
    "manchu_word_accuracy": 0.3211009174311927,
    "roman_word_accuracy": 0.3165137614678899,
    "manchu_cer": 0.3139562399883499,
    "roman_cer": 0.3143385029852918,
    "manchu_f1_score": 0.7453477198282922,
    "roman_f1_score": 0.7433144320151877,
    "inference_time": 870.4644026012595,
    "frequent_error": {
        "manchu": {
            "ᠠ": 125,
            "ᠣ": 13,
            "ᠪ": 20,
            "ᡳ": 62,
            "ᡴ": 7,
            "ᠯ": 16,
            "ᠨ": 35,
            "ᠮ": 21,
            "ᠴ": 13,
            "ᡝ": 28,
            "ᡩ": 13,
            "ᡥ": 16,
            "ᡤ": 9,
            "ᠶ": 8,
            "ᠩ": 9,
            "ᠸ": 8,
            "ᡵ": 18,
            "ᡶ": 4,
            "ᡧ": 3,
            "ᠵ": 11,
            "ᠰ": 10,
            "ᡡ": 1,
            "ᡠ": 8,
            "ᡨ": 1
        },
        "roman": {
            "A": 123,
            "O": 13,
            "B": 20,
            "I": 61,
            "K": 7,
            "L": 16,
            "N": 44,
            "M": 21,
            "C": 13,
            "E": 30,
            "D": 13,
            "H": 16,
            "G": 17,
            "Y": 8,
            "F": 10,
            "R": 17,
            "Š": 3,
            "J": 11,
            "S": 12,
            "Ū": 1,
            "T": 3,
            "U": 8,
            "W": 1
        }
    }
}