{
    "model_name": "qwen-25-7b",
    "checkpoint": 18000,
    "total_predictions": 1000,
    "manchu_word_accuracy": 0.842,
    "roman_word_accuracy": 0.842,
    "manchu_cer": 0.032010377449348024,
    "roman_cer": 0.031749526595695306,
    "manchu_f1_score": 0.9734080677874063,
    "roman_f1_score": 0.9738449113905429,
    "inference_time": 744.8234207630157,
    "frequent_error": {
        "manchu": {
            "ᡴ": 27,
            "ᡳ": 52,
            "ᡥ": 47,
            "ᠣ": 18,
            "ᠩ": 30,
            "ᡤ": 34,
            "ᡝ": 89,
            "ᡨ": 9,
            "ᠮ": 18,
            "ᡠ": 20,
            "ᡵ": 40,
            "ᠨ": 26,
            "ᠠ": 82,
            "ᠪ": 26,
            "ᡩ": 17,
            "ᡡ": 15,
            "ᠯ": 13,
            "ᡧ": 14,
            "ᡦ": 5,
            "ᡯ": 2,
            "ᠸ": 5,
            "ᠵ": 10,
            "ᠰ": 8,
            "ᠶ": 10,
            "ᠴ": 6
        },
        "roman": {
            "K": 27,
            "I": 57,
            "H": 48,
            "O": 18,
            "N": 56,
            "G": 43,
            "E": 87,
            "T": 9,
            "M": 18,
            "U": 19,
            "R": 40,
            "A": 88,
            "B": 26,
            "D": 19,
            "Ū": 15,
            "L": 13,
            "Š": 15,
            "P": 5,
            "Z": 2,
            "F": 3,
            "J": 10,
            "S": 8,
            "Y": 11,
            "W": 1,
            "C": 7
        }
    }
}