{
    "model_name": "qwen-25-7b",
    "checkpoint": 40000,
    "total_predictions": 1000,
    "manchu_word_accuracy": 0.802,
    "roman_word_accuracy": 0.802,
    "manchu_cer": 0.045600714236743646,
    "roman_cer": 0.045224870391046876,
    "manchu_f1_score": 0.9625921125167359,
    "roman_f1_score": 0.9629022356889096,
    "inference_time": 745.6764717102051,
    "frequent_error": {
        "manchu": {
            "ᡥ": 68,
            "ᠠ": 131,
            "ᠯ": 24,
            "ᡴ": 38,
            "ᡡ": 20,
            "ᡳ": 64,
            "ᠣ": 23,
            "ᠩ": 37,
            "ᡤ": 40,
            "ᡝ": 113,
            "ᠨ": 39,
            "ᠮ": 16,
            "ᡠ": 42,
            "ᡵ": 43,
            "ᡨ": 14,
            "ᠪ": 28,
            "ᠴ": 14,
            "ᠸ": 11,
            "ᡧ": 21,
            "ᡩ": 14,
            "ᡯ": 2,
            "ᠰ": 10,
            "ᠵ": 7,
            "ᡦ": 4,
            "ᠶ": 7,
            "ᡶ": 2
        },
        "roman": {
            "H": 68,
            "A": 136,
            "L": 26,
            "K": 39,
            "Ū": 21,
            "I": 70,
            "O": 23,
            "N": 77,
            "G": 56,
            "E": 115,
            "M": 17,
            "U": 42,
            "R": 44,
            "T": 14,
            "B": 28,
            "C": 14,
            "F": 9,
            "Š": 21,
            "D": 16,
            "Z": 2,
            "S": 10,
            "J": 7,
            "P": 4,
            "W": 3,
            "Y": 9
        }
    }
}