{
    "model_name": "qwen-25-7b",
    "checkpoint": 37000,
    "total_predictions": 1000,
    "manchu_word_accuracy": 0.798,
    "roman_word_accuracy": 0.797,
    "manchu_cer": 0.04634972062251478,
    "roman_cer": 0.04658139642005744,
    "manchu_f1_score": 0.9631741362047935,
    "roman_f1_score": 0.9632550420035355,
    "inference_time": 745.8374030590057,
    "frequent_error": {
        "manchu": {
            "ᡨ": 19,
            "ᠮ": 23,
            "ᡝ": 103,
            "ᡠ": 33,
            "ᡵ": 41,
            "ᠠ": 119,
            "ᡥ": 61,
            "ᠩ": 28,
            "ᡤ": 34,
            "ᠨ": 37,
            "ᠪ": 34,
            "ᡳ": 94,
            "ᡴ": 36,
            "ᠸ": 12,
            "ᡧ": 20,
            "ᡩ": 21,
            "ᡡ": 18,
            "ᠴ": 13,
            "ᠵ": 12,
            "ᠣ": 22,
            "ᠯ": 23,
            "ᡯ": 2,
            "ᠶ": 9,
            "ᡦ": 3,
            "ᠰ": 4,
            "ᡶ": 1
        },
        "roman": {
            "T": 20,
            "M": 24,
            "E": 107,
            "U": 35,
            "R": 42,
            "A": 122,
            "H": 63,
            "N": 65,
            "G": 54,
            "B": 36,
            "I": 96,
            "K": 36,
            "F": 12,
            "Š": 20,
            "D": 23,
            "Ū": 18,
            "C": 12,
            "J": 13,
            "O": 22,
            "L": 24,
            "Z": 2,
            "Y": 9,
            "P": 3,
            "S": 4,
            "W": 2
        }
    }
}