{
    "model_name": "qwen-25-7b",
    "checkpoint": 52000,
    "total_predictions": 1000,
    "manchu_word_accuracy": 0.846,
    "roman_word_accuracy": 0.846,
    "manchu_cer": 0.03515677108838871,
    "roman_cer": 0.03531152293269164,
    "manchu_f1_score": 0.9710491157804697,
    "roman_f1_score": 0.971274298648565,
    "inference_time": 743.7578015327454,
    "frequent_error": {
        "manchu": {
            "ᠪ": 31,
            "ᠰ": 5,
            "ᡝ": 110,
            "ᡥ": 54,
            "ᠨ": 28,
            "ᡴ": 26,
            "ᡡ": 20,
            "ᠠ": 89,
            "ᡳ": 64,
            "ᠮ": 18,
            "ᠩ": 33,
            "ᡤ": 35,
            "ᡵ": 34,
            "ᡠ": 23,
            "ᠯ": 22,
            "ᠴ": 10,
            "ᡩ": 12,
            "ᡨ": 11,
            "ᠸ": 6,
            "ᠣ": 13,
            "ᡧ": 18,
            "ᡦ": 5,
            "ᡯ": 2,
            "ᠵ": 7,
            "ᠶ": 8,
            "ᡶ": 1
        },
        "roman": {
            "B": 29,
            "S": 5,
            "E": 111,
            "H": 54,
            "N": 61,
            "K": 26,
            "Ū": 20,
            "A": 91,
            "I": 69,
            "M": 18,
            "G": 47,
            "R": 34,
            "U": 20,
            "L": 23,
            "C": 10,
            "D": 14,
            "T": 11,
            "F": 6,
            "O": 13,
            "Š": 18,
            "P": 5,
            "Z": 2,
            "J": 7,
            "Y": 10,
            "W": 1
        }
    }
}