{
    "model_name": "qwen-25-7b",
    "checkpoint": 8000,
    "total_predictions": 218,
    "manchu_word_accuracy": 0.2018348623853211,
    "roman_word_accuracy": 0.2018348623853211,
    "manchu_cer": 0.4067878986456969,
    "roman_cer": 0.40637287024901714,
    "manchu_f1_score": 0.711889879024256,
    "roman_f1_score": 0.7134140691018588,
    "inference_time": 917.5537343418927,
    "frequent_error": {
        "manchu": {
            "ᠠ": 134,
            "ᡥ": 15,
            "ᠣ": 15,
            "ᡵ": 19,
            "ᡳ": 70,
            "ᡝ": 33,
            "ᠮ": 20,
            "ᠯ": 14,
            "ᡩ": 32,
            "ᠪ": 17,
            "ᠩ": 8,
            "ᡴ": 13,
            "ᠨ": 37,
            "ᠶ": 10,
            "ᡠ": 10,
            "ᠵ": 13,
            "ᡶ": 4,
            "ᠴ": 14,
            "ᠸ": 6,
            "ᠰ": 9,
            "ᡡ": 3,
            "ᡤ": 9,
            "ᡮ": 2,
            "ᡧ": 2
        },
        "roman": {
            "A": 133,
            "H": 15,
            "O": 15,
            "R": 18,
            "I": 69,
            "E": 33,
            "M": 20,
            "L": 14,
            "D": 32,
            "B": 17,
            "N": 46,
            "G": 16,
            "Y": 10,
            "U": 11,
            "J": 13,
            "F": 8,
            "K": 12,
            "C": 14,
            "S": 11,
            "Ū": 3,
            "W": 2,
            "T": 2,
            "Š": 2
        }
    }
}