{
    "model_name": "qwen-25-7b",
    "checkpoint": 23000,
    "total_predictions": 1000,
    "manchu_word_accuracy": 0.664,
    "roman_word_accuracy": 0.661,
    "manchu_cer": 0.0774868585662704,
    "roman_cer": 0.07855387573812504,
    "manchu_f1_score": 0.9387834702630135,
    "roman_f1_score": 0.9380224249384677,
    "inference_time": 740.5900044441223,
    "frequent_error": {
        "manchu": {
            "ᠴ": 26,
            "ᡴ": 73,
            "ᠨ": 58,
            "ᠠ": 260,
            "ᡳ": 171,
            "ᡥ": 102,
            "ᡡ": 46,
            "ᠮ": 29,
            "ᡤ": 66,
            "ᡵ": 73,
            "ᠶ": 24,
            "ᡝ": 169,
            "ᠪ": 66,
            "ᡠ": 56,
            "ᠩ": 60,
            "ᠯ": 49,
            "ᡨ": 33,
            "ᠣ": 35,
            "ᡧ": 29,
            "ᠸ": 21,
            "ᡩ": 33,
            "ᠵ": 21,
            "ᠰ": 12,
            "ᡦ": 6,
            "ᡯ": 1,
            "ᡶ": 4
        },
        "roman": {
            "C": 27,
            "K": 72,
            "N": 121,
            "A": 265,
            "I": 176,
            "H": 106,
            "Ū": 45,
            "S": 14,
            "M": 29,
            "G": 103,
            "R": 73,
            "Y": 25,
            "E": 180,
            "B": 65,
            "U": 55,
            "L": 50,
            "T": 35,
            "O": 35,
            "Š": 30,
            "F": 19,
            "D": 33,
            "W": 9,
            "J": 22,
            "P": 6,
            "Z": 2
        }
    }
}