{
    "model_name": "qwen-25-7b",
    "checkpoint": 36000,
    "total_predictions": 218,
    "manchu_word_accuracy": 0.3165137614678899,
    "roman_word_accuracy": 0.3119266055045872,
    "manchu_cer": 0.34483762924129907,
    "roman_cer": 0.34947575360419403,
    "manchu_f1_score": 0.7424104647526125,
    "roman_f1_score": 0.741547173188608,
    "inference_time": 908.6415275521234,
    "frequent_error": {
        "manchu": {
            "ᠪ": 26,
            "ᠣ": 22,
            "ᠴ": 12,
            "ᠮ": 13,
            "ᠠ": 122,
            "ᡝ": 28,
            "ᡥ": 9,
            "ᡳ": 51,
            "ᠩ": 9,
            "ᠨ": 37,
            "ᠵ": 9,
            "ᠶ": 7,
            "ᡴ": 10,
            "ᠯ": 15,
            "ᡩ": 10,
            "ᠰ": 12,
            "ᠸ": 5,
            "ᡵ": 13,
            "ᡤ": 11,
            "ᡠ": 11,
            "ᡶ": 3,
            "ᡧ": 2,
            "ᡡ": 2
        },
        "roman": {
            "B": 26,
            "O": 22,
            "C": 12,
            "M": 13,
            "A": 123,
            "E": 30,
            "H": 9,
            "I": 50,
            "N": 45,
            "G": 20,
            "J": 9,
            "Y": 7,
            "K": 10,
            "L": 15,
            "D": 10,
            "S": 14,
            "F": 5,
            "R": 12,
            "T": 2,
            "U": 11,
            "W": 2,
            "Š": 2,
            "Ū": 2
        }
    }
}