{
    "model_name": "qwen-25-7b",
    "checkpoint": 23000,
    "total_predictions": 218,
    "manchu_word_accuracy": 0.1834862385321101,
    "roman_word_accuracy": 0.1834862385321101,
    "manchu_cer": 0.41335008009319957,
    "roman_cer": 0.41566732197466166,
    "manchu_f1_score": 0.6848248778564485,
    "roman_f1_score": 0.686202214782469,
    "inference_time": 918.2892961239596,
    "frequent_error": {
        "manchu": {
            "ᠠ": 164,
            "ᡩ": 21,
            "ᡵ": 14,
            "ᠮ": 18,
            "ᡝ": 25,
            "ᠨ": 42,
            "ᠶ": 7,
            "ᡳ": 66,
            "ᠰ": 15,
            "ᠴ": 18,
            "ᠵ": 13,
            "ᠸ": 6,
            "ᠪ": 38,
            "ᠯ": 16,
            "ᡤ": 9,
            "ᡴ": 10,
            "ᡶ": 4,
            "ᡥ": 22,
            "ᠣ": 23,
            "ᡠ": 12,
            "ᡡ": 2,
            "ᠩ": 7,
            "ᡧ": 2,
            "ᡨ": 1,
            "ᡮ": 2
        },
        "roman": {
            "A": 163,
            "D": 21,
            "R": 14,
            "M": 18,
            "E": 25,
            "N": 49,
            "Y": 7,
            "I": 65,
            "S": 17,
            "C": 18,
            "J": 13,
            "F": 8,
            "B": 38,
            "L": 16,
            "G": 15,
            "K": 10,
            "H": 22,
            "O": 23,
            "U": 12,
            "Ū": 2,
            "Š": 2,
            "W": 1,
            "T": 3
        }
    }
}