{
    "model_name": "qwen-25-7b",
    "checkpoint": 44000,
    "total_predictions": 1000,
    "manchu_word_accuracy": 0.81,
    "roman_word_accuracy": 0.808,
    "manchu_cer": 0.04279100850130263,
    "roman_cer": 0.043195626024302505,
    "manchu_f1_score": 0.965489702274517,
    "roman_f1_score": 0.9656728272800303,
    "inference_time": 743.5196380615234,
    "frequent_error": {
        "manchu": {
            "ᡳ": 82,
            "ᡴ": 41,
            "ᡥ": 74,
            "ᠣ": 23,
            "ᠩ": 34,
            "ᡤ": 40,
            "ᡝ": 123,
            "ᡡ": 28,
            "ᠨ": 41,
            "ᠠ": 119,
            "ᠰ": 9,
            "ᠮ": 22,
            "ᡵ": 43,
            "ᠯ": 23,
            "ᠪ": 37,
            "ᡠ": 38,
            "ᠴ": 15,
            "ᠸ": 9,
            "ᡩ": 21,
            "ᡧ": 19,
            "ᠵ": 14,
            "ᡨ": 13,
            "ᡯ": 2,
            "ᡦ": 4,
            "ᠶ": 10,
            "ᡶ": 2
        },
        "roman": {
            "I": 86,
            "K": 42,
            "H": 74,
            "O": 23,
            "N": 79,
            "G": 57,
            "E": 126,
            "Ū": 29,
            "A": 128,
            "S": 9,
            "M": 23,
            "R": 44,
            "L": 25,
            "B": 35,
            "U": 37,
            "C": 16,
            "F": 8,
            "D": 23,
            "W": 6,
            "Š": 19,
            "J": 14,
            "T": 14,
            "Z": 2,
            "P": 4,
            "Y": 11
        }
    }
}