{
    "model_name": "qwen-25-7b",
    "checkpoint": 70000,
    "total_predictions": 1000,
    "manchu_word_accuracy": 0.876,
    "roman_word_accuracy": 0.875,
    "manchu_cer": 0.02677176361220477,
    "roman_cer": 0.026748201226877686,
    "manchu_f1_score": 0.9775433103656171,
    "roman_f1_score": 0.9777301230101505,
    "inference_time": 745.3021485805511,
    "frequent_error": {
        "manchu": {
            "ᡴ": 17,
            "ᡥ": 40,
            "ᡡ": 9,
            "ᠨ": 21,
            "ᠠ": 56,
            "ᡳ": 44,
            "ᠮ": 15,
            "ᡝ": 74,
            "ᡵ": 21,
            "ᡠ": 21,
            "ᠴ": 7,
            "ᠸ": 7,
            "ᡩ": 10,
            "ᠩ": 13,
            "ᡤ": 14,
            "ᠣ": 15,
            "ᠯ": 13,
            "ᡧ": 9,
            "ᡦ": 4,
            "ᡯ": 2,
            "ᠵ": 5,
            "ᠪ": 22,
            "ᠰ": 3,
            "ᠶ": 4,
            "ᡨ": 9,
            "ᡶ": 2
        },
        "roman": {
            "K": 17,
            "H": 40,
            "Ū": 9,
            "N": 35,
            "A": 58,
            "I": 46,
            "M": 15,
            "E": 75,
            "R": 21,
            "U": 21,
            "C": 7,
            "F": 6,
            "D": 12,
            "G": 18,
            "O": 15,
            "L": 14,
            "Š": 9,
            "P": 4,
            "Z": 2,
            "J": 5,
            "B": 22,
            "Y": 5,
            "W": 3,
            "S": 3,
            "T": 9
        }
    }
}