{
    "model_name": "qwen-25-7b",
    "checkpoint": 60000,
    "total_predictions": 218,
    "manchu_word_accuracy": 0.3623853211009174,
    "roman_word_accuracy": 0.3623853211009174,
    "manchu_cer": 0.29254587155963296,
    "roman_cer": 0.29165392456676853,
    "manchu_f1_score": 0.775160190142651,
    "roman_f1_score": 0.7770168010319116,
    "inference_time": 900.6422342510398,
    "frequent_error": {
        "manchu": {
            "ᠠ": 98,
            "ᠨ": 36,
            "ᡠ": 8,
            "ᡳ": 49,
            "ᠴ": 10,
            "ᡝ": 25,
            "ᠵ": 8,
            "ᠪ": 26,
            "ᡩ": 17,
            "ᠰ": 10,
            "ᡡ": 2,
            "ᡧ": 4,
            "ᠮ": 16,
            "ᠯ": 9,
            "ᡥ": 15,
            "ᡵ": 12,
            "ᡶ": 4,
            "ᠸ": 3,
            "ᠣ": 11,
            "ᡴ": 7,
            "ᠩ": 7,
            "ᡮ": 2,
            "ᠶ": 6,
            "ᡤ": 6
        },
        "roman": {
            "A": 98,
            "N": 42,
            "U": 7,
            "I": 49,
            "C": 10,
            "E": 25,
            "J": 8,
            "B": 26,
            "D": 17,
            "S": 12,
            "Ū": 2,
            "Š": 4,
            "M": 16,
            "L": 9,
            "H": 15,
            "R": 11,
            "F": 6,
            "O": 11,
            "K": 8,
            "G": 13,
            "T": 2,
            "Y": 6
        }
    }
}