{
    "model_name": "qwen-25-7b",
    "checkpoint": 11000,
    "total_predictions": 1000,
    "manchu_word_accuracy": 0.723,
    "roman_word_accuracy": 0.722,
    "manchu_cer": 0.05996681406828473,
    "roman_cer": 0.06004534491136666,
    "manchu_f1_score": 0.9513326665620621,
    "roman_f1_score": 0.9516122769113411,
    "inference_time": 738.4813587665558,
    "frequent_error": {
        "manchu": {
            "ᡴ": 61,
            "ᠨ": 52,
            "ᡥ": 77,
            "ᠠ": 195,
            "ᠪ": 48,
            "ᡳ": 113,
            "ᡝ": 167,
            "ᡨ": 23,
            "ᠮ": 30,
            "ᠩ": 59,
            "ᡤ": 62,
            "ᡵ": 86,
            "ᠯ": 32,
            "ᡡ": 42,
            "ᡠ": 54,
            "ᠴ": 19,
            "ᠸ": 16,
            "ᡧ": 30,
            "ᡩ": 24,
            "ᠰ": 10,
            "ᠵ": 16,
            "ᠣ": 19,
            "ᡦ": 6,
            "ᡯ": 1,
            "ᠶ": 12,
            "ᡶ": 3
        },
        "roman": {
            "K": 58,
            "N": 110,
            "H": 74,
            "A": 190,
            "B": 47,
            "I": 116,
            "E": 168,
            "T": 26,
            "M": 30,
            "G": 96,
            "R": 85,
            "L": 33,
            "Ū": 39,
            "U": 55,
            "C": 20,
            "F": 15,
            "Š": 31,
            "D": 26,
            "S": 10,
            "W": 5,
            "J": 16,
            "O": 21,
            "P": 6,
            "Z": 1,
            "Y": 12
        }
    }
}