{
    "model_name": "qwen-25-7b",
    "checkpoint": 48000,
    "total_predictions": 1000,
    "manchu_word_accuracy": 0.833,
    "roman_word_accuracy": 0.833,
    "manchu_cer": 0.038734290056348875,
    "roman_cer": 0.03859137536440167,
    "manchu_f1_score": 0.9684101721211764,
    "roman_f1_score": 0.968842100454834,
    "inference_time": 744.0997319221497,
    "frequent_error": {
        "manchu": {
            "ᠨ": 33,
            "ᠠ": 108,
            "ᡴ": 37,
            "ᡳ": 64,
            "ᡥ": 52,
            "ᡡ": 21,
            "ᠰ": 9,
            "ᠮ": 10,
            "ᡝ": 88,
            "ᠩ": 33,
            "ᡤ": 34,
            "ᡵ": 29,
            "ᡨ": 15,
            "ᠪ": 21,
            "ᡠ": 24,
            "ᠴ": 11,
            "ᡩ": 13,
            "ᠣ": 11,
            "ᡧ": 15,
            "ᠯ": 19,
            "ᡦ": 4,
            "ᡯ": 2,
            "ᠶ": 11,
            "ᠵ": 8,
            "ᠸ": 6,
            "ᡶ": 1
        },
        "roman": {
            "N": 67,
            "A": 108,
            "K": 37,
            "I": 66,
            "H": 52,
            "Ū": 21,
            "S": 9,
            "M": 10,
            "E": 91,
            "G": 51,
            "R": 29,
            "T": 15,
            "B": 20,
            "U": 23,
            "C": 11,
            "D": 15,
            "O": 11,
            "Š": 15,
            "L": 19,
            "P": 4,
            "Z": 2,
            "Y": 11,
            "J": 8,
            "W": 4,
            "F": 4
        }
    }
}