{
    "model_name": "qwen-25-7b",
    "checkpoint": 2000,
    "total_predictions": 1000,
    "manchu_word_accuracy": 0.363,
    "roman_word_accuracy": 0.361,
    "manchu_cer": 0.1864901634313401,
    "roman_cer": 0.18687231146906086,
    "manchu_f1_score": 0.8507408471451813,
    "roman_f1_score": 0.8510830054194923,
    "inference_time": 740.7610366344452,
    "frequent_error": {
        "manchu": {
            "ᠵ": 48,
            "ᠣ": 70,
            "ᡥ": 233,
            "ᡧ": 71,
            "ᡵ": 116,
            "ᠩ": 98,
            "ᡤ": 113,
            "ᡝ": 360,
            "ᠠ": 542,
            "ᡴ": 154,
            "ᡡ": 98,
            "ᡳ": 335,
            "ᠶ": 40,
            "ᠪ": 149,
            "ᡶ": 12,
            "ᠨ": 116,
            "ᠴ": 62,
            "ᠸ": 43,
            "ᠮ": 81,
            "ᡨ": 86,
            "ᡩ": 64,
            "ᡠ": 164,
            "ᠯ": 116,
            "ᠰ": 33,
            "ᡦ": 8,
            "ᡯ": 2
        },
        "roman": {
            "J": 48,
            "O": 68,
            "H": 236,
            "Š": 72,
            "R": 115,
            "N": 206,
            "G": 159,
            "E": 366,
            "A": 540,
            "K": 157,
            "Ū": 95,
            "I": 335,
            "Y": 41,
            "B": 151,
            "F": 38,
            "C": 63,
            "W": 19,
            "M": 80,
            "T": 86,
            "U": 169,
            "L": 119,
            "S": 34,
            "D": 66,
            "P": 8,
            "Z": 2
        }
    }
}