{
    "model_name": "qwen-25-7b",
    "checkpoint": 68000,
    "total_predictions": 218,
    "manchu_word_accuracy": 0.37155963302752293,
    "roman_word_accuracy": 0.37155963302752293,
    "manchu_cer": 0.2887614678899082,
    "roman_cer": 0.2892129022862967,
    "manchu_f1_score": 0.7719857809037516,
    "roman_f1_score": 0.7722796197027173,
    "inference_time": 890.6474944648393,
    "frequent_error": {
        "manchu": {
            "ᠪ": 26,
            "ᡵ": 14,
            "ᡥ": 18,
            "ᡝ": 22,
            "ᠠ": 108,
            "ᠴ": 9,
            "ᡠ": 9,
            "ᠮ": 14,
            "ᠯ": 10,
            "ᠨ": 35,
            "ᡳ": 53,
            "ᠶ": 7,
            "ᡴ": 9,
            "ᠣ": 18,
            "ᠰ": 9,
            "ᡤ": 6,
            "ᡧ": 3,
            "ᡡ": 2,
            "ᡩ": 16,
            "ᠩ": 7,
            "ᠵ": 11,
            "ᡶ": 4,
            "ᠸ": 3
        },
        "roman": {
            "B": 26,
            "R": 13,
            "H": 18,
            "E": 22,
            "A": 106,
            "C": 9,
            "U": 9,
            "M": 14,
            "L": 10,
            "N": 42,
            "I": 50,
            "Y": 7,
            "K": 8,
            "O": 18,
            "S": 11,
            "G": 13,
            "Š": 3,
            "Ū": 2,
            "D": 16,
            "J": 11,
            "F": 6,
            "T": 2
        }
    }
}