{
    "model_name": "qwen-25-7b",
    "checkpoint": 9000,
    "total_predictions": 1000,
    "manchu_word_accuracy": 0.695,
    "roman_word_accuracy": 0.693,
    "manchu_cer": 0.06826638198402912,
    "roman_cer": 0.06807251049603993,
    "manchu_f1_score": 0.9436871005922716,
    "roman_f1_score": 0.9440625556068801,
    "inference_time": 743.2143886089325,
    "frequent_error": {
        "manchu": {
            "ᡴ": 59,
            "ᡳ": 143,
            "ᡥ": 79,
            "ᠣ": 40,
            "ᠩ": 38,
            "ᡤ": 41,
            "ᡝ": 154,
            "ᡨ": 25,
            "ᡠ": 55,
            "ᠠ": 206,
            "ᠨ": 56,
            "ᠮ": 32,
            "ᡵ": 62,
            "ᡧ": 26,
            "ᠶ": 21,
            "ᡡ": 32,
            "ᠪ": 54,
            "ᠯ": 38,
            "ᠴ": 19,
            "ᠸ": 19,
            "ᡩ": 26,
            "ᠵ": 22,
            "ᡶ": 7,
            "ᡦ": 6,
            "ᡯ": 2,
            "ᠰ": 11
        },
        "roman": {
            "K": 59,
            "I": 142,
            "H": 81,
            "O": 42,
            "N": 94,
            "G": 59,
            "E": 152,
            "T": 25,
            "U": 56,
            "W": 8,
            "A": 207,
            "M": 31,
            "R": 62,
            "Š": 27,
            "Y": 22,
            "Ū": 32,
            "B": 54,
            "L": 38,
            "C": 17,
            "F": 21,
            "D": 27,
            "J": 22,
            "P": 6,
            "Z": 2,
            "S": 11
        }
    }
}