{
    "model_name": "qwen-25-7b",
    "checkpoint": 47000,
    "total_predictions": 218,
    "manchu_word_accuracy": 0.3394495412844037,
    "roman_word_accuracy": 0.3394495412844037,
    "manchu_cer": 0.3063528469491772,
    "roman_cer": 0.3056283675549731,
    "manchu_f1_score": 0.7696102010659487,
    "roman_f1_score": 0.7719263527142644,
    "inference_time": 894.3930919017267,
    "frequent_error": {
        "manchu": {
            "ᠪ": 25,
            "ᠠ": 118,
            "ᡵ": 18,
            "ᡝ": 29,
            "ᠨ": 35,
            "ᠴ": 11,
            "ᡳ": 54,
            "ᠮ": 17,
            "ᠰ": 6,
            "ᡩ": 16,
            "ᠣ": 16,
            "ᠯ": 10,
            "ᡶ": 4,
            "ᠵ": 12,
            "ᡥ": 17,
            "ᡴ": 11,
            "ᡡ": 2,
            "ᡤ": 9,
            "ᠩ": 8,
            "ᡠ": 7,
            "ᡨ": 1,
            "ᠶ": 5,
            "ᠸ": 4,
            "ᡧ": 3,
            "ᡮ": 2
        },
        "roman": {
            "B": 25,
            "A": 114,
            "R": 17,
            "E": 29,
            "N": 44,
            "C": 11,
            "I": 56,
            "M": 17,
            "S": 8,
            "D": 16,
            "O": 16,
            "L": 10,
            "F": 6,
            "J": 12,
            "H": 17,
            "K": 11,
            "Ū": 2,
            "G": 16,
            "U": 8,
            "T": 3,
            "Y": 5,
            "Š": 3,
            "W": 1
        }
    }
}