{
    "model_name": "qwen-25-7b",
    "checkpoint": 24000,
    "total_predictions": 1000,
    "manchu_word_accuracy": 0.706,
    "roman_word_accuracy": 0.705,
    "manchu_cer": 0.06724338627059223,
    "roman_cer": 0.06758899894824821,
    "manchu_f1_score": 0.9463704847499201,
    "roman_f1_score": 0.9463928436369796,
    "inference_time": 748.1256473064423,
    "frequent_error": {
        "manchu": {
            "ᡳ": 121,
            "ᡵ": 66,
            "ᠪ": 54,
            "ᠰ": 20,
            "ᡝ": 152,
            "ᡥ": 93,
            "ᠨ": 45,
            "ᡴ": 61,
            "ᠣ": 37,
            "ᡨ": 34,
            "ᡩ": 19,
            "ᡠ": 53,
            "ᠩ": 45,
            "ᡤ": 46,
            "ᠯ": 42,
            "ᠠ": 139,
            "ᠮ": 28,
            "ᡡ": 31,
            "ᡧ": 23,
            "ᠸ": 11,
            "ᠵ": 16,
            "ᡦ": 6,
            "ᡯ": 2,
            "ᠴ": 22,
            "ᠶ": 12,
            "ᡶ": 1
        },
        "roman": {
            "I": 127,
            "R": 67,
            "B": 52,
            "S": 22,
            "E": 161,
            "H": 95,
            "N": 100,
            "K": 65,
            "O": 37,
            "T": 34,
            "D": 22,
            "U": 53,
            "G": 72,
            "L": 44,
            "A": 145,
            "M": 29,
            "Ū": 31,
            "Š": 25,
            "J": 16,
            "F": 10,
            "P": 6,
            "Z": 2,
            "C": 24,
            "Y": 14,
            "W": 2
        }
    }
}