{
    "model_name": "qwen-25-7b",
    "checkpoint": 42000,
    "total_predictions": 218,
    "manchu_word_accuracy": 0.3761467889908257,
    "roman_word_accuracy": 0.3761467889908257,
    "manchu_cer": 0.28844308087427345,
    "roman_cer": 0.28782053827925386,
    "manchu_f1_score": 0.778038333174386,
    "roman_f1_score": 0.7788462026749161,
    "inference_time": 893.9147542376037,
    "frequent_error": {
        "manchu": {
            "ᠠ": 125,
            "ᠰ": 9,
            "ᡳ": 48,
            "ᠪ": 25,
            "ᡴ": 8,
            "ᠶ": 7,
            "ᡵ": 13,
            "ᡤ": 9,
            "ᡩ": 17,
            "ᠯ": 15,
            "ᠨ": 37,
            "ᡝ": 22,
            "ᠣ": 14,
            "ᠴ": 9,
            "ᠩ": 8,
            "ᡥ": 12,
            "ᠵ": 9,
            "ᡧ": 4,
            "ᡡ": 3,
            "ᠮ": 14,
            "ᡠ": 7,
            "ᠸ": 3,
            "ᡶ": 3
        },
        "roman": {
            "A": 123,
            "S": 11,
            "I": 48,
            "B": 25,
            "K": 8,
            "Y": 7,
            "R": 12,
            "G": 16,
            "D": 17,
            "L": 15,
            "N": 43,
            "E": 22,
            "O": 14,
            "C": 9,
            "H": 12,
            "J": 9,
            "Š": 4,
            "Ū": 3,
            "M": 14,
            "T": 2,
            "U": 6,
            "F": 5
        }
    }
}