{
    "model_name": "qwen-25-7b",
    "checkpoint": 71000,
    "total_predictions": 1000,
    "manchu_word_accuracy": 0.877,
    "roman_word_accuracy": 0.876,
    "manchu_cer": 0.026634400974842133,
    "roman_cer": 0.026612425891102347,
    "manchu_f1_score": 0.9778159904632973,
    "roman_f1_score": 0.9779993548319685,
    "inference_time": 745.4011235237122,
    "frequent_error": {
        "manchu": {
            "ᡴ": 16,
            "ᡥ": 41,
            "ᡡ": 10,
            "ᠨ": 24,
            "ᠠ": 60,
            "ᡳ": 45,
            "ᠮ": 14,
            "ᡝ": 75,
            "ᡵ": 22,
            "ᡠ": 21,
            "ᠯ": 14,
            "ᠴ": 8,
            "ᠸ": 7,
            "ᡩ": 10,
            "ᠩ": 14,
            "ᡤ": 15,
            "ᠣ": 13,
            "ᡧ": 9,
            "ᡦ": 4,
            "ᡯ": 2,
            "ᠵ": 6,
            "ᠪ": 22,
            "ᠰ": 3,
            "ᠶ": 4,
            "ᡨ": 10,
            "ᡶ": 2
        },
        "roman": {
            "K": 16,
            "H": 41,
            "Ū": 10,
            "N": 39,
            "A": 62,
            "I": 47,
            "M": 14,
            "E": 76,
            "R": 22,
            "U": 21,
            "L": 15,
            "C": 8,
            "F": 6,
            "D": 12,
            "G": 19,
            "O": 13,
            "Š": 9,
            "P": 4,
            "Z": 2,
            "J": 6,
            "B": 22,
            "Y": 5,
            "W": 3,
            "S": 3,
            "T": 10
        }
    }
}