{
    "model_name": "qwen-25-7b",
    "checkpoint": 25000,
    "total_predictions": 1000,
    "manchu_word_accuracy": 0.715,
    "roman_word_accuracy": 0.709,
    "manchu_cer": 0.06675374658021731,
    "roman_cer": 0.06756996843026268,
    "manchu_f1_score": 0.9450636092040262,
    "roman_f1_score": 0.9452849230533318,
    "inference_time": 745.0864744186401,
    "frequent_error": {
        "manchu": {
            "ᠯ": 43,
            "ᠪ": 53,
            "ᠰ": 18,
            "ᡝ": 162,
            "ᡥ": 80,
            "ᠨ": 53,
            "ᡴ": 53,
            "ᠣ": 60,
            "ᡨ": 27,
            "ᠠ": 184,
            "ᡳ": 102,
            "ᠮ": 29,
            "ᠶ": 14,
            "ᡵ": 58,
            "ᡠ": 52,
            "ᠸ": 24,
            "ᡧ": 21,
            "ᡩ": 22,
            "ᡡ": 30,
            "ᠩ": 43,
            "ᡤ": 47,
            "ᠵ": 12,
            "ᡶ": 9,
            "ᡦ": 7,
            "ᡯ": 2,
            "ᠴ": 17
        },
        "roman": {
            "L": 44,
            "B": 53,
            "S": 18,
            "E": 166,
            "H": 81,
            "N": 98,
            "K": 55,
            "O": 60,
            "T": 29,
            "A": 188,
            "I": 103,
            "M": 29,
            "Y": 15,
            "R": 60,
            "U": 51,
            "F": 27,
            "Š": 22,
            "D": 24,
            "Ū": 32,
            "G": 71,
            "J": 12,
            "P": 7,
            "Z": 2,
            "C": 17,
            "W": 7
        }
    }
}