{
    "model_name": "qwen-25-7b",
    "checkpoint": 48000,
    "total_predictions": 218,
    "manchu_word_accuracy": 0.3394495412844037,
    "roman_word_accuracy": 0.3394495412844037,
    "manchu_cer": 0.2853902723168779,
    "roman_cer": 0.2860801660113588,
    "manchu_f1_score": 0.7625124141314104,
    "roman_f1_score": 0.7617932214457763,
    "inference_time": 881.1591962061891,
    "frequent_error": {
        "manchu": {
            "ᠠ": 122,
            "ᡥ": 14,
            "ᠣ": 16,
            "ᠯ": 13,
            "ᡳ": 52,
            "ᠪ": 18,
            "ᡴ": 10,
            "ᠰ": 8,
            "ᠨ": 34,
            "ᡩ": 19,
            "ᠸ": 3,
            "ᠴ": 9,
            "ᡝ": 21,
            "ᡵ": 15,
            "ᡤ": 11,
            "ᠵ": 8,
            "ᠮ": 17,
            "ᡧ": 3,
            "ᠩ": 10,
            "ᠶ": 7,
            "ᡠ": 6,
            "ᡡ": 2,
            "ᡶ": 4
        },
        "roman": {
            "A": 120,
            "H": 14,
            "O": 16,
            "L": 12,
            "B": 17,
            "I": 49,
            "K": 9,
            "S": 11,
            "N": 47,
            "D": 19,
            "F": 5,
            "C": 9,
            "E": 22,
            "R": 14,
            "G": 19,
            "J": 8,
            "M": 16,
            "Š": 3,
            "Y": 7,
            "U": 7,
            "Ū": 2,
            "W": 1,
            "T": 2
        }
    }
}