{
    "model_name": "qwen-25-7b",
    "checkpoint": 64000,
    "total_predictions": 218,
    "manchu_word_accuracy": 0.37155963302752293,
    "roman_word_accuracy": 0.37155963302752293,
    "manchu_cer": 0.28441459152468335,
    "roman_cer": 0.2830311635357507,
    "manchu_f1_score": 0.7715488729654948,
    "roman_f1_score": 0.772939998479664,
    "inference_time": 888.618885923963,
    "frequent_error": {
        "manchu": {
            "ᠸ": 2,
            "ᡳ": 50,
            "ᠨ": 35,
            "ᠰ": 9,
            "ᡩ": 17,
            "ᠠ": 101,
            "ᠪ": 26,
            "ᡠ": 9,
            "ᡥ": 20,
            "ᡴ": 8,
            "ᠮ": 13,
            "ᡝ": 22,
            "ᠩ": 7,
            "ᠯ": 8,
            "ᠶ": 7,
            "ᡮ": 2,
            "ᠵ": 10,
            "ᡵ": 12,
            "ᠴ": 9,
            "ᠣ": 20,
            "ᡡ": 2,
            "ᡶ": 4,
            "ᡤ": 5,
            "ᡧ": 3
        },
        "roman": {
            "F": 5,
            "I": 49,
            "N": 42,
            "S": 11,
            "D": 17,
            "A": 100,
            "B": 26,
            "U": 9,
            "H": 20,
            "K": 9,
            "M": 13,
            "E": 22,
            "G": 12,
            "L": 8,
            "Y": 7,
            "T": 2,
            "J": 10,
            "R": 11,
            "C": 9,
            "O": 20,
            "Ū": 2,
            "Š": 3
        }
    }
}