{
    "model_name": "qwen-25-7b",
    "checkpoint": 50000,
    "total_predictions": 1000,
    "manchu_word_accuracy": 0.835,
    "roman_word_accuracy": 0.835,
    "manchu_cer": 0.03611375495419611,
    "roman_cer": 0.03594773394390266,
    "manchu_f1_score": 0.9702446962841056,
    "roman_f1_score": 0.9707548341035002,
    "inference_time": 744.609482049942,
    "frequent_error": {
        "manchu": {
            "ᡥ": 53,
            "ᡡ": 17,
            "ᠨ": 31,
            "ᠠ": 90,
            "ᡴ": 28,
            "ᡳ": 60,
            "ᠮ": 16,
            "ᡝ": 99,
            "ᡵ": 32,
            "ᡧ": 18,
            "ᠩ": 23,
            "ᡤ": 26,
            "ᡨ": 11,
            "ᠪ": 28,
            "ᡠ": 29,
            "ᠯ": 20,
            "ᠴ": 9,
            "ᡩ": 16,
            "ᠰ": 4,
            "ᠣ": 14,
            "ᡦ": 4,
            "ᡯ": 2,
            "ᠵ": 7,
            "ᠸ": 10,
            "ᠶ": 5,
            "ᡶ": 1
        },
        "roman": {
            "H": 55,
            "Ū": 17,
            "N": 55,
            "A": 93,
            "K": 28,
            "I": 64,
            "M": 16,
            "E": 102,
            "R": 32,
            "Š": 18,
            "G": 38,
            "T": 11,
            "B": 28,
            "U": 28,
            "L": 21,
            "C": 9,
            "D": 18,
            "S": 4,
            "O": 14,
            "P": 4,
            "Z": 2,
            "J": 7,
            "F": 8,
            "Y": 7,
            "W": 2
        }
    }
}