{
    "model_name": "qwen-25-7b",
    "checkpoint": 30000,
    "total_predictions": 218,
    "manchu_word_accuracy": 0.26146788990825687,
    "roman_word_accuracy": 0.26146788990825687,
    "manchu_cer": 0.3324741517402068,
    "roman_cer": 0.3301205038590361,
    "manchu_f1_score": 0.7418413637989997,
    "roman_f1_score": 0.7434759767126198,
    "inference_time": 897.5368880350655,
    "frequent_error": {
        "manchu": {
            "ᡳ": 55,
            "ᡩ": 24,
            "ᠠ": 126,
            "ᠮ": 21,
            "ᠩ": 8,
            "ᡤ": 8,
            "ᠨ": 36,
            "ᡠ": 10,
            "ᡝ": 25,
            "ᠪ": 19,
            "ᠯ": 15,
            "ᠴ": 10,
            "ᠰ": 10,
            "ᠵ": 12,
            "ᠸ": 6,
            "ᡥ": 20,
            "ᡶ": 4,
            "ᠣ": 19,
            "ᡵ": 12,
            "ᠶ": 7,
            "ᡴ": 9,
            "ᡡ": 4,
            "ᡮ": 2,
            "ᡧ": 5
        },
        "roman": {
            "I": 53,
            "D": 24,
            "A": 124,
            "M": 22,
            "N": 45,
            "G": 15,
            "U": 11,
            "E": 25,
            "B": 20,
            "L": 15,
            "C": 10,
            "S": 12,
            "J": 12,
            "F": 8,
            "H": 20,
            "O": 19,
            "W": 1,
            "R": 11,
            "Y": 7,
            "K": 9,
            "Ū": 4,
            "T": 2,
            "Š": 5
        }
    }
}