{
    "model_name": "qwen-25-7b",
    "checkpoint": 61000,
    "total_predictions": 218,
    "manchu_word_accuracy": 0.3669724770642202,
    "roman_word_accuracy": 0.3669724770642202,
    "manchu_cer": 0.2760430318916557,
    "roman_cer": 0.27471421290228626,
    "manchu_f1_score": 0.7856715255123242,
    "roman_f1_score": 0.7875031800962724,
    "inference_time": 897.8707002937247,
    "frequent_error": {
        "manchu": {
            "ᡳ": 49,
            "ᠮ": 14,
            "ᠩ": 7,
            "ᠠ": 92,
            "ᡶ": 3,
            "ᡵ": 12,
            "ᡥ": 14,
            "ᡩ": 18,
            "ᠣ": 19,
            "ᡝ": 26,
            "ᠯ": 10,
            "ᠨ": 33,
            "ᠵ": 9,
            "ᠪ": 27,
            "ᠰ": 10,
            "ᡡ": 2,
            "ᡴ": 7,
            "ᡠ": 7,
            "ᠴ": 9,
            "ᡤ": 5,
            "ᠸ": 2,
            "ᠶ": 7,
            "ᡮ": 2,
            "ᡧ": 3
        },
        "roman": {
            "I": 49,
            "M": 14,
            "N": 41,
            "G": 12,
            "A": 92,
            "F": 4,
            "R": 11,
            "H": 14,
            "D": 18,
            "O": 19,
            "E": 26,
            "L": 10,
            "J": 9,
            "B": 27,
            "S": 12,
            "Ū": 2,
            "K": 8,
            "U": 8,
            "C": 9,
            "Y": 7,
            "T": 2,
            "Š": 3
        }
    }
}