{
    "model_name": "qwen-25-7b",
    "checkpoint": 5000,
    "total_predictions": 1000,
    "manchu_word_accuracy": 0.526,
    "roman_word_accuracy": 0.527,
    "manchu_cer": 0.11977833392098111,
    "roman_cer": 0.11842326633634684,
    "manchu_f1_score": 0.9048242742876059,
    "roman_f1_score": 0.90551176122379,
    "inference_time": 745.4615435600281,
    "frequent_error": {
        "manchu": {
            "ᠵ": 28,
            "ᠣ": 78,
            "ᡥ": 139,
            "ᡧ": 42,
            "ᡵ": 100,
            "ᠩ": 66,
            "ᡤ": 81,
            "ᡝ": 251,
            "ᡳ": 226,
            "ᠨ": 76,
            "ᠶ": 21,
            "ᠠ": 313,
            "ᠯ": 74,
            "ᠪ": 96,
            "ᡴ": 104,
            "ᡨ": 50,
            "ᡡ": 43,
            "ᠴ": 31,
            "ᠰ": 31,
            "ᠮ": 51,
            "ᡠ": 108,
            "ᠸ": 36,
            "ᡩ": 41,
            "ᡶ": 9,
            "ᡦ": 7,
            "ᡯ": 2
        },
        "roman": {
            "J": 28,
            "O": 77,
            "H": 138,
            "Š": 43,
            "R": 101,
            "N": 144,
            "G": 120,
            "E": 251,
            "I": 228,
            "Y": 22,
            "A": 320,
            "L": 74,
            "B": 94,
            "K": 105,
            "T": 53,
            "Ū": 44,
            "C": 31,
            "S": 31,
            "M": 49,
            "U": 109,
            "F": 35,
            "D": 44,
            "P": 7,
            "Z": 2,
            "W": 14
        }
    }
}