{
    "model_name": "qwen-25-7b",
    "checkpoint": 68000,
    "total_predictions": 1000,
    "manchu_word_accuracy": 0.875,
    "roman_word_accuracy": 0.874,
    "manchu_cer": 0.02679944426488542,
    "roman_cer": 0.026746827600504057,
    "manchu_f1_score": 0.9775687598203768,
    "roman_f1_score": 0.9777743587706821,
    "inference_time": 744.8971073627472,
    "frequent_error": {
        "manchu": {
            "ᡴ": 18,
            "ᡥ": 41,
            "ᡡ": 11,
            "ᠨ": 24,
            "ᠠ": 60,
            "ᡳ": 46,
            "ᠮ": 14,
            "ᡝ": 77,
            "ᡠ": 21,
            "ᠴ": 6,
            "ᠸ": 7,
            "ᡩ": 11,
            "ᡵ": 23,
            "ᠩ": 16,
            "ᡤ": 17,
            "ᠣ": 14,
            "ᠯ": 13,
            "ᡧ": 9,
            "ᡦ": 4,
            "ᡯ": 2,
            "ᠵ": 6,
            "ᠪ": 22,
            "ᠰ": 3,
            "ᠶ": 4,
            "ᡨ": 10,
            "ᡶ": 2
        },
        "roman": {
            "K": 18,
            "H": 41,
            "Ū": 11,
            "N": 41,
            "A": 62,
            "I": 48,
            "M": 14,
            "E": 78,
            "U": 21,
            "C": 6,
            "F": 6,
            "D": 13,
            "R": 23,
            "G": 22,
            "O": 14,
            "L": 14,
            "Š": 9,
            "P": 4,
            "Z": 2,
            "J": 6,
            "B": 22,
            "Y": 5,
            "W": 3,
            "S": 3,
            "T": 10
        }
    }
}