{
    "model_name": "qwen-25-7b",
    "checkpoint": 41000,
    "total_predictions": 218,
    "manchu_word_accuracy": 0.27522935779816515,
    "roman_word_accuracy": 0.27522935779816515,
    "manchu_cer": 0.36653014416775875,
    "roman_cer": 0.36303334789573305,
    "manchu_f1_score": 0.7394401612358974,
    "roman_f1_score": 0.7427745344839244,
    "inference_time": 925.7266455834065,
    "frequent_error": {
        "manchu": {
            "ᡡ": 3,
            "ᠣ": 15,
            "ᠵ": 9,
            "ᡤ": 10,
            "ᠠ": 145,
            "ᠨ": 38,
            "ᠯ": 19,
            "ᡴ": 13,
            "ᡩ": 18,
            "ᡠ": 11,
            "ᡵ": 15,
            "ᡳ": 56,
            "ᠴ": 13,
            "ᠪ": 24,
            "ᠮ": 16,
            "ᡝ": 32,
            "ᡥ": 20,
            "ᠩ": 8,
            "ᠰ": 10,
            "ᠸ": 4,
            "ᠶ": 8,
            "ᡨ": 1,
            "ᡧ": 3,
            "ᡶ": 3
        },
        "roman": {
            "Ū": 3,
            "O": 15,
            "J": 7,
            "G": 17,
            "A": 140,
            "N": 40,
            "L": 19,
            "K": 12,
            "D": 18,
            "U": 10,
            "R": 14,
            "I": 53,
            "C": 13,
            "B": 25,
            "M": 17,
            "E": 32,
            "H": 19,
            "S": 10,
            "W": 2,
            "Y": 8,
            "T": 1,
            "F": 4,
            "Š": 3
        }
    }
}