{
    "model_name": "qwen-25-7b",
    "checkpoint": 34000,
    "total_predictions": 1000,
    "manchu_word_accuracy": 0.782,
    "roman_word_accuracy": 0.782,
    "manchu_cer": 0.05068619844208081,
    "roman_cer": 0.05085637554739722,
    "manchu_f1_score": 0.9597662201600009,
    "roman_f1_score": 0.959910153433203,
    "inference_time": 744.9832472801208,
    "frequent_error": {
        "manchu": {
            "ᡴ": 42,
            "ᡥ": 67,
            "ᠣ": 30,
            "ᡨ": 18,
            "ᠨ": 46,
            "ᠠ": 150,
            "ᡳ": 91,
            "ᡡ": 24,
            "ᠮ": 23,
            "ᡝ": 124,
            "ᠩ": 44,
            "ᡤ": 48,
            "ᡵ": 45,
            "ᠪ": 40,
            "ᡠ": 45,
            "ᠴ": 19,
            "ᡧ": 18,
            "ᡩ": 19,
            "ᠯ": 32,
            "ᠸ": 9,
            "ᠵ": 12,
            "ᡦ": 5,
            "ᡯ": 2,
            "ᠰ": 11,
            "ᠶ": 12,
            "ᡶ": 1
        },
        "roman": {
            "K": 40,
            "H": 66,
            "O": 30,
            "T": 18,
            "N": 89,
            "A": 148,
            "I": 94,
            "Ū": 23,
            "M": 23,
            "E": 124,
            "G": 72,
            "R": 44,
            "B": 38,
            "U": 43,
            "C": 20,
            "Š": 19,
            "D": 21,
            "L": 32,
            "W": 5,
            "J": 12,
            "P": 5,
            "Z": 2,
            "F": 7,
            "S": 11,
            "Y": 12
        }
    }
}