{
    "model_name": "qwen-25-7b",
    "checkpoint": 66000,
    "total_predictions": 218,
    "manchu_word_accuracy": 0.3853211009174312,
    "roman_word_accuracy": 0.3853211009174312,
    "manchu_cer": 0.2752238968982088,
    "roman_cer": 0.27643985728848114,
    "manchu_f1_score": 0.7827688134555382,
    "roman_f1_score": 0.7836807395698385,
    "inference_time": 890.7961025150544,
    "frequent_error": {
        "manchu": {
            "ᠶ": 7,
            "ᡳ": 51,
            "ᠨ": 34,
            "ᠠ": 96,
            "ᠰ": 9,
            "ᡩ": 17,
            "ᠵ": 10,
            "ᠩ": 7,
            "ᠪ": 24,
            "ᡝ": 22,
            "ᡧ": 3,
            "ᡵ": 12,
            "ᡴ": 9,
            "ᡡ": 2,
            "ᠮ": 14,
            "ᡠ": 8,
            "ᡥ": 17,
            "ᠣ": 18,
            "ᡶ": 4,
            "ᠴ": 10,
            "ᡤ": 6,
            "ᠯ": 8,
            "ᠸ": 2
        },
        "roman": {
            "Y": 7,
            "I": 49,
            "N": 41,
            "A": 94,
            "S": 11,
            "D": 17,
            "T": 2,
            "J": 10,
            "G": 13,
            "B": 24,
            "E": 22,
            "Š": 3,
            "R": 11,
            "K": 9,
            "Ū": 2,
            "M": 14,
            "U": 8,
            "H": 17,
            "O": 18,
            "F": 5,
            "C": 10,
            "L": 8
        }
    }
}