{
    "model_name": "qwen-25-7b",
    "checkpoint": 45000,
    "total_predictions": 218,
    "manchu_word_accuracy": 0.3073394495412844,
    "roman_word_accuracy": 0.3073394495412844,
    "manchu_cer": 0.31804281345565755,
    "roman_cer": 0.31790447065676414,
    "manchu_f1_score": 0.7524520938376845,
    "roman_f1_score": 0.7539390812855605,
    "inference_time": 892.6893297685396,
    "frequent_error": {
        "manchu": {
            "ᠪ": 21,
            "ᡩ": 23,
            "ᡥ": 12,
            "ᠠ": 115,
            "ᡠ": 9,
            "ᠨ": 37,
            "ᠣ": 18,
            "ᡳ": 51,
            "ᡴ": 10,
            "ᠯ": 10,
            "ᡶ": 5,
            "ᠵ": 10,
            "ᠴ": 11,
            "ᡝ": 20,
            "ᡵ": 17,
            "ᠮ": 16,
            "ᡤ": 10,
            "ᠰ": 7,
            "ᡧ": 3,
            "ᠶ": 8,
            "ᠸ": 6,
            "ᠩ": 8,
            "ᡨ": 1,
            "ᡡ": 2,
            "ᡮ": 2
        },
        "roman": {
            "B": 21,
            "D": 23,
            "H": 13,
            "A": 111,
            "U": 10,
            "N": 45,
            "O": 18,
            "I": 53,
            "K": 10,
            "L": 10,
            "F": 9,
            "J": 10,
            "C": 11,
            "E": 21,
            "R": 16,
            "M": 16,
            "G": 18,
            "S": 9,
            "Š": 3,
            "Y": 8,
            "W": 1,
            "T": 3,
            "Ū": 2
        }
    }
}