{
    "model_name": "qwen-25-7b",
    "checkpoint": 12000,
    "total_predictions": 1000,
    "manchu_word_accuracy": 0.737,
    "roman_word_accuracy": 0.736,
    "manchu_cer": 0.06131726859741573,
    "roman_cer": 0.06077273296448996,
    "manchu_f1_score": 0.9508814668002536,
    "roman_f1_score": 0.9511826644232848,
    "inference_time": 745.0137679576874,
    "frequent_error": {
        "manchu": {
            "ᠠ": 183,
            "ᠸ": 12,
            "ᡳ": 107,
            "ᡴ": 51,
            "ᡨ": 23,
            "ᡥ": 75,
            "ᡡ": 27,
            "ᠨ": 40,
            "ᠣ": 39,
            "ᡩ": 19,
            "ᠪ": 43,
            "ᡠ": 39,
            "ᠩ": 47,
            "ᡤ": 50,
            "ᠯ": 36,
            "ᠮ": 23,
            "ᡝ": 135,
            "ᡵ": 60,
            "ᠴ": 13,
            "ᡧ": 25,
            "ᠵ": 13,
            "ᡯ": 2,
            "ᠰ": 18,
            "ᠶ": 17,
            "ᡦ": 6,
            "ᡶ": 1
        },
        "roman": {
            "A": 180,
            "F": 11,
            "I": 110,
            "K": 50,
            "T": 23,
            "H": 77,
            "Ū": 26,
            "N": 88,
            "O": 39,
            "D": 20,
            "B": 43,
            "U": 38,
            "G": 72,
            "L": 37,
            "M": 23,
            "E": 138,
            "R": 58,
            "C": 14,
            "Š": 27,
            "J": 13,
            "Z": 2,
            "S": 18,
            "Y": 17,
            "P": 6,
            "W": 3
        }
    }
}