{
    "model_name": "qwen-25-7b",
    "checkpoint": 16000,
    "total_predictions": 218,
    "manchu_word_accuracy": 0.28440366972477066,
    "roman_word_accuracy": 0.28440366972477066,
    "manchu_cer": 0.353165501674676,
    "roman_cer": 0.3510630551914955,
    "manchu_f1_score": 0.7259181829743081,
    "roman_f1_score": 0.7270748171282864,
    "inference_time": 908.846732673295,
    "frequent_error": {
        "manchu": {
            "ᠠ": 136,
            "ᡳ": 50,
            "ᡩ": 20,
            "ᠶ": 8,
            "ᠪ": 34,
            "ᠣ": 16,
            "ᠴ": 12,
            "ᡤ": 9,
            "ᡥ": 11,
            "ᠨ": 35,
            "ᡶ": 5,
            "ᠵ": 9,
            "ᠯ": 13,
            "ᡴ": 10,
            "ᡠ": 12,
            "ᡧ": 4,
            "ᡝ": 23,
            "ᠮ": 19,
            "ᡵ": 15,
            "ᠰ": 8,
            "ᠩ": 8,
            "ᠸ": 5,
            "ᡡ": 2
        },
        "roman": {
            "A": 134,
            "I": 48,
            "D": 20,
            "Y": 8,
            "B": 34,
            "O": 16,
            "C": 12,
            "G": 17,
            "H": 11,
            "N": 43,
            "F": 9,
            "J": 9,
            "L": 13,
            "K": 9,
            "U": 12,
            "Š": 4,
            "E": 25,
            "M": 19,
            "R": 14,
            "S": 10,
            "T": 2,
            "Ū": 2
        }
    }
}