{
    "model_name": "qwen-25-7b",
    "checkpoint": 56000,
    "total_predictions": 1000,
    "manchu_word_accuracy": 0.859,
    "roman_word_accuracy": 0.858,
    "manchu_cer": 0.029383162752280378,
    "roman_cer": 0.02966438216496264,
    "manchu_f1_score": 0.9755951346030939,
    "roman_f1_score": 0.975756875693654,
    "inference_time": 745.2121915817261,
    "frequent_error": {
        "manchu": {
            "ᡴ": 23,
            "ᡥ": 45,
            "ᡡ": 12,
            "ᠨ": 27,
            "ᠠ": 83,
            "ᡧ": 14,
            "ᡳ": 48,
            "ᠮ": 14,
            "ᡝ": 74,
            "ᠩ": 22,
            "ᡤ": 23,
            "ᡵ": 29,
            "ᡠ": 26,
            "ᠴ": 13,
            "ᡩ": 11,
            "ᠰ": 5,
            "ᠣ": 19,
            "ᠯ": 15,
            "ᠪ": 22,
            "ᡦ": 5,
            "ᡯ": 2,
            "ᠸ": 7,
            "ᠵ": 6,
            "ᠶ": 7,
            "ᡨ": 5
        },
        "roman": {
            "K": 24,
            "H": 49,
            "Ū": 13,
            "N": 52,
            "A": 90,
            "Š": 14,
            "I": 54,
            "M": 15,
            "E": 78,
            "G": 31,
            "R": 29,
            "U": 26,
            "C": 13,
            "D": 13,
            "S": 7,
            "O": 19,
            "L": 17,
            "B": 23,
            "P": 5,
            "Z": 2,
            "F": 5,
            "J": 6,
            "Y": 9,
            "W": 2,
            "T": 5
        }
    }
}