{
    "model_name": "qwen-25-7b",
    "checkpoint": 69000,
    "total_predictions": 218,
    "manchu_word_accuracy": 0.38073394495412843,
    "roman_word_accuracy": 0.3761467889908257,
    "manchu_cer": 0.2852118829183049,
    "roman_cer": 0.287716615698267,
    "manchu_f1_score": 0.7755287975201631,
    "roman_f1_score": 0.7745069794988846,
    "inference_time": 890.6253740328168,
    "frequent_error": {
        "manchu": {
            "ᡩ": 16,
            "ᡝ": 19,
            "ᠠ": 107,
            "ᠰ": 8,
            "ᠨ": 35,
            "ᠪ": 26,
            "ᡳ": 54,
            "ᡴ": 9,
            "ᠣ": 18,
            "ᠯ": 10,
            "ᠩ": 7,
            "ᡥ": 18,
            "ᡵ": 13,
            "ᠸ": 3,
            "ᡠ": 9,
            "ᡤ": 6,
            "ᠮ": 13,
            "ᠵ": 11,
            "ᠴ": 9,
            "ᠶ": 7,
            "ᡶ": 4,
            "ᡧ": 3,
            "ᡡ": 2
        },
        "roman": {
            "D": 16,
            "E": 19,
            "A": 105,
            "S": 10,
            "N": 41,
            "B": 26,
            "I": 51,
            "K": 8,
            "O": 18,
            "L": 10,
            "G": 13,
            "H": 18,
            "R": 12,
            "F": 6,
            "U": 8,
            "M": 13,
            "J": 11,
            "C": 9,
            "Y": 7,
            "T": 2,
            "Š": 3,
            "Ū": 2
        }
    }
}