{
    "model_name": "qwen-25-7b",
    "checkpoint": 22000,
    "total_predictions": 1000,
    "manchu_word_accuracy": 0.854,
    "roman_word_accuracy": 0.853,
    "manchu_cer": 0.03146109633830219,
    "roman_cer": 0.03152528052013343,
    "manchu_f1_score": 0.9740663442848415,
    "roman_f1_score": 0.9741039928556887,
    "inference_time": 744.8341162204742,
    "frequent_error": {
        "manchu": {
            "ᡨ": 11,
            "ᠮ": 13,
            "ᡝ": 80,
            "ᠩ": 26,
            "ᡤ": 30,
            "ᡠ": 24,
            "ᡵ": 35,
            "ᠯ": 13,
            "ᡴ": 23,
            "ᡩ": 15,
            "ᠨ": 26,
            "ᠠ": 70,
            "ᡡ": 14,
            "ᡳ": 46,
            "ᠵ": 7,
            "ᠣ": 18,
            "ᡧ": 15,
            "ᡥ": 36,
            "ᡦ": 5,
            "ᡯ": 2,
            "ᠸ": 7,
            "ᠪ": 20,
            "ᠰ": 6,
            "ᠶ": 10,
            "ᠴ": 8,
            "ᡶ": 2
        },
        "roman": {
            "T": 11,
            "M": 13,
            "E": 79,
            "N": 53,
            "G": 41,
            "U": 23,
            "R": 34,
            "L": 13,
            "K": 22,
            "D": 16,
            "A": 74,
            "Ū": 13,
            "I": 51,
            "J": 7,
            "O": 18,
            "Š": 16,
            "H": 37,
            "P": 5,
            "Z": 2,
            "F": 7,
            "B": 20,
            "S": 6,
            "Y": 11,
            "W": 2,
            "C": 9
        }
    }
}