{
    "model_name": "qwen-25-7b",
    "checkpoint": 31000,
    "total_predictions": 1000,
    "manchu_word_accuracy": 0.775,
    "roman_word_accuracy": 0.774,
    "manchu_cer": 0.048070165863548266,
    "roman_cer": 0.04850483846219148,
    "manchu_f1_score": 0.9616959714171772,
    "roman_f1_score": 0.9618132758757726,
    "inference_time": 746.798565864563,
    "frequent_error": {
        "manchu": {
            "ᡳ": 92,
            "ᡵ": 48,
            "ᠠ": 91,
            "ᠸ": 13,
            "ᡴ": 52,
            "ᡥ": 59,
            "ᠣ": 28,
            "ᠩ": 33,
            "ᡤ": 37,
            "ᡝ": 116,
            "ᠮ": 19,
            "ᠪ": 39,
            "ᠵ": 18,
            "ᡠ": 51,
            "ᠨ": 35,
            "ᡡ": 25,
            "ᡧ": 16,
            "ᡩ": 20,
            "ᡨ": 20,
            "ᠯ": 22,
            "ᡯ": 2,
            "ᠰ": 10,
            "ᠴ": 17,
            "ᡦ": 3,
            "ᠶ": 6
        },
        "roman": {
            "I": 93,
            "R": 47,
            "A": 98,
            "F": 9,
            "K": 50,
            "H": 60,
            "O": 28,
            "N": 69,
            "G": 50,
            "E": 117,
            "M": 19,
            "B": 40,
            "J": 18,
            "U": 52,
            "Ū": 25,
            "Š": 16,
            "D": 22,
            "W": 4,
            "T": 22,
            "L": 24,
            "Z": 2,
            "S": 10,
            "C": 18,
            "P": 3,
            "Y": 6
        }
    }
}