{
    "model_name": "qwen-25-7b",
    "checkpoint": 51000,
    "total_predictions": 218,
    "manchu_word_accuracy": 0.3486238532110092,
    "roman_word_accuracy": 0.3486238532110092,
    "manchu_cer": 0.3070809669433523,
    "roman_cer": 0.3036533420707733,
    "manchu_f1_score": 0.7754099665999288,
    "roman_f1_score": 0.7782359250451534,
    "inference_time": 900.9182070373395,
    "frequent_error": {
        "manchu": {
            "ᠪ": 21,
            "ᡳ": 53,
            "ᡴ": 11,
            "ᠠ": 92,
            "ᠣ": 25,
            "ᠯ": 7,
            "ᠮ": 14,
            "ᠰ": 10,
            "ᡵ": 16,
            "ᠨ": 36,
            "ᠴ": 11,
            "ᡝ": 25,
            "ᡧ": 4,
            "ᡩ": 15,
            "ᡥ": 14,
            "ᠶ": 7,
            "ᡡ": 3,
            "ᡤ": 8,
            "ᠩ": 8,
            "ᡶ": 3,
            "ᡠ": 9,
            "ᡮ": 2,
            "ᠵ": 10,
            "ᠸ": 3
        },
        "roman": {
            "B": 21,
            "I": 49,
            "K": 10,
            "A": 90,
            "O": 25,
            "L": 7,
            "M": 13,
            "S": 12,
            "R": 15,
            "N": 44,
            "C": 11,
            "E": 25,
            "Š": 4,
            "D": 15,
            "H": 14,
            "Y": 7,
            "Ū": 3,
            "G": 15,
            "F": 5,
            "U": 9,
            "T": 2,
            "J": 10
        }
    }
}