{
    "model_name": "qwen-25-7b",
    "checkpoint": 63000,
    "total_predictions": 1000,
    "manchu_word_accuracy": 0.868,
    "roman_word_accuracy": 0.867,
    "manchu_cer": 0.027902496767937924,
    "roman_cer": 0.02784312019679665,
    "manchu_f1_score": 0.9767169944599743,
    "roman_f1_score": 0.9769185739448017,
    "inference_time": 745.3955912590027,
    "frequent_error": {
        "manchu": {
            "ᡴ": 21,
            "ᡥ": 41,
            "ᡡ": 10,
            "ᠨ": 25,
            "ᠠ": 68,
            "ᡳ": 41,
            "ᠮ": 11,
            "ᡝ": 74,
            "ᡵ": 21,
            "ᡠ": 22,
            "ᠯ": 15,
            "ᠴ": 9,
            "ᡩ": 11,
            "ᠩ": 17,
            "ᡤ": 18,
            "ᡧ": 11,
            "ᡦ": 5,
            "ᡯ": 2,
            "ᠵ": 7,
            "ᠣ": 8,
            "ᠪ": 18,
            "ᠸ": 6,
            "ᠰ": 7,
            "ᡨ": 8,
            "ᠶ": 5,
            "ᡶ": 2
        },
        "roman": {
            "K": 21,
            "H": 41,
            "Ū": 10,
            "N": 43,
            "A": 70,
            "I": 43,
            "M": 11,
            "E": 75,
            "R": 21,
            "U": 22,
            "L": 16,
            "C": 9,
            "D": 13,
            "G": 25,
            "Š": 11,
            "P": 5,
            "Z": 2,
            "J": 7,
            "O": 8,
            "B": 18,
            "F": 5,
            "S": 7,
            "Y": 6,
            "T": 8,
            "W": 3
        }
    }
}