{
    "model_name": "qwen-25-7b",
    "checkpoint": 29000,
    "total_predictions": 1000,
    "manchu_word_accuracy": 0.776,
    "roman_word_accuracy": 0.776,
    "manchu_cer": 0.05276023886244476,
    "roman_cer": 0.05220005668136474,
    "manchu_f1_score": 0.9568402546758015,
    "roman_f1_score": 0.9573869486074702,
    "inference_time": 743.3538875579834,
    "frequent_error": {
        "manchu": {
            "ᡴ": 50,
            "ᡥ": 79,
            "ᡡ": 25,
            "ᠨ": 44,
            "ᠣ": 31,
            "ᠯ": 37,
            "ᠠ": 163,
            "ᡳ": 107,
            "ᠮ": 23,
            "ᡝ": 118,
            "ᠩ": 43,
            "ᡤ": 44,
            "ᡠ": 50,
            "ᡵ": 44,
            "ᡨ": 24,
            "ᠪ": 39,
            "ᡩ": 27,
            "ᡧ": 23,
            "ᠸ": 8,
            "ᡦ": 4,
            "ᡯ": 2,
            "ᠵ": 8,
            "ᡶ": 4,
            "ᠴ": 15,
            "ᠰ": 7,
            "ᠶ": 11
        },
        "roman": {
            "K": 51,
            "H": 79,
            "Ū": 26,
            "N": 89,
            "O": 31,
            "L": 38,
            "A": 172,
            "I": 107,
            "M": 22,
            "E": 120,
            "G": 68,
            "U": 53,
            "R": 45,
            "T": 26,
            "B": 39,
            "D": 30,
            "Š": 24,
            "W": 4,
            "P": 4,
            "Z": 2,
            "J": 8,
            "F": 9,
            "C": 16,
            "S": 7,
            "Y": 11
        }
    }
}