{
    "model_name": "qwen-25-7b",
    "checkpoint": 55000,
    "total_predictions": 218,
    "manchu_word_accuracy": 0.3623853211009174,
    "roman_word_accuracy": 0.3623853211009174,
    "manchu_cer": 0.3031454783748361,
    "roman_cer": 0.29887323430901414,
    "manchu_f1_score": 0.7696079207745922,
    "roman_f1_score": 0.7724004548879576,
    "inference_time": 898.7893445776143,
    "frequent_error": {
        "manchu": {
            "ᡳ": 51,
            "ᠩ": 8,
            "ᠰ": 9,
            "ᠨ": 34,
            "ᠪ": 24,
            "ᡴ": 9,
            "ᠠ": 92,
            "ᠣ": 16,
            "ᡠ": 8,
            "ᠴ": 11,
            "ᠵ": 9,
            "ᠮ": 16,
            "ᡝ": 27,
            "ᡤ": 8,
            "ᡩ": 20,
            "ᡥ": 15,
            "ᠯ": 11,
            "ᡵ": 8,
            "ᡶ": 3,
            "ᡮ": 2,
            "ᠶ": 6,
            "ᠸ": 3,
            "ᡧ": 3,
            "ᡡ": 1
        },
        "roman": {
            "I": 49,
            "N": 42,
            "G": 15,
            "S": 11,
            "B": 24,
            "K": 8,
            "A": 90,
            "O": 16,
            "U": 9,
            "C": 11,
            "J": 9,
            "M": 16,
            "E": 27,
            "D": 20,
            "H": 15,
            "L": 11,
            "R": 7,
            "F": 5,
            "T": 2,
            "Y": 6,
            "Š": 3,
            "Ū": 1
        }
    }
}