{
    "model_name": "qwen-25-7b",
    "checkpoint": 39000,
    "total_predictions": 218,
    "manchu_word_accuracy": 0.3302752293577982,
    "roman_word_accuracy": 0.3256880733944954,
    "manchu_cer": 0.3255715741954275,
    "roman_cer": 0.3320609436435124,
    "manchu_f1_score": 0.7425999114814547,
    "roman_f1_score": 0.7418131345478887,
    "inference_time": 896.9691554340748,
    "frequent_error": {
        "manchu": {
            "ᡩ": 19,
            "ᠣ": 16,
            "ᠠ": 129,
            "ᡵ": 15,
            "ᡤ": 9,
            "ᠪ": 31,
            "ᡳ": 54,
            "ᡝ": 20,
            "ᠨ": 35,
            "ᠵ": 9,
            "ᡶ": 4,
            "ᡥ": 14,
            "ᠯ": 14,
            "ᡴ": 8,
            "ᠮ": 13,
            "ᠶ": 9,
            "ᡧ": 3,
            "ᡠ": 8,
            "ᠴ": 8,
            "ᠰ": 8,
            "ᠸ": 3,
            "ᠩ": 7,
            "ᡡ": 2
        },
        "roman": {
            "D": 19,
            "O": 16,
            "A": 127,
            "R": 14,
            "G": 15,
            "B": 32,
            "I": 55,
            "E": 21,
            "N": 42,
            "J": 9,
            "F": 5,
            "H": 16,
            "L": 14,
            "K": 7,
            "M": 14,
            "Y": 9,
            "Š": 3,
            "U": 8,
            "C": 8,
            "S": 10,
            "W": 1,
            "Ū": 2,
            "T": 2
        }
    }
}