{
    "model_name": "qwen-25-7b",
    "checkpoint": 1000,
    "total_predictions": 218,
    "manchu_word_accuracy": 0.03669724770642202,
    "roman_word_accuracy": 0.03211009174311927,
    "manchu_cer": 0.7467034367263726,
    "roman_cer": 0.7482508571958119,
    "manchu_f1_score": 0.550768506937025,
    "roman_f1_score": 0.5506545385575128,
    "inference_time": 1003.4441291739088,
    "frequent_error": {
        "manchu": {
            "ᡩ": 32,
            "ᡥ": 34,
            "ᠠ": 153,
            "ᠯ": 16,
            "ᠨ": 57,
            "ᠵ": 19,
            "ᡳ": 94,
            "ᠮ": 29,
            "ᡝ": 50,
            "ᡴ": 12,
            "ᡠ": 16,
            "ᡤ": 12,
            "ᠸ": 9,
            "ᠪ": 34,
            "ᠣ": 21,
            "ᠴ": 20,
            "ᠰ": 17,
            "ᡵ": 24,
            "ᠶ": 15,
            "ᡶ": 4,
            "ᡧ": 5,
            "ᠩ": 11,
            "ᡡ": 4,
            "ᡮ": 2,
            "ᡨ": 3
        },
        "roman": {
            "D": 32,
            "H": 35,
            "A": 157,
            "L": 16,
            "N": 66,
            "J": 19,
            "I": 96,
            "M": 29,
            "E": 50,
            "K": 13,
            "U": 15,
            "G": 22,
            "W": 2,
            "B": 34,
            "O": 21,
            "C": 20,
            "S": 19,
            "R": 25,
            "Y": 15,
            "Š": 5,
            "F": 8,
            "Ū": 4,
            "T": 5
        }
    }
}