{
    "model_name": "qwen-25-7b",
    "checkpoint": 32000,
    "total_predictions": 218,
    "manchu_word_accuracy": 0.3119266055045872,
    "roman_word_accuracy": 0.3119266055045872,
    "manchu_cer": 0.3545871559633028,
    "roman_cer": 0.35281650052292257,
    "manchu_f1_score": 0.7322384584594519,
    "roman_f1_score": 0.7344399092574174,
    "inference_time": 901.7971272862286,
    "frequent_error": {
        "manchu": {
            "ᠣ": 16,
            "ᡳ": 60,
            "ᡥ": 16,
            "ᠨ": 37,
            "ᠪ": 21,
            "ᠠ": 127,
            "ᡤ": 10,
            "ᡠ": 11,
            "ᠸ": 5,
            "ᠰ": 7,
            "ᠮ": 13,
            "ᡝ": 21,
            "ᡵ": 15,
            "ᡩ": 26,
            "ᠩ": 8,
            "ᡴ": 10,
            "ᠴ": 10,
            "ᠵ": 8,
            "ᠶ": 7,
            "ᠯ": 14,
            "ᡶ": 3,
            "ᡡ": 4,
            "ᡧ": 3,
            "ᡮ": 2
        },
        "roman": {
            "O": 16,
            "I": 57,
            "H": 16,
            "N": 45,
            "B": 21,
            "A": 125,
            "G": 17,
            "U": 11,
            "W": 1,
            "S": 9,
            "M": 13,
            "E": 20,
            "R": 14,
            "D": 26,
            "K": 10,
            "C": 10,
            "J": 8,
            "Y": 7,
            "L": 14,
            "F": 6,
            "Ū": 4,
            "Š": 3,
            "T": 2
        }
    }
}