{
    "model_name": "qwen-25-7b",
    "checkpoint": 74000,
    "total_predictions": 1000,
    "manchu_word_accuracy": 0.878,
    "roman_word_accuracy": 0.877,
    "manchu_cer": 0.026398686689127846,
    "roman_cer": 0.026786235414911874,
    "manchu_f1_score": 0.9779544825267892,
    "roman_f1_score": 0.9777301840602115,
    "inference_time": 746.1663146018982,
    "frequent_error": {
        "manchu": {
            "ᡴ": 17,
            "ᡥ": 38,
            "ᡡ": 9,
            "ᠨ": 22,
            "ᠠ": 58,
            "ᡳ": 43,
            "ᠮ": 14,
            "ᡝ": 71,
            "ᡵ": 21,
            "ᡠ": 21,
            "ᠴ": 8,
            "ᠸ": 7,
            "ᡩ": 10,
            "ᠩ": 13,
            "ᡤ": 14,
            "ᠣ": 13,
            "ᠯ": 13,
            "ᡧ": 9,
            "ᡦ": 4,
            "ᡯ": 2,
            "ᠵ": 5,
            "ᠪ": 21,
            "ᠰ": 4,
            "ᠶ": 4,
            "ᡨ": 9,
            "ᡶ": 1
        },
        "roman": {
            "K": 17,
            "H": 38,
            "Ū": 9,
            "N": 37,
            "A": 60,
            "I": 45,
            "M": 14,
            "E": 72,
            "R": 21,
            "U": 21,
            "C": 8,
            "F": 5,
            "D": 12,
            "G": 18,
            "O": 13,
            "L": 14,
            "Š": 9,
            "P": 4,
            "Z": 2,
            "J": 5,
            "B": 21,
            "S": 5,
            "Y": 5,
            "W": 3,
            "T": 9
        }
    }
}