{
    "model_name": "qwen-25-7b",
    "checkpoint": 67000,
    "total_predictions": 218,
    "manchu_word_accuracy": 0.3669724770642202,
    "roman_word_accuracy": 0.3669724770642202,
    "manchu_cer": 0.2953145478374836,
    "roman_cer": 0.2957659822338721,
    "manchu_f1_score": 0.7693361414624238,
    "roman_f1_score": 0.7696299802613893,
    "inference_time": 894.1897700685973,
    "frequent_error": {
        "manchu": {
            "ᠠ": 112,
            "ᠨ": 37,
            "ᡠ": 9,
            "ᠵ": 12,
            "ᡤ": 6,
            "ᠰ": 9,
            "ᠶ": 7,
            "ᠮ": 14,
            "ᡩ": 18,
            "ᡝ": 22,
            "ᡳ": 55,
            "ᡴ": 9,
            "ᠣ": 18,
            "ᠯ": 10,
            "ᡥ": 20,
            "ᠴ": 9,
            "ᠸ": 3,
            "ᠪ": 26,
            "ᠩ": 7,
            "ᡵ": 14,
            "ᡶ": 4,
            "ᡧ": 3,
            "ᡡ": 2
        },
        "roman": {
            "A": 110,
            "N": 44,
            "U": 9,
            "J": 12,
            "G": 13,
            "S": 11,
            "Y": 7,
            "M": 14,
            "D": 18,
            "E": 22,
            "I": 52,
            "K": 8,
            "O": 18,
            "L": 10,
            "H": 20,
            "C": 9,
            "F": 6,
            "B": 26,
            "R": 13,
            "T": 2,
            "Š": 3,
            "Ū": 2
        }
    }
}