{
    "model_name": "qwen-25-7b",
    "checkpoint": 26000,
    "total_predictions": 1000,
    "manchu_word_accuracy": 0.75,
    "roman_word_accuracy": 0.748,
    "manchu_cer": 0.06212365445012512,
    "roman_cer": 0.06182482343078323,
    "manchu_f1_score": 0.9491975224849996,
    "roman_f1_score": 0.9495285547075566,
    "inference_time": 745.6865146160126,
    "frequent_error": {
        "manchu": {
            "ᡴ": 47,
            "ᡳ": 112,
            "ᠶ": 17,
            "ᠠ": 163,
            "ᡥ": 75,
            "ᠪ": 50,
            "ᡝ": 127,
            "ᡨ": 29,
            "ᡡ": 26,
            "ᠨ": 46,
            "ᠮ": 20,
            "ᠩ": 39,
            "ᡤ": 41,
            "ᡠ": 49,
            "ᡵ": 41,
            "ᠯ": 39,
            "ᠴ": 17,
            "ᡧ": 22,
            "ᡩ": 28,
            "ᠸ": 14,
            "ᠣ": 37,
            "ᡯ": 2,
            "ᠵ": 10,
            "ᠰ": 13,
            "ᡦ": 6,
            "ᡶ": 6
        },
        "roman": {
            "K": 47,
            "I": 113,
            "Y": 17,
            "A": 164,
            "H": 75,
            "B": 49,
            "E": 125,
            "T": 28,
            "Ū": 26,
            "N": 86,
            "M": 19,
            "G": 59,
            "U": 49,
            "R": 41,
            "L": 39,
            "C": 18,
            "Š": 23,
            "D": 30,
            "F": 15,
            "O": 37,
            "Z": 2,
            "J": 10,
            "S": 13,
            "P": 6,
            "W": 4
        }
    }
}