{
    "model_name": "qwen-25-7b",
    "checkpoint": 15000,
    "total_predictions": 1000,
    "manchu_word_accuracy": 0.787,
    "roman_word_accuracy": 0.787,
    "manchu_cer": 0.047513869953575885,
    "roman_cer": 0.047708599200936716,
    "manchu_f1_score": 0.9604831801513777,
    "roman_f1_score": 0.9605808679927456,
    "inference_time": 744.2135493755341,
    "frequent_error": {
        "manchu": {
            "ᡨ": 17,
            "ᠠ": 137,
            "ᡴ": 41,
            "ᡳ": 78,
            "ᠨ": 32,
            "ᠮ": 18,
            "ᡝ": 100,
            "ᠩ": 32,
            "ᡤ": 35,
            "ᠪ": 31,
            "ᠯ": 24,
            "ᠣ": 35,
            "ᡠ": 34,
            "ᡥ": 54,
            "ᡡ": 23,
            "ᡵ": 51,
            "ᠴ": 11,
            "ᡩ": 18,
            "ᠵ": 10,
            "ᡧ": 18,
            "ᡦ": 4,
            "ᡯ": 2,
            "ᠸ": 10,
            "ᠰ": 9,
            "ᠶ": 7,
            "ᡶ": 2
        },
        "roman": {
            "T": 17,
            "A": 142,
            "K": 41,
            "I": 82,
            "N": 63,
            "M": 18,
            "E": 101,
            "G": 48,
            "B": 32,
            "L": 24,
            "O": 35,
            "U": 34,
            "H": 55,
            "Ū": 23,
            "R": 52,
            "C": 11,
            "D": 20,
            "J": 11,
            "Š": 18,
            "P": 4,
            "Z": 2,
            "F": 9,
            "S": 9,
            "Y": 8,
            "W": 5
        }
    }
}