{
    "model_name": "qwen-25-7b",
    "checkpoint": 71000,
    "total_predictions": 218,
    "manchu_word_accuracy": 0.38990825688073394,
    "roman_word_accuracy": 0.38990825688073394,
    "manchu_cer": 0.2834043250327653,
    "roman_cer": 0.2807212028542303,
    "manchu_f1_score": 0.7776719427960659,
    "roman_f1_score": 0.7793329339605646,
    "inference_time": 895.3876265692055,
    "frequent_error": {
        "manchu": {
            "ᠪ": 26,
            "ᡳ": 50,
            "ᡝ": 18,
            "ᠣ": 18,
            "ᡤ": 6,
            "ᠨ": 33,
            "ᡩ": 15,
            "ᠠ": 103,
            "ᠶ": 7,
            "ᡮ": 2,
            "ᠵ": 10,
            "ᠩ": 7,
            "ᡵ": 13,
            "ᠴ": 9,
            "ᠰ": 8,
            "ᠮ": 12,
            "ᡠ": 9,
            "ᠯ": 8,
            "ᡥ": 18,
            "ᡴ": 7,
            "ᡡ": 2,
            "ᠸ": 3,
            "ᡶ": 4,
            "ᡧ": 3
        },
        "roman": {
            "B": 26,
            "I": 48,
            "E": 18,
            "O": 18,
            "G": 13,
            "N": 40,
            "D": 15,
            "A": 101,
            "Y": 7,
            "T": 2,
            "S": 10,
            "J": 10,
            "R": 12,
            "C": 9,
            "M": 12,
            "U": 9,
            "L": 8,
            "H": 18,
            "K": 6,
            "Ū": 2,
            "F": 6,
            "Š": 3
        }
    }
}