{
    "model_name": "qwen-25-7b",
    "checkpoint": 4000,
    "total_predictions": 218,
    "manchu_word_accuracy": 0.1743119266055046,
    "roman_word_accuracy": 0.1743119266055046,
    "manchu_cer": 0.43538299111693624,
    "roman_cer": 0.4304883699379114,
    "manchu_f1_score": 0.665486936981242,
    "roman_f1_score": 0.6670643987651257,
    "inference_time": 916.4364020758812,
    "frequent_error": {
        "manchu": {
            "ᠠ": 146,
            "ᠪ": 28,
            "ᠯ": 17,
            "ᠮ": 20,
            "ᡳ": 73,
            "ᡩ": 25,
            "ᡝ": 33,
            "ᠰ": 9,
            "ᠶ": 6,
            "ᡴ": 14,
            "ᠴ": 18,
            "ᠨ": 38,
            "ᡠ": 13,
            "ᠣ": 15,
            "ᡵ": 19,
            "ᠵ": 12,
            "ᡤ": 12,
            "ᠸ": 11,
            "ᠩ": 11,
            "ᡥ": 19,
            "ᡨ": 1,
            "ᡶ": 5,
            "ᡧ": 5,
            "ᡡ": 4,
            "ᡮ": 2
        },
        "roman": {
            "A": 147,
            "B": 28,
            "L": 17,
            "M": 20,
            "I": 72,
            "D": 25,
            "E": 34,
            "S": 12,
            "Y": 6,
            "K": 14,
            "C": 18,
            "N": 49,
            "U": 14,
            "O": 15,
            "R": 19,
            "J": 12,
            "G": 21,
            "W": 1,
            "F": 13,
            "H": 19,
            "T": 3,
            "Š": 5,
            "Ū": 4
        }
    }
}