{
    "model_name": "crnn-base-3m",
    "checkpoint": 345000,
    "total_predictions": 1000,
    "manchu_word_accuracy": 0.99,
    "roman_word_accuracy": 0.0,
    "manchu_cer": 0.0014484848484848485,
    "roman_cer": 1.0,
    "manchu_f1_score": 0.9986950146627566,
    "roman_f1_score": 0.0,
    "inference_time": 4.391489744186401,
    "frequent_error": {
        "manchu": {
            "ᡥ": 3,
            "ᡦ": 2,
            "ᡤ": 4,
            "ᠠ": 3,
            "ᠨ": 2,
            "ᠵ": 1,
            "ᠩ": 1,
            "ᡝ": 1,
            "ᡧ": 1,
            "ᡠ": 1,
            "ᡴ": 1,
            "ᡳ": 1,
            "ᠯ": 1
        },
        "roman": {
            "G": 624,
            "O": 359,
            "F": 135,
            "H": 625,
            "L": 436,
            "R": 401,
            "N": 591,
            "E": 1024,
            "I": 1052,
            "A": 1448,
            "K": 430,
            "Ū": 223,
            "D": 212,
            "J": 151,
            "U": 630,
            "S": 197,
            "B": 590,
            "T": 228,
            "M": 305,
            "W": 64,
            "C": 178,
            "Y": 160,
            "Š": 149,
            "P": 8
        }
    }
}