{
    "model_name": "crnn-base-3m",
    "checkpoint": 356250,
    "total_predictions": 1000,
    "manchu_word_accuracy": 0.978,
    "roman_word_accuracy": 0.0,
    "manchu_cer": 0.0019936803392685745,
    "roman_cer": 1.0,
    "manchu_f1_score": 0.998274380853065,
    "roman_f1_score": 0.0,
    "inference_time": 4.131829500198364,
    "frequent_error": {
        "manchu": {
            "ᠸ": 1,
            "ᠠ": 13,
            "ᡥ": 12,
            "ᠯ": 3,
            "ᠪ": 6,
            "ᡳ": 6,
            "ᡝ": 10,
            "ᡵ": 2,
            "ᠣ": 2,
            "ᠩ": 1,
            "ᡤ": 7,
            "ᠨ": 5,
            "ᡠ": 2,
            "ᠵ": 1,
            "ᡧ": 2,
            "ᡦ": 1,
            "ᡩ": 2,
            "ᠮ": 1,
            "ᠶ": 1,
            "ᡨ": 1,
            "ᡴ": 1
        },
        "roman": {
            "W": 64,
            "A": 1417,
            "C": 180,
            "I": 1038,
            "H": 622,
            "Y": 149,
            "R": 441,
            "K": 413,
            "Ū": 234,
            "N": 632,
            "G": 692,
            "E": 1092,
            "L": 450,
            "B": 557,
            "U": 628,
            "M": 302,
            "O": 349,
            "D": 197,
            "T": 226,
            "S": 219,
            "Š": 135,
            "J": 159,
            "F": 129,
            "P": 3
        }
    }
}