{
    "model_name": "crnn-base-3m",
    "checkpoint": 187500,
    "total_predictions": 1000,
    "manchu_word_accuracy": 0.988,
    "roman_word_accuracy": 0.0,
    "manchu_cer": 0.0013713675213675213,
    "roman_cer": 1.0,
    "manchu_f1_score": 0.9986719658119658,
    "roman_f1_score": 0.0,
    "inference_time": 3.7510576248168945,
    "frequent_error": {
        "manchu": {
            "ᠶ": 1,
            "ᠯ": 1,
            "ᡥ": 3,
            "ᠠ": 4,
            "ᡵ": 1,
            "ᡠ": 3,
            "ᠨ": 2,
            "ᠵ": 1,
            "ᠩ": 1,
            "ᡤ": 1,
            "ᡝ": 1
        },
        "roman": {
            "G": 660,
            "I": 1057,
            "B": 569,
            "A": 1454,
            "N": 608,
            "R": 424,
            "E": 1018,
            "Š": 147,
            "U": 651,
            "K": 442,
            "Ū": 241,
            "C": 184,
            "L": 442,
            "T": 236,
            "Y": 156,
            "H": 596,
            "O": 321,
            "M": 302,
            "J": 154,
            "S": 207,
            "F": 128,
            "D": 205,
            "W": 46,
            "P": 3,
            "Z": 2
        }
    }
}