{
    "model_name": "crnn-base-3m",
    "checkpoint": 300000,
    "total_predictions": 1000,
    "manchu_word_accuracy": 0.983,
    "roman_word_accuracy": 0.0,
    "manchu_cer": 0.0019526307026307022,
    "roman_cer": 1.0,
    "manchu_f1_score": 0.9982119113400073,
    "roman_f1_score": 0.0,
    "inference_time": 3.9970765113830566,
    "frequent_error": {
        "manchu": {
            "ᠠ": 11,
            "ᠯ": 2,
            "ᡳ": 5,
            "ᠶ": 2,
            "ᡴ": 3,
            "ᡵ": 2,
            "ᡡ": 2,
            "ᡩ": 2,
            "ᡠ": 2,
            "ᠣ": 2,
            "ᠴ": 3,
            "ᡥ": 1,
            "ᠮ": 1,
            "ᠨ": 1,
            "ᠵ": 1,
            "ᡦ": 1,
            "ᠪ": 1,
            "ᡝ": 1,
            "ᡨ": 1,
            "ᡤ": 1
        },
        "roman": {
            "T": 254,
            "U": 666,
            "L": 435,
            "H": 597,
            "Š": 133,
            "E": 1019,
            "B": 637,
            "I": 1024,
            "S": 215,
            "O": 361,
            "R": 401,
            "C": 194,
            "A": 1474,
            "N": 636,
            "D": 209,
            "F": 139,
            "G": 631,
            "Ū": 184,
            "K": 403,
            "W": 44,
            "P": 10,
            "J": 149,
            "Y": 144,
            "M": 290
        }
    }
}