{
    "model_name": "crnn-base-3m",
    "checkpoint": 168750,
    "total_predictions": 1000,
    "manchu_word_accuracy": 0.988,
    "roman_word_accuracy": 0.0,
    "manchu_cer": 0.0013974969474969475,
    "roman_cer": 1.0,
    "manchu_f1_score": 0.9987667800940179,
    "roman_f1_score": 0.0,
    "inference_time": 3.86995005607605,
    "frequent_error": {
        "manchu": {
            "ᡩ": 2,
            "ᡵ": 3,
            "ᡳ": 2,
            "ᠴ": 1,
            "ᡤ": 3,
            "ᡦ": 1,
            "ᠠ": 6,
            "ᠨ": 1,
            "ᠩ": 1,
            "ᡝ": 2,
            "ᡠ": 2,
            "ᡴ": 1,
            "ᡡ": 1
        },
        "roman": {
            "U": 696,
            "C": 179,
            "I": 1061,
            "N": 618,
            "A": 1452,
            "F": 159,
            "O": 348,
            "L": 414,
            "B": 583,
            "M": 304,
            "E": 979,
            "H": 621,
            "Ū": 209,
            "D": 197,
            "K": 447,
            "Y": 145,
            "G": 636,
            "S": 205,
            "Š": 139,
            "R": 385,
            "J": 139,
            "W": 45,
            "T": 234,
            "P": 10
        }
    }
}