{
    "model_name": "crnn-base-3m",
    "checkpoint": 206250,
    "total_predictions": 1000,
    "manchu_word_accuracy": 0.987,
    "roman_word_accuracy": 0.0,
    "manchu_cer": 0.0019493760324642677,
    "roman_cer": 1.0,
    "manchu_f1_score": 0.9986112896765071,
    "roman_f1_score": 0.0,
    "inference_time": 3.7684693336486816,
    "frequent_error": {
        "manchu": {
            "ᠪ": 3,
            "ᡝ": 7,
            "ᠨ": 6,
            "ᠵ": 1,
            "ᡳ": 3,
            "ᡥ": 3,
            "ᠠ": 11,
            "ᡴ": 5,
            "ᡡ": 3,
            "ᠩ": 5,
            "ᡤ": 6,
            "ᠸ": 2,
            "ᠴ": 3,
            "ᠶ": 1,
            "ᡵ": 4,
            "ᠣ": 3,
            "ᡠ": 5,
            "ᡩ": 2,
            "ᠯ": 2,
            "ᡧ": 1,
            "᠋": 1
        },
        "roman": {
            "N": 634,
            "E": 1046,
            "C": 176,
            "I": 1077,
            "H": 599,
            "Y": 138,
            "K": 410,
            "A": 1434,
            "L": 415,
            "G": 633,
            "U": 630,
            "S": 228,
            "T": 254,
            "B": 597,
            "D": 193,
            "R": 427,
            "M": 314,
            "Ū": 200,
            "Š": 132,
            "J": 129,
            "O": 360,
            "F": 135,
            "W": 50,
            "P": 11,
            "'": 2
        }
    }
}