{
    "model_name": "crnn-base-3m",
    "checkpoint": 33750,
    "total_predictions": 1000,
    "manchu_word_accuracy": 0.984,
    "roman_word_accuracy": 0.0,
    "manchu_cer": 0.001749181374181374,
    "roman_cer": 1.0,
    "manchu_f1_score": 0.9984536414625205,
    "roman_f1_score": 0.0,
    "inference_time": 3.7618749141693115,
    "frequent_error": {
        "manchu": {
            "ᡵ": 2,
            "ᡤ": 5,
            "ᡳ": 2,
            "ᠯ": 1,
            "ᠠ": 8,
            "ᠪ": 2,
            "ᡠ": 3,
            "ᠮ": 1,
            "ᡥ": 5,
            "ᡝ": 3,
            "ᡦ": 2,
            "ᠵ": 2,
            "ᡴ": 1,
            "ᠨ": 1,
            "ᠩ": 2,
            "ᡨ": 1,
            "ᠣ": 1
        },
        "roman": {
            "E": 1051,
            "K": 414,
            "I": 1043,
            "S": 229,
            "A": 1404,
            "T": 262,
            "O": 333,
            "R": 376,
            "N": 613,
            "G": 645,
            "Š": 145,
            "U": 660,
            "H": 581,
            "M": 304,
            "B": 548,
            "Ū": 197,
            "D": 189,
            "J": 150,
            "W": 61,
            "Y": 123,
            "L": 436,
            "F": 151,
            "C": 191,
            "P": 10,
            "Z": 1
        }
    }
}