{
    "model_name": "crnn-base-3m",
    "checkpoint": 337500,
    "total_predictions": 1000,
    "manchu_word_accuracy": 0.981,
    "roman_word_accuracy": 0.0,
    "manchu_cer": 0.002424975024975025,
    "roman_cer": 1.0,
    "manchu_f1_score": 0.9982455162413602,
    "roman_f1_score": 0.0,
    "inference_time": 3.8762223720550537,
    "frequent_error": {
        "manchu": {
            "ᡦ": 2,
            "ᠠ": 3,
            "ᠰ": 1,
            "ᡧ": 1,
            "ᠨ": 1,
            "ᠴ": 1,
            "ᡠ": 2,
            "ᠸ": 1,
            "ᡳ": 1,
            "ᡤ": 2,
            "ᡩ": 3,
            "ᠯ": 1,
            "ᠣ": 1,
            "ᡵ": 3,
            "ᡴ": 1,
            "ᡡ": 1,
            "ᠩ": 1,
            "ᡝ": 2
        },
        "roman": {
            "D": 220,
            "O": 340,
            "S": 196,
            "F": 143,
            "I": 1050,
            "N": 617,
            "E": 932,
            "B": 589,
            "U": 655,
            "M": 308,
            "A": 1519,
            "H": 577,
            "G": 634,
            "R": 434,
            "L": 414,
            "J": 155,
            "Y": 132,
            "C": 199,
            "T": 250,
            "K": 431,
            "Ū": 238,
            "Š": 138,
            "P": 12,
            "W": 51,
            "Z": 2
        }
    }
}