{
    "model_name": "crnn-base-3m",
    "checkpoint": 198750,
    "total_predictions": 1000,
    "manchu_word_accuracy": 0.993,
    "roman_word_accuracy": 0.0,
    "manchu_cer": 0.0006355311355311355,
    "roman_cer": 1.0,
    "manchu_f1_score": 0.9993644688644688,
    "roman_f1_score": 0.0,
    "inference_time": 3.753084421157837,
    "frequent_error": {
        "manchu": {
            "ᠠ": 1,
            "ᡳ": 1,
            "ᡤ": 2,
            "ᠣ": 1,
            "ᡴ": 1,
            "ᡝ": 1
        },
        "roman": {
            "C": 194,
            "I": 1045,
            "N": 615,
            "L": 411,
            "A": 1396,
            "B": 564,
            "U": 651,
            "H": 615,
            "G": 632,
            "S": 211,
            "E": 1004,
            "R": 384,
            "J": 137,
            "K": 438,
            "O": 376,
            "Š": 147,
            "F": 150,
            "Ū": 226,
            "M": 309,
            "D": 200,
            "Y": 125,
            "W": 63,
            "T": 222,
            "P": 6
        }
    }
}