{
    "model_name": "crnn-base-3m",
    "checkpoint": 195000,
    "total_predictions": 1000,
    "manchu_word_accuracy": 0.991,
    "roman_word_accuracy": 0.0,
    "manchu_cer": 0.0011554695304695304,
    "roman_cer": 1.0,
    "manchu_f1_score": 0.9989051365301365,
    "roman_f1_score": 0.0,
    "inference_time": 3.757080316543579,
    "frequent_error": {
        "manchu": {
            "ᡠ": 2,
            "ᡥ": 1,
            "ᡝ": 2,
            "ᠨ": 1,
            "ᠴ": 1,
            "ᠸ": 1,
            "ᡳ": 1,
            "ᡤ": 1,
            "ᡩ": 1,
            "ᡦ": 1,
            "ᠩ": 1,
            "ᡨ": 1
        },
        "roman": {
            "B": 608,
            "A": 1441,
            "H": 638,
            "N": 587,
            "J": 153,
            "I": 1028,
            "F": 132,
            "Š": 151,
            "U": 696,
            "R": 409,
            "D": 205,
            "E": 1056,
            "M": 291,
            "Y": 136,
            "S": 204,
            "T": 262,
            "L": 429,
            "C": 193,
            "K": 390,
            "Ū": 204,
            "G": 625,
            "O": 346,
            "W": 61,
            "P": 4
        }
    }
}