{
    "model_name": "crnn-base-3m",
    "checkpoint": 123750,
    "total_predictions": 1000,
    "manchu_word_accuracy": 0.995,
    "roman_word_accuracy": 0.0,
    "manchu_cer": 0.0007388278388278386,
    "roman_cer": 1.0,
    "manchu_f1_score": 0.999422644022644,
    "roman_f1_score": 0.0,
    "inference_time": 3.838714599609375,
    "frequent_error": {
        "manchu": {
            "ᡩ": 2,
            "ᠪ": 1,
            "ᡝ": 3,
            "ᡵ": 1,
            "ᠨ": 2,
            "ᡥ": 1,
            "ᠠ": 1,
            "ᠩ": 1,
            "ᡤ": 1,
            "ᡦ": 1,
            "ᡠ": 1
        },
        "roman": {
            "S": 216,
            "I": 1065,
            "M": 276,
            "A": 1413,
            "H": 610,
            "B": 526,
            "N": 620,
            "G": 614,
            "T": 245,
            "R": 399,
            "O": 345,
            "D": 201,
            "L": 426,
            "C": 206,
            "Ū": 221,
            "W": 46,
            "U": 589,
            "Š": 137,
            "J": 143,
            "K": 447,
            "E": 1050,
            "F": 140,
            "Y": 125,
            "P": 6,
            "'": 1,
            "Z": 1
        }
    }
}