{
    "model_name": "crnn-base-3m",
    "checkpoint": 225000,
    "total_predictions": 1000,
    "manchu_word_accuracy": 0.994,
    "roman_word_accuracy": 0.0,
    "manchu_cer": 0.0007983516483516483,
    "roman_cer": 1.0,
    "manchu_f1_score": 0.9993405372405372,
    "roman_f1_score": 0.0,
    "inference_time": 3.7523818016052246,
    "frequent_error": {
        "manchu": {
            "ᡩ": 1,
            "ᠠ": 2,
            "ᡥ": 2,
            "ᠣ": 2,
            "ᡨ": 1,
            "ᠶ": 1
        },
        "roman": {
            "B": 560,
            "I": 1017,
            "Y": 136,
            "A": 1458,
            "R": 393,
            "Š": 154,
            "T": 231,
            "L": 449,
            "U": 636,
            "M": 326,
            "S": 228,
            "H": 587,
            "N": 647,
            "K": 417,
            "F": 150,
            "J": 130,
            "W": 63,
            "G": 666,
            "E": 1075,
            "C": 174,
            "Ū": 215,
            "O": 320,
            "D": 204,
            "P": 9,
            "'": 1,
            "Z": 1
        }
    }
}