{
    "model_name": "crnn-base-3m",
    "checkpoint": 266250,
    "total_predictions": 1000,
    "manchu_word_accuracy": 0.995,
    "roman_word_accuracy": 0.0,
    "manchu_cer": 0.0004697802197802198,
    "roman_cer": 1.0,
    "manchu_f1_score": 0.9995302197802197,
    "roman_f1_score": 0.0,
    "inference_time": 3.7535524368286133,
    "frequent_error": {
        "manchu": {
            "ᡩ": 2,
            "ᠠ": 1,
            "ᡦ": 1,
            "ᡥ": 1
        },
        "roman": {
            "B": 567,
            "I": 1057,
            "L": 413,
            "U": 680,
            "Š": 150,
            "A": 1392,
            "J": 142,
            "O": 310,
            "R": 381,
            "K": 418,
            "Ū": 221,
            "N": 646,
            "G": 679,
            "E": 1088,
            "W": 71,
            "Y": 158,
            "T": 245,
            "M": 292,
            "H": 585,
            "C": 201,
            "F": 123,
            "S": 231,
            "D": 203,
            "P": 10,
            "Z": 2
        }
    }
}