{
    "model_name": "crnn-base-3m",
    "checkpoint": 101250,
    "total_predictions": 1000,
    "manchu_word_accuracy": 0.992,
    "roman_word_accuracy": 0.0,
    "manchu_cer": 0.0007014652014652014,
    "roman_cer": 1.0,
    "manchu_f1_score": 0.9992985347985348,
    "roman_f1_score": 0.0,
    "inference_time": 3.87853741645813,
    "frequent_error": {
        "manchu": {
            "ᡩ": 3,
            "ᠪ": 1,
            "ᡤ": 1,
            "ᡝ": 2,
            "ᠠ": 2,
            "ᠣ": 1
        },
        "roman": {
            "D": 213,
            "A": 1439,
            "H": 603,
            "N": 608,
            "J": 138,
            "I": 1037,
            "M": 268,
            "E": 1013,
            "R": 408,
            "K": 433,
            "Ū": 209,
            "G": 642,
            "B": 598,
            "U": 703,
            "S": 202,
            "Y": 152,
            "L": 439,
            "Š": 119,
            "O": 357,
            "C": 194,
            "F": 154,
            "T": 243,
            "W": 69,
            "Z": 1,
            "P": 4
        }
    }
}