{
    "model_name": "crnn-base-3m",
    "checkpoint": 41250,
    "total_predictions": 1000,
    "manchu_word_accuracy": 0.976,
    "roman_word_accuracy": 0.0,
    "manchu_cer": 0.0028572913197913202,
    "roman_cer": 1.0,
    "manchu_f1_score": 0.9974197872461887,
    "roman_f1_score": 0.0,
    "inference_time": 3.755384922027588,
    "frequent_error": {
        "manchu": {
            "ᡝ": 7,
            "ᡴ": 2,
            "ᡤ": 6,
            "ᠣ": 4,
            "ᠴ": 1,
            "ᡥ": 1,
            "ᠩ": 2,
            "ᡠ": 10,
            "ᡩ": 1,
            "ᠨ": 1,
            "ᠵ": 1,
            "ᡳ": 1,
            "ᡵ": 1,
            "ᠠ": 3,
            "ᡡ": 1,
            "ᡨ": 1,
            "ᠯ": 1,
            "ᡧ": 1
        },
        "roman": {
            "U": 647,
            "S": 220,
            "E": 1042,
            "N": 622,
            "R": 418,
            "A": 1443,
            "K": 424,
            "Ū": 226,
            "G": 624,
            "M": 277,
            "J": 146,
            "I": 1087,
            "L": 424,
            "W": 67,
            "Š": 161,
            "T": 233,
            "D": 198,
            "B": 556,
            "O": 305,
            "H": 608,
            "F": 144,
            "C": 192,
            "Y": 144,
            "P": 11,
            "Z": 1
        }
    }
}