{
    "model_name": "crnn-base-3m",
    "checkpoint": 116250,
    "total_predictions": 1000,
    "manchu_word_accuracy": 0.99,
    "roman_word_accuracy": 0.0,
    "manchu_cer": 0.000981995781995782,
    "roman_cer": 1.0,
    "manchu_f1_score": 0.9990180042180042,
    "roman_f1_score": 0.0,
    "inference_time": 4.377874135971069,
    "frequent_error": {
        "manchu": {
            "ᡦ": 1,
            "ᡵ": 1,
            "ᡠ": 1,
            "ᡤ": 2,
            "ᡨ": 1,
            "ᡝ": 2,
            "ᡩ": 2,
            "ᡥ": 1
        },
        "roman": {
            "Š": 135,
            "A": 1423,
            "R": 396,
            "I": 1079,
            "N": 628,
            "G": 678,
            "T": 253,
            "E": 1064,
            "H": 604,
            "D": 203,
            "U": 632,
            "K": 419,
            "F": 132,
            "Y": 137,
            "O": 313,
            "L": 406,
            "B": 555,
            "M": 306,
            "C": 199,
            "Ū": 210,
            "S": 212,
            "J": 150,
            "W": 51,
            "Z": 1,
            "P": 8
        }
    }
}