{
    "model_name": "crnn-base-3m",
    "checkpoint": 210000,
    "total_predictions": 1000,
    "manchu_word_accuracy": 0.99,
    "roman_word_accuracy": 0.0,
    "manchu_cer": 0.0010086080586080585,
    "roman_cer": 1.0,
    "manchu_f1_score": 0.9989913919413919,
    "roman_f1_score": 0.0,
    "inference_time": 3.751898765563965,
    "frequent_error": {
        "manchu": {
            "ᡳ": 1,
            "ᡦ": 1,
            "ᡝ": 1,
            "ᡥ": 2,
            "ᡨ": 2,
            "ᡠ": 2,
            "ᡩ": 1
        },
        "roman": {
            "T": 261,
            "E": 1078,
            "C": 184,
            "N": 628,
            "D": 214,
            "U": 624,
            "R": 387,
            "G": 648,
            "I": 1056,
            "L": 435,
            "J": 138,
            "H": 609,
            "B": 568,
            "A": 1464,
            "S": 210,
            "O": 324,
            "M": 319,
            "F": 141,
            "Š": 153,
            "K": 404,
            "Ū": 213,
            "Y": 143,
            "W": 57,
            "P": 5
        }
    }
}