{
    "model_name": "crnn-base-3m",
    "checkpoint": 48750,
    "total_predictions": 1000,
    "manchu_word_accuracy": 0.992,
    "roman_word_accuracy": 0.0,
    "manchu_cer": 0.0009483516483516484,
    "roman_cer": 1.0,
    "manchu_f1_score": 0.9990516483516483,
    "roman_f1_score": 0.0,
    "inference_time": 3.7574045658111572,
    "frequent_error": {
        "manchu": {
            "ᡥ": 1,
            "ᡤ": 4,
            "ᡠ": 2,
            "ᠨ": 1,
            "ᠯ": 1
        },
        "roman": {
            "E": 1019,
            "I": 1023,
            "T": 227,
            "R": 433,
            "Š": 129,
            "H": 619,
            "B": 555,
            "J": 145,
            "A": 1426,
            "K": 442,
            "S": 210,
            "O": 376,
            "C": 207,
            "M": 296,
            "F": 142,
            "U": 630,
            "L": 388,
            "N": 595,
            "G": 593,
            "Y": 144,
            "D": 198,
            "Ū": 250,
            "P": 13,
            "W": 61
        }
    }
}