{
    "model_name": "crnn-base-3m",
    "checkpoint": 63750,
    "total_predictions": 1000,
    "manchu_word_accuracy": 0.965,
    "roman_word_accuracy": 0.0,
    "manchu_cer": 0.005454553779553779,
    "roman_cer": 1.0,
    "manchu_f1_score": 0.9957774157724415,
    "roman_f1_score": 0.0,
    "inference_time": 3.814246654510498,
    "frequent_error": {
        "manchu": {
            "ᡨ": 2,
            "ᡤ": 12,
            "ᠪ": 8,
            "ᡠ": 10,
            "ᠮ": 3,
            "ᡝ": 18,
            "ᠯ": 6,
            "ᡥ": 8,
            "ᠠ": 16,
            "ᠩ": 4,
            "ᡧ": 1,
            "ᡦ": 2,
            "ᡳ": 12,
            "ᡵ": 7,
            "ᡴ": 6,
            "ᠣ": 3,
            "ᡶ": 1,
            "ᠴ": 3,
            "ᡡ": 3,
            "ᠰ": 2,
            "ᠸ": 2,
            "ᠨ": 4,
            "ᡩ": 3,
            "ᠶ": 1,
            "᠋": 1
        },
        "roman": {
            "B": 573,
            "E": 1126,
            "L": 447,
            "I": 1036,
            "Y": 126,
            "D": 221,
            "H": 595,
            "A": 1355,
            "K": 406,
            "Ū": 210,
            "N": 602,
            "G": 684,
            "T": 227,
            "O": 309,
            "R": 417,
            "F": 140,
            "U": 655,
            "M": 308,
            "S": 212,
            "C": 173,
            "J": 129,
            "W": 65,
            "Š": 133,
            "P": 6,
            "'": 1
        }
    }
}