{
    "model_name": "crnn-base-3m",
    "checkpoint": 108750,
    "total_predictions": 1000,
    "manchu_word_accuracy": 0.989,
    "roman_word_accuracy": 0.0,
    "manchu_cer": 0.0017102564102564098,
    "roman_cer": 1.0,
    "manchu_f1_score": 0.9985880300553756,
    "roman_f1_score": 0.0,
    "inference_time": 3.890709400177002,
    "frequent_error": {
        "manchu": {
            "ᡵ": 4,
            "ᡳ": 4,
            "ᠪ": 2,
            "ᡠ": 5,
            "ᡥ": 4,
            "ᠠ": 4,
            "ᡴ": 2,
            "ᡡ": 2,
            "ᠩ": 1,
            "ᡤ": 2,
            "ᡝ": 11,
            "ᡩ": 3,
            "ᠨ": 5,
            "ᠴ": 3,
            "ᡧ": 1,
            "ᠵ": 1,
            "ᠮ": 1,
            "ᡦ": 1
        },
        "roman": {
            "F": 124,
            "U": 657,
            "J": 166,
            "R": 389,
            "L": 427,
            "A": 1356,
            "B": 605,
            "N": 623,
            "G": 566,
            "E": 1068,
            "C": 174,
            "O": 359,
            "I": 1047,
            "S": 225,
            "H": 622,
            "K": 401,
            "Ū": 216,
            "M": 307,
            "D": 197,
            "T": 237,
            "Y": 145,
            "Š": 144,
            "W": 53,
            "P": 5
        }
    }
}