{
    "model_name": "crnn-base-3m",
    "checkpoint": 285000,
    "total_predictions": 1000,
    "manchu_word_accuracy": 0.973,
    "roman_word_accuracy": 0.0,
    "manchu_cer": 0.002999563753240224,
    "roman_cer": 1.0,
    "manchu_f1_score": 0.9971580161869484,
    "roman_f1_score": 0.0,
    "inference_time": 3.7574195861816406,
    "frequent_error": {
        "manchu": {
            "ᠸ": 2,
            "ᡦ": 8,
            "ᡥ": 4,
            "ᠠ": 5,
            "ᡠ": 2,
            "ᠯ": 2,
            "ᡵ": 3,
            "ᡴ": 4,
            "ᡡ": 2,
            "ᠩ": 2,
            "ᡤ": 1,
            "ᡝ": 1,
            "ᠣ": 3,
            "ᠮ": 1,
            "ᠰ": 1,
            "ᠴ": 3,
            "ᡩ": 2,
            "ᠨ": 2,
            "ᠵ": 1
        },
        "roman": {
            "S": 211,
            "O": 361,
            "L": 407,
            "I": 1101,
            "N": 597,
            "J": 135,
            "H": 645,
            "A": 1421,
            "K": 428,
            "Ū": 204,
            "U": 649,
            "D": 197,
            "E": 1023,
            "R": 363,
            "G": 635,
            "Y": 174,
            "B": 602,
            "Š": 129,
            "C": 202,
            "T": 218,
            "M": 306,
            "W": 59,
            "F": 165,
            "P": 9,
            "Z": 1
        }
    }
}