{
    "model_name": "crnn-base-3m",
    "checkpoint": 348750,
    "total_predictions": 1000,
    "manchu_word_accuracy": 0.989,
    "roman_word_accuracy": 0.0,
    "manchu_cer": 0.0011507437007437008,
    "roman_cer": 1.0,
    "manchu_f1_score": 0.9990729369714076,
    "roman_f1_score": 0.0,
    "inference_time": 3.808405637741089,
    "frequent_error": {
        "manchu": {
            "ᡤ": 5,
            "ᠣ": 1,
            "ᡠ": 4,
            "ᡦ": 1,
            "ᡥ": 2,
            "ᠠ": 13,
            "ᠯ": 3,
            "ᡨ": 1,
            "ᠴ": 3,
            "ᡵ": 4,
            "ᠨ": 3,
            "ᡩ": 3,
            "ᡳ": 4,
            "ᡡ": 2,
            "ᠩ": 2,
            "ᡝ": 2,
            "ᠰ": 1,
            "ᠪ": 1,
            "ᡴ": 1
        },
        "roman": {
            "M": 280,
            "U": 688,
            "R": 435,
            "I": 1050,
            "B": 582,
            "H": 562,
            "A": 1415,
            "K": 426,
            "Š": 154,
            "Ū": 203,
            "N": 614,
            "G": 664,
            "E": 995,
            "C": 203,
            "O": 366,
            "L": 419,
            "J": 140,
            "S": 214,
            "D": 224,
            "Y": 133,
            "W": 70,
            "T": 236,
            "F": 111,
            "P": 3
        }
    }
}