{
    "model_name": "crnn-base-3m",
    "checkpoint": 161250,
    "total_predictions": 1000,
    "manchu_word_accuracy": 0.976,
    "roman_word_accuracy": 0.0,
    "manchu_cer": 0.0034709526584526585,
    "roman_cer": 1.0,
    "manchu_f1_score": 0.9967965912011966,
    "roman_f1_score": 0.0,
    "inference_time": 3.7729403972625732,
    "frequent_error": {
        "manchu": {
            "ᠠ": 8,
            "ᡩ": 2,
            "ᡠ": 3,
            "ᡵ": 3,
            "ᡴ": 3,
            "ᡡ": 1,
            "ᡤ": 3,
            "ᠵ": 3,
            "ᠣ": 1,
            "ᡝ": 10,
            "ᠸ": 1,
            "ᠩ": 1,
            "ᠯ": 2,
            "ᡳ": 1,
            "ᡶ": 1,
            "ᡧ": 1
        },
        "roman": {
            "D": 210,
            "O": 351,
            "K": 417,
            "S": 231,
            "I": 1048,
            "A": 1472,
            "H": 601,
            "N": 606,
            "G": 623,
            "E": 1016,
            "F": 142,
            "Š": 142,
            "M": 303,
            "B": 647,
            "L": 407,
            "R": 407,
            "Ū": 197,
            "U": 691,
            "T": 227,
            "Y": 149,
            "C": 192,
            "J": 125,
            "W": 58,
            "P": 5
        }
    }
}