{
    "model_name": "crnn-base-3m",
    "checkpoint": 30000,
    "total_predictions": 1000,
    "manchu_word_accuracy": 0.981,
    "roman_word_accuracy": 0.0,
    "manchu_cer": 0.0025594988344988345,
    "roman_cer": 1.0,
    "manchu_f1_score": 0.9981411617966913,
    "roman_f1_score": 0.0,
    "inference_time": 3.7603578567504883,
    "frequent_error": {
        "manchu": {
            "ᠠ": 17,
            "ᡳ": 6,
            "ᡩ": 2,
            "ᠪ": 4,
            "ᡠ": 3,
            "ᡥ": 6,
            "ᡝ": 9,
            "ᡡ": 3,
            "ᡨ": 2,
            "ᡤ": 8,
            "ᠣ": 3,
            "ᡶ": 1,
            "ᠯ": 3,
            "ᡵ": 2,
            "ᡴ": 4,
            "ᠩ": 4,
            "᠋": 1,
            "ᠨ": 5,
            "ᠴ": 1,
            "ᡦ": 1,
            "ᠮ": 1,
            "ᡧ": 1
        },
        "roman": {
            "S": 231,
            "U": 687,
            "J": 152,
            "T": 239,
            "E": 1119,
            "M": 297,
            "A": 1332,
            "H": 602,
            "B": 565,
            "I": 1051,
            "D": 222,
            "L": 416,
            "C": 194,
            "K": 433,
            "N": 664,
            "Y": 146,
            "O": 379,
            "Ū": 201,
            "W": 48,
            "R": 406,
            "G": 674,
            "Š": 138,
            "F": 133,
            "P": 8,
            "'": 1
        }
    }
}