{
    "model_name": "crnn-base-3m",
    "checkpoint": 333750,
    "total_predictions": 1000,
    "manchu_word_accuracy": 0.987,
    "roman_word_accuracy": 0.0,
    "manchu_cer": 0.0020980991230991233,
    "roman_cer": 1.0,
    "manchu_f1_score": 0.9984098030239604,
    "roman_f1_score": 0.0,
    "inference_time": 3.962613821029663,
    "frequent_error": {
        "manchu": {
            "ᡤ": 2,
            "ᡥ": 4,
            "ᠣ": 3,
            "ᡝ": 7,
            "ᡴ": 1,
            "ᡳ": 2,
            "ᠩ": 1,
            "ᡨ": 3,
            "ᠯ": 3,
            "ᠰ": 1,
            "ᠠ": 4,
            "ᡦ": 1,
            "ᡠ": 3,
            "ᠨ": 1,
            "ᠪ": 1
        },
        "roman": {
            "H": 595,
            "Ū": 209,
            "W": 61,
            "A": 1464,
            "J": 146,
            "L": 415,
            "N": 596,
            "G": 620,
            "E": 997,
            "M": 306,
            "T": 246,
            "Š": 134,
            "B": 602,
            "I": 1016,
            "K": 430,
            "F": 126,
            "U": 631,
            "R": 386,
            "C": 192,
            "D": 207,
            "S": 222,
            "Y": 154,
            "O": 381,
            "P": 7,
            "Z": 1
        }
    }
}