{
    "model_name": "crnn-base-3m",
    "checkpoint": 165000,
    "total_predictions": 1000,
    "manchu_word_accuracy": 0.989,
    "roman_word_accuracy": 0.0,
    "manchu_cer": 0.0012246392496392498,
    "roman_cer": 1.0,
    "manchu_f1_score": 0.9990674071986999,
    "roman_f1_score": 0.0,
    "inference_time": 3.898015260696411,
    "frequent_error": {
        "manchu": {
            "ᠨ": 2,
            "ᡳ": 2,
            "ᠶ": 3,
            "ᠠ": 5,
            "ᠪ": 2,
            "ᡠ": 2,
            "ᡵ": 3,
            "ᠩ": 2,
            "ᡤ": 4,
            "ᡝ": 4,
            "ᠯ": 1,
            "ᠮ": 1,
            "ᡥ": 1,
            "ᡨ": 1,
            "ᠴ": 2,
            "ᠣ": 1,
            "ᡴ": 1
        },
        "roman": {
            "T": 245,
            "O": 306,
            "D": 208,
            "Y": 147,
            "A": 1414,
            "R": 372,
            "I": 1087,
            "B": 607,
            "U": 661,
            "N": 645,
            "G": 624,
            "L": 432,
            "H": 571,
            "K": 417,
            "Ū": 209,
            "C": 219,
            "S": 216,
            "Š": 121,
            "M": 299,
            "P": 10,
            "E": 1036,
            "F": 123,
            "J": 126,
            "W": 46,
            "Z": 1
        }
    }
}