{
    "model_name": "crnn-base-3m",
    "checkpoint": 371250,
    "total_predictions": 1000,
    "manchu_word_accuracy": 0.995,
    "roman_word_accuracy": 0.0,
    "manchu_cer": 0.0007121794871794871,
    "roman_cer": 1.0,
    "manchu_f1_score": 0.9994222727272728,
    "roman_f1_score": 0.0,
    "inference_time": 3.770956516265869,
    "frequent_error": {
        "manchu": {
            "ᡩ": 1,
            "ᡴ": 2,
            "᠋": 1,
            "ᠠ": 6,
            "ᡵ": 3,
            "ᠰ": 1,
            "ᡳ": 2,
            "ᡤ": 3,
            "ᠨ": 1,
            "ᠩ": 2,
            "ᡝ": 2,
            "ᠪ": 1,
            "ᡠ": 1,
            "ᡥ": 1,
            "ᡡ": 1
        },
        "roman": {
            "D": 212,
            "E": 985,
            "N": 639,
            "G": 647,
            "S": 228,
            "L": 430,
            "F": 148,
            "I": 1103,
            "A": 1488,
            "M": 303,
            "R": 386,
            "K": 430,
            "Ū": 218,
            "T": 218,
            "C": 168,
            "O": 327,
            "B": 597,
            "U": 636,
            "J": 147,
            "W": 52,
            "H": 571,
            "Y": 146,
            "P": 6,
            "Š": 153,
            "'": 1
        }
    }
}