{
    "model_name": "crnn-base-3m",
    "checkpoint": 71250,
    "total_predictions": 1000,
    "manchu_word_accuracy": 0.981,
    "roman_word_accuracy": 0.0,
    "manchu_cer": 0.0021874542124542123,
    "roman_cer": 1.0,
    "manchu_f1_score": 0.9980017657363948,
    "roman_f1_score": 0.0,
    "inference_time": 3.7981433868408203,
    "frequent_error": {
        "manchu": {
            "ᠩ": 4,
            "ᠠ": 9,
            "ᡤ": 6,
            "ᠮ": 1,
            "ᡝ": 9,
            "ᡵ": 3,
            "ᡴ": 1,
            "ᡡ": 1,
            "ᡥ": 4,
            "ᡨ": 1,
            "ᠨ": 1,
            "ᠸ": 1,
            "ᠣ": 1,
            "ᡮ": 1,
            "ᡩ": 2
        },
        "roman": {
            "T": 254,
            "A": 1415,
            "B": 575,
            "U": 677,
            "Š": 152,
            "R": 409,
            "K": 443,
            "Ū": 209,
            "H": 611,
            "E": 1078,
            "D": 190,
            "N": 631,
            "I": 1079,
            "F": 131,
            "Y": 149,
            "C": 189,
            "L": 423,
            "S": 214,
            "O": 314,
            "G": 692,
            "J": 123,
            "M": 259,
            "W": 61,
            "P": 7,
            "Z": 1
        }
    }
}