{
    "model_name": "crnn-base-3m",
    "checkpoint": 90000,
    "total_predictions": 1000,
    "manchu_word_accuracy": 0.972,
    "roman_word_accuracy": 0.0,
    "manchu_cer": 0.0038268689643689647,
    "roman_cer": 1.0,
    "manchu_f1_score": 0.9963493625627245,
    "roman_f1_score": 0.0,
    "inference_time": 4.042349100112915,
    "frequent_error": {
        "manchu": {
            "ᡴ": 12,
            "ᠩ": 2,
            "ᡳ": 7,
            "ᡨ": 1,
            "ᡝ": 4,
            "ᡩ": 1,
            "ᠪ": 2,
            "ᡵ": 1,
            "ᠨ": 2,
            "ᡤ": 3,
            "ᠵ": 1,
            "ᠠ": 2,
            "ᡥ": 1,
            "ᡦ": 1,
            "ᠸ": 1
        },
        "roman": {
            "Š": 146,
            "A": 1465,
            "R": 394,
            "I": 1053,
            "N": 638,
            "G": 654,
            "Y": 130,
            "H": 623,
            "E": 994,
            "S": 211,
            "L": 415,
            "F": 146,
            "U": 654,
            "C": 187,
            "J": 142,
            "K": 427,
            "T": 233,
            "O": 356,
            "Ū": 215,
            "B": 576,
            "M": 315,
            "D": 204,
            "W": 43,
            "P": 9
        }
    }
}