{
    "model_name": "crnn-base-3m",
    "checkpoint": 138750,
    "total_predictions": 1000,
    "manchu_word_accuracy": 0.984,
    "roman_word_accuracy": 0.0,
    "manchu_cer": 0.0021388750138750137,
    "roman_cer": 1.0,
    "manchu_f1_score": 0.9980000138750139,
    "roman_f1_score": 0.0,
    "inference_time": 3.762967824935913,
    "frequent_error": {
        "manchu": {
            "ᡤ": 3,
            "ᡴ": 3,
            "ᡥ": 6,
            "ᡠ": 1,
            "ᠠ": 1,
            "ᡝ": 1,
            "ᡵ": 1,
            "ᡯ": 1
        },
        "roman": {
            "C": 177,
            "I": 1048,
            "N": 610,
            "L": 432,
            "A": 1385,
            "H": 608,
            "G": 596,
            "E": 1055,
            "O": 326,
            "Y": 131,
            "B": 562,
            "R": 423,
            "Š": 142,
            "U": 701,
            "F": 127,
            "K": 422,
            "S": 201,
            "T": 245,
            "W": 63,
            "D": 224,
            "Ū": 202,
            "J": 151,
            "M": 303,
            "P": 9,
            "Z": 1
        }
    }
}