{
    "model_name": "crnn-base-3m",
    "checkpoint": 277500,
    "total_predictions": 1000,
    "manchu_word_accuracy": 0.995,
    "roman_word_accuracy": 0.0,
    "manchu_cer": 0.0007312271062271062,
    "roman_cer": 1.0,
    "manchu_f1_score": 0.9993544871794872,
    "roman_f1_score": 0.0,
    "inference_time": 3.7554101943969727,
    "frequent_error": {
        "manchu": {
            "ᡩ": 2,
            "ᡝ": 5,
            "ᠪ": 1,
            "ᡵ": 1,
            "ᠨ": 1,
            "ᠣ": 2
        },
        "roman": {
            "K": 454,
            "O": 370,
            "M": 275,
            "L": 446,
            "H": 568,
            "A": 1440,
            "Ū": 237,
            "N": 639,
            "G": 698,
            "E": 1000,
            "I": 1014,
            "Y": 144,
            "R": 420,
            "T": 212,
            "B": 553,
            "J": 142,
            "D": 206,
            "U": 654,
            "C": 177,
            "S": 206,
            "F": 144,
            "Š": 145,
            "W": 43,
            "P": 4,
            "Z": 1
        }
    }
}