{
    "model_name": "crnn-base-3m",
    "checkpoint": 352500,
    "total_predictions": 1000,
    "manchu_word_accuracy": 0.979,
    "roman_word_accuracy": 0.0,
    "manchu_cer": 0.003255978743478743,
    "roman_cer": 1.0,
    "manchu_f1_score": 0.9975084486125536,
    "roman_f1_score": 0.0,
    "inference_time": 3.771652936935425,
    "frequent_error": {
        "manchu": {
            "ᠠ": 15,
            "ᡴ": 3,
            "ᡤ": 6,
            "ᠨ": 4,
            "ᡵ": 3,
            "ᠩ": 2,
            "ᡝ": 7,
            "ᠣ": 3,
            "ᠯ": 3,
            "ᡥ": 4,
            "ᠪ": 3,
            "ᡳ": 5,
            "ᡠ": 6,
            "ᡩ": 2,
            "ᡧ": 1,
            "ᡡ": 1,
            "ᠵ": 2,
            "ᠮ": 1,
            "ᡨ": 1
        },
        "roman": {
            "G": 607,
            "I": 1068,
            "D": 189,
            "A": 1416,
            "N": 633,
            "R": 373,
            "B": 598,
            "U": 684,
            "T": 229,
            "L": 442,
            "E": 1004,
            "M": 286,
            "S": 214,
            "H": 631,
            "K": 421,
            "J": 151,
            "Š": 162,
            "C": 181,
            "F": 164,
            "O": 368,
            "Y": 147,
            "W": 47,
            "Ū": 233,
            "P": 2
        }
    }
}