{
    "model_name": "crnn-base-3m",
    "checkpoint": 255000,
    "total_predictions": 1000,
    "manchu_word_accuracy": 0.991,
    "roman_word_accuracy": 0.0,
    "manchu_cer": 0.0013004079254079256,
    "roman_cer": 1.0,
    "manchu_f1_score": 0.998899592074592,
    "roman_f1_score": 0.0,
    "inference_time": 3.752842426300049,
    "frequent_error": {
        "manchu": {
            "ᡩ": 1,
            "ᡤ": 1,
            "ᡝ": 4,
            "ᡠ": 1,
            "ᡥ": 1,
            "ᡴ": 1,
            "ᠠ": 2,
            "ᠨ": 1,
            "ᡨ": 1
        },
        "roman": {
            "Y": 136,
            "A": 1351,
            "R": 379,
            "U": 678,
            "B": 595,
            "H": 603,
            "F": 130,
            "L": 427,
            "I": 1073,
            "N": 665,
            "D": 211,
            "G": 637,
            "E": 1078,
            "S": 205,
            "K": 430,
            "Ū": 220,
            "W": 61,
            "Š": 135,
            "O": 366,
            "C": 186,
            "M": 313,
            "T": 228,
            "J": 167,
            "P": 13,
            "'": 1
        }
    }
}