{
    "model_name": "crnn-base-3m",
    "checkpoint": 3750,
    "total_predictions": 1000,
    "manchu_word_accuracy": 0.0,
    "roman_word_accuracy": 0.0,
    "manchu_cer": 0.7739702920273753,
    "roman_cer": 1.0,
    "manchu_f1_score": 0.30689797292490895,
    "roman_f1_score": 0.0,
    "inference_time": 3.9395432472229004,
    "frequent_error": {
        "manchu": {
            "ᡧ": 131,
            "ᠠ": 1171,
            "ᡵ": 399,
            "ᡳ": 955,
            "ᠩ": 284,
            "ᡤ": 354,
            "ᡝ": 1032,
            "ᠨ": 343,
            "ᡴ": 397,
            "ᠯ": 388,
            "ᡥ": 577,
            "ᡡ": 214,
            "ᡠ": 579,
            "ᠪ": 560,
            "ᠸ": 150,
            "ᡨ": 201,
            "ᠵ": 105,
            "ᠰ": 144,
            "ᠮ": 267,
            "ᡩ": 186,
            "ᠶ": 156,
            "ᠴ": 188,
            "ᠣ": 358,
            "ᡦ": 3,
            "ᡶ": 35
        },
        "roman": {
            "M": 311,
            "A": 1393,
            "Š": 131,
            "R": 399,
            "I": 1083,
            "H": 652,
            "E": 1072,
            "N": 627,
            "G": 653,
            "K": 427,
            "L": 388,
            "Ū": 214,
            "U": 653,
            "B": 608,
            "F": 133,
            "T": 201,
            "S": 242,
            "J": 149,
            "D": 237,
            "Y": 156,
            "W": 54,
            "C": 190,
            "O": 358,
            "P": 3
        }
    }
}