{
    "model_name": "crnn-base-3m",
    "checkpoint": 183750,
    "total_predictions": 1000,
    "manchu_word_accuracy": 0.992,
    "roman_word_accuracy": 0.0,
    "manchu_cer": 0.0009158730158730159,
    "roman_cer": 1.0,
    "manchu_f1_score": 0.9990841269841269,
    "roman_f1_score": 0.0,
    "inference_time": 3.750927686691284,
    "frequent_error": {
        "manchu": {
            "ᡩ": 1,
            "ᡦ": 3,
            "ᡨ": 1,
            "ᡥ": 1,
            "ᡶ": 1,
            "ᠠ": 1,
            "ᡠ": 1
        },
        "roman": {
            "B": 563,
            "U": 642,
            "K": 442,
            "L": 428,
            "E": 1016,
            "M": 288,
            "I": 1049,
            "C": 175,
            "H": 610,
            "N": 629,
            "G": 632,
            "R": 423,
            "Y": 138,
            "A": 1467,
            "O": 342,
            "D": 203,
            "T": 230,
            "Š": 139,
            "F": 141,
            "J": 153,
            "Ū": 212,
            "S": 215,
            "W": 53,
            "P": 11
        }
    }
}