{
    "model_name": "crnn-base-3m",
    "checkpoint": 157500,
    "total_predictions": 1000,
    "manchu_word_accuracy": 0.977,
    "roman_word_accuracy": 0.0,
    "manchu_cer": 0.0031976014181896543,
    "roman_cer": 1.0,
    "manchu_f1_score": 0.9972544158238277,
    "roman_f1_score": 0.0,
    "inference_time": 3.765275001525879,
    "frequent_error": {
        "manchu": {
            "ᠣ": 2,
            "ᡥ": 5,
            "ᡝ": 6,
            "ᠨ": 5,
            "ᡩ": 3,
            "ᡠ": 4,
            "ᡵ": 2,
            "ᡳ": 5,
            "ᡯ": 1,
            "ᠵ": 3,
            "ᠸ": 1,
            "ᡨ": 1,
            "ᠠ": 3,
            "ᡤ": 1,
            "ᡴ": 2
        },
        "roman": {
            "T": 240,
            "A": 1453,
            "L": 418,
            "B": 598,
            "U": 648,
            "C": 193,
            "I": 1089,
            "N": 599,
            "S": 198,
            "O": 320,
            "F": 146,
            "E": 1050,
            "R": 401,
            "K": 424,
            "M": 321,
            "Y": 141,
            "H": 593,
            "Ū": 211,
            "W": 52,
            "G": 628,
            "D": 206,
            "J": 140,
            "Š": 152,
            "P": 8,
            "Z": 1
        }
    }
}