{
    "model_name": "crnn-base-3m",
    "checkpoint": 341250,
    "total_predictions": 1000,
    "manchu_word_accuracy": 0.98,
    "roman_word_accuracy": 0.0,
    "manchu_cer": 0.0026301337551337543,
    "roman_cer": 1.0,
    "manchu_f1_score": 0.997678760274813,
    "roman_f1_score": 0.0,
    "inference_time": 3.7845940589904785,
    "frequent_error": {
        "manchu": {
            "ᠸ": 1,
            "ᡠ": 3,
            "ᡩ": 4,
            "ᠵ": 1,
            "ᡥ": 6,
            "ᠶ": 2,
            "ᡳ": 2,
            "ᠠ": 2,
            "ᠨ": 1,
            "ᡵ": 1,
            "ᠣ": 4,
            "ᡮ": 1,
            "ᡝ": 3,
            "ᠯ": 1,
            "ᡤ": 3
        },
        "roman": {
            "W": 59,
            "A": 1410,
            "N": 610,
            "C": 194,
            "R": 391,
            "F": 143,
            "I": 1066,
            "G": 611,
            "Y": 148,
            "O": 347,
            "B": 607,
            "U": 681,
            "H": 609,
            "K": 413,
            "Ū": 219,
            "Š": 132,
            "E": 1007,
            "S": 213,
            "M": 302,
            "L": 405,
            "T": 222,
            "J": 139,
            "D": 225,
            "P": 5,
            "Z": 1
        }
    }
}