{
    "model_name": "crnn-base-3m",
    "checkpoint": 307500,
    "total_predictions": 1000,
    "manchu_word_accuracy": 0.988,
    "roman_word_accuracy": 0.0,
    "manchu_cer": 0.0012891348847231198,
    "roman_cer": 1.0,
    "manchu_f1_score": 0.9989466314844576,
    "roman_f1_score": 0.0,
    "inference_time": 3.7513957023620605,
    "frequent_error": {
        "manchu": {
            "ᠸ": 3,
            "ᡥ": 7,
            "ᡤ": 4,
            "ᡝ": 7,
            "ᡩ": 2,
            "ᠪ": 4,
            "ᡠ": 1,
            "ᡳ": 4,
            "ᡦ": 1,
            "ᠠ": 9,
            "ᠨ": 3,
            "ᡵ": 1,
            "ᠩ": 1,
            "ᠯ": 1,
            "ᠵ": 1
        },
        "roman": {
            "K": 404,
            "I": 1080,
            "N": 629,
            "U": 612,
            "R": 392,
            "A": 1481,
            "Ū": 207,
            "S": 218,
            "F": 169,
            "B": 586,
            "E": 962,
            "T": 218,
            "L": 412,
            "C": 194,
            "G": 604,
            "H": 610,
            "D": 213,
            "Y": 136,
            "M": 276,
            "Š": 134,
            "P": 8,
            "O": 333,
            "W": 61,
            "J": 146
        }
    }
}