{
    "model_name": "crnn-base-3m",
    "checkpoint": 262500,
    "total_predictions": 1000,
    "manchu_word_accuracy": 0.993,
    "roman_word_accuracy": 0.0,
    "manchu_cer": 0.0006557289932289931,
    "roman_cer": 1.0,
    "manchu_f1_score": 0.9994102050727051,
    "roman_f1_score": 0.0,
    "inference_time": 3.747408390045166,
    "frequent_error": {
        "manchu": {
            "ᡨ": 1,
            "ᠣ": 1,
            "ᡦ": 1,
            "ᡩ": 2,
            "ᠶ": 2,
            "ᡥ": 1,
            "ᡳ": 1,
            "ᠠ": 1,
            "ᠨ": 1,
            "ᡠ": 1
        },
        "roman": {
            "H": 628,
            "Ū": 216,
            "L": 424,
            "A": 1376,
            "N": 661,
            "I": 1022,
            "Y": 140,
            "D": 220,
            "B": 590,
            "U": 683,
            "M": 303,
            "E": 1089,
            "K": 430,
            "Š": 136,
            "R": 393,
            "J": 144,
            "C": 174,
            "O": 338,
            "T": 220,
            "S": 199,
            "F": 135,
            "G": 671,
            "W": 49,
            "P": 5,
            "Z": 1
        }
    }
}