{
    "model_name": "crnn-base-3m",
    "checkpoint": 326250,
    "total_predictions": 1000,
    "manchu_word_accuracy": 0.983,
    "roman_word_accuracy": 0.0,
    "manchu_cer": 0.0019394383394383391,
    "roman_cer": 1.0,
    "manchu_f1_score": 0.9984604411413182,
    "roman_f1_score": 0.0,
    "inference_time": 3.7607269287109375,
    "frequent_error": {
        "manchu": {
            "ᠣ": 3,
            "ᠶ": 2,
            "ᡥ": 5,
            "ᡳ": 4,
            "ᠠ": 6,
            "ᠨ": 7,
            "ᡤ": 7,
            "ᡠ": 5,
            "ᡨ": 1,
            "ᡵ": 1,
            "ᠩ": 4,
            "ᡝ": 9,
            "ᠪ": 3,
            "ᠴ": 1,
            "ᡩ": 2,
            "ᠯ": 1,
            "ᠵ": 1,
            "ᡴ": 1,
            "ᡡ": 1
        },
        "roman": {
            "H": 597,
            "A": 1370,
            "L": 421,
            "K": 384,
            "Ū": 203,
            "G": 617,
            "I": 1056,
            "S": 214,
            "B": 583,
            "U": 659,
            "N": 641,
            "E": 1062,
            "J": 167,
            "W": 58,
            "T": 214,
            "O": 324,
            "R": 399,
            "F": 133,
            "D": 187,
            "M": 322,
            "Y": 135,
            "C": 208,
            "Š": 142,
            "P": 9
        }
    }
}