{
    "model_name": "crnn-base-3m",
    "checkpoint": 221250,
    "total_predictions": 1000,
    "manchu_word_accuracy": 0.991,
    "roman_word_accuracy": 0.0,
    "manchu_cer": 0.0011270604395604397,
    "roman_cer": 1.0,
    "manchu_f1_score": 0.9989312728937727,
    "roman_f1_score": 0.0,
    "inference_time": 3.755911350250244,
    "frequent_error": {
        "manchu": {
            "ᠶ": 1,
            "ᠠ": 2,
            "ᡝ": 5,
            "ᡦ": 1,
            "ᡩ": 2,
            "ᠸ": 1,
            "ᡳ": 1
        },
        "roman": {
            "S": 233,
            "O": 281,
            "L": 408,
            "I": 1077,
            "H": 588,
            "E": 1009,
            "T": 251,
            "M": 302,
            "B": 558,
            "J": 126,
            "A": 1464,
            "N": 560,
            "G": 594,
            "C": 182,
            "D": 214,
            "Z": 2,
            "K": 451,
            "U": 633,
            "P": 9,
            "Y": 157,
            "R": 383,
            "W": 57,
            "F": 126,
            "Ū": 208,
            "Š": 141
        }
    }
}