{
    "model_name": "crnn-base-3m",
    "checkpoint": 153750,
    "total_predictions": 1000,
    "manchu_word_accuracy": 0.975,
    "roman_word_accuracy": 0.0,
    "manchu_cer": 0.002498213143066084,
    "roman_cer": 1.0,
    "manchu_f1_score": 0.9979864730268554,
    "roman_f1_score": 0.0,
    "inference_time": 3.807324171066284,
    "frequent_error": {
        "manchu": {
            "ᠠ": 9,
            "ᡴ": 2,
            "ᡡ": 4,
            "ᠩ": 5,
            "ᡤ": 11,
            "ᡝ": 7,
            "ᠣ": 6,
            "ᡠ": 2,
            "ᠸ": 3,
            "ᡩ": 2,
            "ᠵ": 1,
            "ᡥ": 5,
            "ᠪ": 2,
            "ᡳ": 2,
            "ᠮ": 2,
            "ᡵ": 2,
            "ᠯ": 1
        },
        "roman": {
            "W": 62,
            "E": 1124,
            "K": 417,
            "J": 143,
            "I": 1020,
            "N": 612,
            "Y": 128,
            "R": 373,
            "Š": 131,
            "T": 230,
            "U": 639,
            "H": 624,
            "L": 450,
            "M": 305,
            "A": 1360,
            "G": 649,
            "B": 557,
            "D": 198,
            "C": 176,
            "Ū": 223,
            "S": 211,
            "F": 140,
            "O": 312,
            "P": 6,
            "'": 1
        }
    }
}