{
    "model_name": "crnn-base-3m",
    "checkpoint": 7500,
    "total_predictions": 1000,
    "manchu_word_accuracy": 0.024,
    "roman_word_accuracy": 0.0,
    "manchu_cer": 0.3490841295958946,
    "roman_cer": 1.0,
    "manchu_f1_score": 0.7237723429385741,
    "roman_f1_score": 0.0,
    "inference_time": 3.794900417327881,
    "frequent_error": {
        "manchu": {
            "ᡨ": 182,
            "ᠠ": 922,
            "ᡧ": 101,
            "ᡳ": 774,
            "ᡴ": 325,
            "ᠶ": 126,
            "ᠪ": 352,
            "ᡠ": 369,
            "ᡵ": 371,
            "ᡡ": 163,
            "ᠮ": 181,
            "ᡥ": 427,
            "ᡤ": 260,
            "ᠨ": 306,
            "ᠴ": 186,
            "ᠸ": 126,
            "ᡝ": 661,
            "ᡩ": 107,
            "ᠣ": 314,
            "ᠵ": 111,
            "ᠯ": 242,
            "ᠩ": 157,
            "ᡦ": 18,
            "ᠰ": 46,
            "ᡶ": 19,
            "ᡯ": 1
        },
        "roman": {
            "A": 1439,
            "M": 302,
            "T": 237,
            "Š": 142,
            "I": 1076,
            "K": 418,
            "Y": 126,
            "B": 602,
            "U": 669,
            "R": 383,
            "Ū": 198,
            "D": 201,
            "H": 608,
            "G": 588,
            "N": 596,
            "C": 213,
            "F": 139,
            "L": 405,
            "E": 982,
            "S": 219,
            "O": 331,
            "J": 137,
            "P": 18,
            "W": 56,
            "Z": 1
        }
    }
}