{
    "model_name": "crnn-base-3m",
    "checkpoint": 37500,
    "total_predictions": 1000,
    "manchu_word_accuracy": 0.984,
    "roman_word_accuracy": 0.0,
    "manchu_cer": 0.0017847374847374845,
    "roman_cer": 1.0,
    "manchu_f1_score": 0.9984037212941858,
    "roman_f1_score": 0.0,
    "inference_time": 3.7661612033843994,
    "frequent_error": {
        "manchu": {
            "ᡩ": 3,
            "ᡠ": 5,
            "ᡝ": 6,
            "ᠣ": 1,
            "ᡵ": 3,
            "ᡳ": 4,
            "ᠪ": 2,
            "ᡥ": 4,
            "ᠠ": 5,
            "ᡴ": 1,
            "ᡡ": 1,
            "ᠩ": 2,
            "ᡤ": 3,
            "ᡦ": 4,
            "ᠴ": 1,
            "᠋": 1,
            "ᠮ": 1,
            "ᠯ": 1,
            "ᠶ": 1,
            "ᠨ": 1,
            "ᠵ": 1
        },
        "roman": {
            "B": 613,
            "U": 660,
            "L": 402,
            "N": 624,
            "T": 220,
            "H": 603,
            "E": 1049,
            "I": 1081,
            "F": 125,
            "A": 1426,
            "K": 433,
            "C": 195,
            "D": 208,
            "R": 415,
            "Ū": 215,
            "M": 307,
            "G": 622,
            "S": 225,
            "Š": 152,
            "Y": 167,
            "O": 319,
            "J": 154,
            "W": 48,
            "P": 10,
            "'": 1
        }
    }
}