{
    "model_name": "crnn-base-3m",
    "checkpoint": 112500,
    "total_predictions": 1000,
    "manchu_word_accuracy": 0.997,
    "roman_word_accuracy": 0.0,
    "manchu_cer": 0.0002733516483516484,
    "roman_cer": 1.0,
    "manchu_f1_score": 0.9997665343915344,
    "roman_f1_score": 0.0,
    "inference_time": 3.893925428390503,
    "frequent_error": {
        "manchu": {
            "ᡩ": 1,
            "ᡝ": 3,
            "ᠩ": 1,
            "ᡴ": 1,
            "ᡳ": 2,
            "ᡧ": 1,
            "ᠠ": 2,
            "ᡥ": 2,
            "ᠪ": 1
        },
        "roman": {
            "D": 214,
            "O": 334,
            "R": 421,
            "A": 1429,
            "H": 649,
            "N": 607,
            "G": 666,
            "E": 1073,
            "B": 625,
            "I": 1063,
            "T": 232,
            "U": 688,
            "J": 136,
            "M": 300,
            "L": 423,
            "K": 417,
            "Ū": 222,
            "Š": 135,
            "F": 140,
            "C": 179,
            "Y": 157,
            "S": 214,
            "W": 51,
            "P": 7
        }
    }
}