{
    "model_name": "crnn-base-3m",
    "checkpoint": 273750,
    "total_predictions": 1000,
    "manchu_word_accuracy": 0.997,
    "roman_word_accuracy": 0.0,
    "manchu_cer": 0.000519047619047619,
    "roman_cer": 1.0,
    "manchu_f1_score": 0.9995666666666665,
    "roman_f1_score": 0.0,
    "inference_time": 3.937518835067749,
    "frequent_error": {
        "manchu": {
            "ᡦ": 1,
            "ᡩ": 1,
            "ᠪ": 1,
            "ᡝ": 2,
            "ᡵ": 1,
            "ᠨ": 1,
            "ᠠ": 1
        },
        "roman": {
            "C": 179,
            "I": 1065,
            "R": 404,
            "G": 620,
            "A": 1432,
            "S": 240,
            "H": 604,
            "Ū": 215,
            "N": 615,
            "B": 611,
            "D": 207,
            "O": 356,
            "E": 1029,
            "L": 430,
            "Y": 149,
            "M": 319,
            "J": 108,
            "U": 642,
            "K": 442,
            "T": 208,
            "Š": 130,
            "P": 11,
            "W": 60,
            "F": 153
        }
    }
}