{
    "model_name": "crnn-base-3m",
    "checkpoint": 180000,
    "total_predictions": 1000,
    "manchu_word_accuracy": 0.988,
    "roman_word_accuracy": 0.0,
    "manchu_cer": 0.001257850482850483,
    "roman_cer": 1.0,
    "manchu_f1_score": 0.9989860272336359,
    "roman_f1_score": 0.0,
    "inference_time": 3.7558157444000244,
    "frequent_error": {
        "manchu": {
            "ᠶ": 2,
            "ᠵ": 2,
            "ᡴ": 1,
            "ᠠ": 3,
            "ᠮ": 1,
            "ᠨ": 2,
            "ᡝ": 5,
            "ᡥ": 3,
            "ᠩ": 1,
            "ᡤ": 1,
            "ᡵ": 1,
            "ᡳ": 2,
            "ᡩ": 1,
            "ᡠ": 1,
            "ᠣ": 1,
            "ᠪ": 1
        },
        "roman": {
            "N": 586,
            "O": 333,
            "T": 270,
            "H": 635,
            "E": 1104,
            "S": 233,
            "U": 671,
            "L": 449,
            "B": 615,
            "I": 1015,
            "A": 1437,
            "C": 178,
            "Y": 136,
            "F": 128,
            "Ū": 205,
            "J": 151,
            "R": 405,
            "K": 396,
            "M": 298,
            "G": 618,
            "D": 180,
            "Š": 165,
            "W": 55,
            "P": 3
        }
    }
}