{
    "model_name": "crnn-base-3m",
    "checkpoint": 135000,
    "total_predictions": 1000,
    "manchu_word_accuracy": 0.981,
    "roman_word_accuracy": 0.0,
    "manchu_cer": 0.0021024646105528453,
    "roman_cer": 1.0,
    "manchu_f1_score": 0.9978290571285775,
    "roman_f1_score": 0.0,
    "inference_time": 3.7979984283447266,
    "frequent_error": {
        "manchu": {
            "ᠸ": 4,
            "ᠵ": 1,
            "ᠠ": 1,
            "ᡝ": 10,
            "ᡤ": 7,
            "ᡩ": 2,
            "ᠯ": 1,
            "ᡳ": 3,
            "ᠶ": 1,
            "ᠮ": 2,
            "ᠪ": 2,
            "ᡥ": 2,
            "ᡴ": 2,
            "ᠣ": 1
        },
        "roman": {
            "B": 598,
            "U": 652,
            "R": 387,
            "E": 1042,
            "N": 613,
            "I": 1045,
            "K": 413,
            "A": 1411,
            "M": 351,
            "H": 644,
            "S": 200,
            "L": 411,
            "F": 134,
            "J": 125,
            "T": 240,
            "Y": 120,
            "O": 337,
            "G": 611,
            "C": 157,
            "Š": 154,
            "Ū": 216,
            "W": 49,
            "D": 236,
            "P": 8,
            "Z": 1
        }
    }
}