{
    "model_name": "crnn-base-3m",
    "checkpoint": 142500,
    "total_predictions": 1000,
    "manchu_word_accuracy": 0.985,
    "roman_word_accuracy": 0.0,
    "manchu_cer": 0.0020886655011655014,
    "roman_cer": 1.0,
    "manchu_f1_score": 0.9981463161838159,
    "roman_f1_score": 0.0,
    "inference_time": 3.756931781768799,
    "frequent_error": {
        "manchu": {
            "ᡥ": 3,
            "ᡦ": 5,
            "ᠶ": 2,
            "ᡩ": 2,
            "ᠯ": 1,
            "ᡝ": 3,
            "ᠮ": 1,
            "ᠪ": 2,
            "ᡳ": 1,
            "ᡤ": 2,
            "ᡠ": 2,
            "ᡵ": 1,
            "ᠨ": 1,
            "ᠠ": 1
        },
        "roman": {
            "K": 429,
            "I": 1030,
            "Y": 152,
            "A": 1432,
            "D": 214,
            "M": 322,
            "B": 556,
            "H": 612,
            "E": 1076,
            "S": 197,
            "R": 383,
            "L": 438,
            "Ū": 203,
            "G": 592,
            "W": 70,
            "N": 596,
            "U": 647,
            "Š": 142,
            "T": 237,
            "F": 142,
            "O": 312,
            "J": 142,
            "C": 168,
            "P": 9
        }
    }
}