{
    "model_name": "crnn-base-3m",
    "checkpoint": 131250,
    "total_predictions": 1000,
    "manchu_word_accuracy": 0.996,
    "roman_word_accuracy": 0.0,
    "manchu_cer": 0.00030311355311355315,
    "roman_cer": 1.0,
    "manchu_f1_score": 0.9996968864468865,
    "roman_f1_score": 0.0,
    "inference_time": 3.8804428577423096,
    "frequent_error": {
        "manchu": {
            "ᠣ": 1,
            "ᡠ": 1,
            "ᠠ": 1,
            "ᡩ": 1
        },
        "roman": {
            "K": 407,
            "A": 1425,
            "N": 610,
            "C": 173,
            "M": 290,
            "B": 630,
            "I": 1087,
            "H": 613,
            "E": 999,
            "Ū": 200,
            "W": 48,
            "J": 144,
            "G": 595,
            "L": 444,
            "U": 679,
            "O": 378,
            "T": 248,
            "Y": 133,
            "R": 388,
            "S": 219,
            "F": 145,
            "D": 201,
            "Š": 126,
            "P": 6,
            "Z": 1
        }
    }
}