{
    "model_name": "crnn-base-3m",
    "checkpoint": 213750,
    "total_predictions": 1000,
    "manchu_word_accuracy": 0.991,
    "roman_word_accuracy": 0.0,
    "manchu_cer": 0.0012503357753357754,
    "roman_cer": 1.0,
    "manchu_f1_score": 0.9989746891996891,
    "roman_f1_score": 0.0,
    "inference_time": 3.7596099376678467,
    "frequent_error": {
        "manchu": {
            "ᠣ": 1,
            "ᡳ": 4,
            "ᠨ": 2,
            "ᡩ": 2,
            "ᠠ": 3,
            "ᠶ": 2,
            "ᡥ": 1,
            "ᡤ": 2,
            "ᠵ": 1,
            "ᠯ": 1,
            "ᠪ": 1,
            "ᡠ": 1,
            "ᠮ": 1,
            "ᡝ": 1
        },
        "roman": {
            "J": 147,
            "U": 648,
            "R": 401,
            "C": 198,
            "E": 1086,
            "N": 604,
            "D": 199,
            "H": 624,
            "A": 1390,
            "K": 431,
            "Ū": 218,
            "G": 610,
            "L": 455,
            "B": 559,
            "I": 1065,
            "S": 190,
            "T": 240,
            "M": 294,
            "O": 320,
            "Y": 141,
            "F": 140,
            "Š": 150,
            "W": 45,
            "Z": 1,
            "P": 3
        }
    }
}