{
    "model_name": "crnn-base-3m",
    "checkpoint": 75000,
    "total_predictions": 1000,
    "manchu_word_accuracy": 0.984,
    "roman_word_accuracy": 0.0,
    "manchu_cer": 0.0020030136530136532,
    "roman_cer": 1.0,
    "manchu_f1_score": 0.9981311082637169,
    "roman_f1_score": 0.0,
    "inference_time": 3.7646031379699707,
    "frequent_error": {
        "manchu": {
            "ᡨ": 1,
            "ᡥ": 3,
            "ᡩ": 2,
            "ᠴ": 1,
            "ᡳ": 4,
            "ᠯ": 1,
            "ᠠ": 3,
            "ᠪ": 2,
            "ᡦ": 2,
            "ᠰ": 1,
            "ᠮ": 2,
            "ᡝ": 7,
            "ᡴ": 1,
            "ᡤ": 1,
            "ᡠ": 2,
            "ᠨ": 2,
            "ᡵ": 1
        },
        "roman": {
            "A": 1439,
            "N": 655,
            "T": 255,
            "L": 389,
            "K": 399,
            "I": 1014,
            "G": 623,
            "S": 234,
            "M": 323,
            "B": 565,
            "H": 603,
            "E": 1072,
            "'": 1,
            "O": 314,
            "D": 239,
            "U": 674,
            "C": 167,
            "Ū": 215,
            "J": 135,
            "F": 137,
            "R": 399,
            "W": 54,
            "Y": 142,
            "Š": 144,
            "P": 4
        }
    }
}