{
    "model_name": "crnn-base-3m",
    "checkpoint": 11250,
    "total_predictions": 1000,
    "manchu_word_accuracy": 0.839,
    "roman_word_accuracy": 0.0,
    "manchu_cer": 0.022610777599593384,
    "roman_cer": 1.0,
    "manchu_f1_score": 0.9815661001418438,
    "roman_f1_score": 0.0,
    "inference_time": 3.8767948150634766,
    "frequent_error": {
        "manchu": {
            "ᠨ": 39,
            "ᡳ": 41,
            "ᠶ": 11,
            "ᠠ": 71,
            "ᠪ": 18,
            "ᡠ": 22,
            "ᡨ": 9,
            "ᠣ": 43,
            "ᡥ": 30,
            "ᠯ": 23,
            "ᡤ": 44,
            "ᡴ": 35,
            "ᡡ": 15,
            "ᡵ": 19,
            "ᠸ": 6,
            "ᠴ": 12,
            "ᠩ": 18,
            "ᡝ": 76,
            "ᡩ": 7,
            "ᠵ": 15,
            "ᠮ": 12,
            "ᡯ": 2,
            "ᠰ": 3,
            "ᡦ": 12,
            "ᡶ": 2,
            "ᡧ": 4
        },
        "roman": {
            "S": 202,
            "I": 1011,
            "M": 292,
            "N": 613,
            "E": 1135,
            "R": 406,
            "A": 1382,
            "K": 426,
            "Ū": 224,
            "G": 652,
            "W": 62,
            "C": 192,
            "D": 209,
            "U": 667,
            "H": 595,
            "B": 592,
            "Y": 131,
            "T": 198,
            "O": 318,
            "L": 429,
            "F": 132,
            "Š": 147,
            "J": 158,
            "Z": 2,
            "P": 13
        }
    }
}