{
    "model_name": "crnn-base-3m",
    "checkpoint": 232500,
    "total_predictions": 1000,
    "manchu_word_accuracy": 0.992,
    "roman_word_accuracy": 0.0,
    "manchu_cer": 0.001388961038961039,
    "roman_cer": 1.0,
    "manchu_f1_score": 0.9986967532467531,
    "roman_f1_score": 0.0,
    "inference_time": 3.755415916442871,
    "frequent_error": {
        "manchu": {
            "ᡳ": 1,
            "ᡠ": 1,
            "ᠯ": 1,
            "ᡩ": 2,
            "ᠪ": 1,
            "ᡝ": 5,
            "ᡵ": 1,
            "ᠨ": 1,
            "ᡥ": 1,
            "ᡤ": 1
        },
        "roman": {
            "M": 324,
            "I": 1072,
            "Y": 132,
            "E": 1075,
            "H": 625,
            "U": 672,
            "N": 636,
            "A": 1399,
            "K": 415,
            "Ū": 192,
            "G": 643,
            "S": 218,
            "O": 360,
            "D": 207,
            "R": 378,
            "Š": 158,
            "J": 150,
            "B": 578,
            "F": 128,
            "T": 249,
            "C": 183,
            "L": 450,
            "W": 53,
            "P": 10
        }
    }
}