{
    "model_name": "crnn-base-3m",
    "checkpoint": 176250,
    "total_predictions": 1000,
    "manchu_word_accuracy": 0.986,
    "roman_word_accuracy": 0.0,
    "manchu_cer": 0.0018507950382950383,
    "roman_cer": 1.0,
    "manchu_f1_score": 0.9981881660006658,
    "roman_f1_score": 0.0,
    "inference_time": 3.7506632804870605,
    "frequent_error": {
        "manchu": {
            "ᡠ": 3,
            "ᠠ": 2,
            "ᡦ": 2,
            "ᡝ": 7,
            "ᡤ": 4,
            "ᠶ": 1,
            "ᡩ": 1,
            "ᠨ": 1,
            "ᡧ": 1,
            "ᡥ": 2,
            "ᠪ": 1,
            "ᡳ": 1,
            "ᠣ": 1
        },
        "roman": {
            "T": 224,
            "A": 1460,
            "K": 428,
            "D": 205,
            "R": 428,
            "Ū": 226,
            "N": 672,
            "G": 675,
            "E": 1047,
            "U": 608,
            "Š": 130,
            "C": 185,
            "I": 1048,
            "J": 156,
            "L": 428,
            "B": 570,
            "H": 631,
            "Y": 129,
            "M": 288,
            "P": 11,
            "Z": 1,
            "O": 347,
            "S": 220,
            "W": 48,
            "F": 121
        }
    }
}