{
    "model_name": "crnn-base-3m",
    "checkpoint": 228750,
    "total_predictions": 1000,
    "manchu_word_accuracy": 0.988,
    "roman_word_accuracy": 0.0,
    "manchu_cer": 0.0018002747252747252,
    "roman_cer": 1.0,
    "manchu_f1_score": 0.9985483590970432,
    "roman_f1_score": 0.0,
    "inference_time": 3.758436918258667,
    "frequent_error": {
        "manchu": {
            "ᡤ": 3,
            "ᡩ": 3,
            "ᠪ": 1,
            "ᡝ": 4,
            "ᡵ": 1,
            "ᠨ": 3,
            "᠋": 2,
            "ᠠ": 3,
            "ᠣ": 3,
            "ᠶ": 2,
            "ᡳ": 2,
            "ᡴ": 1,
            "ᠩ": 1,
            "ᠮ": 1,
            "ᡥ": 1
        },
        "roman": {
            "J": 151,
            "O": 333,
            "L": 441,
            "I": 1023,
            "B": 610,
            "U": 615,
            "M": 297,
            "E": 1077,
            "N": 592,
            "C": 172,
            "A": 1442,
            "G": 635,
            "Š": 157,
            "H": 573,
            "T": 234,
            "R": 398,
            "F": 133,
            "K": 437,
            "Ū": 221,
            "Y": 145,
            "D": 213,
            "S": 218,
            "W": 54,
            "P": 6,
            "'": 2
        }
    }
}