{
    "model_name": "crnn-base-3m",
    "checkpoint": 360000,
    "total_predictions": 1000,
    "manchu_word_accuracy": 0.985,
    "roman_word_accuracy": 0.0,
    "manchu_cer": 0.0017170177045177045,
    "roman_cer": 1.0,
    "manchu_f1_score": 0.9985766526754454,
    "roman_f1_score": 0.0,
    "inference_time": 3.8124279975891113,
    "frequent_error": {
        "manchu": {
            "ᡴ": 5,
            "ᡝ": 11,
            "ᠯ": 3,
            "ᠮ": 1,
            "ᠪ": 2,
            "ᡳ": 3,
            "ᡥ": 7,
            "ᠴ": 1,
            "ᠠ": 6,
            "ᡨ": 1,
            "ᡦ": 2,
            "ᠨ": 2,
            "ᡠ": 3,
            "ᡡ": 2,
            "ᡩ": 1,
            "ᠩ": 1,
            "ᡤ": 1,
            "ᠸ": 1,
            "ᠰ": 1
        },
        "roman": {
            "S": 196,
            "A": 1412,
            "M": 306,
            "B": 549,
            "I": 1024,
            "H": 611,
            "E": 982,
            "T": 219,
            "C": 195,
            "U": 639,
            "F": 129,
            "Š": 150,
            "N": 598,
            "D": 230,
            "R": 406,
            "O": 377,
            "G": 594,
            "Y": 156,
            "L": 383,
            "J": 159,
            "K": 453,
            "Ū": 241,
            "W": 53,
            "P": 7
        }
    }
}