{
    "model_name": "crnn-base-3m",
    "checkpoint": 150000,
    "total_predictions": 1000,
    "manchu_word_accuracy": 0.983,
    "roman_word_accuracy": 0.0,
    "manchu_cer": 0.002286025086025086,
    "roman_cer": 1.0,
    "manchu_f1_score": 0.99783636124828,
    "roman_f1_score": 0.0,
    "inference_time": 3.7713568210601807,
    "frequent_error": {
        "manchu": {
            "ᡥ": 3,
            "ᡨ": 1,
            "ᠪ": 1,
            "ᡤ": 3,
            "ᡠ": 4,
            "ᡴ": 2,
            "ᡩ": 3,
            "ᠠ": 4,
            "ᠨ": 3,
            "ᡡ": 1,
            "ᠩ": 2,
            "ᡝ": 12,
            "ᡵ": 3,
            "ᡳ": 2,
            "ᠴ": 1,
            "ᡧ": 1,
            "ᠣ": 1
        },
        "roman": {
            "Š": 146,
            "E": 1071,
            "R": 414,
            "T": 257,
            "I": 1055,
            "H": 589,
            "U": 652,
            "K": 407,
            "W": 45,
            "Y": 142,
            "B": 582,
            "M": 318,
            "C": 195,
            "A": 1362,
            "Ū": 195,
            "N": 623,
            "D": 212,
            "G": 609,
            "S": 199,
            "L": 388,
            "O": 326,
            "F": 139,
            "J": 140,
            "P": 11,
            "Z": 1
        }
    }
}