{
    "model_name": "crnn-base-3m",
    "checkpoint": 60000,
    "total_predictions": 1000,
    "manchu_word_accuracy": 0.982,
    "roman_word_accuracy": 0.0,
    "manchu_cer": 0.002072990897990898,
    "roman_cer": 1.0,
    "manchu_f1_score": 0.9980768093822441,
    "roman_f1_score": 0.0,
    "inference_time": 3.8467636108398438,
    "frequent_error": {
        "manchu": {
            "ᡩ": 5,
            "ᡥ": 7,
            "ᠠ": 7,
            "ᡴ": 2,
            "ᡡ": 1,
            "ᠩ": 2,
            "ᡤ": 6,
            "ᡝ": 8,
            "ᠨ": 1,
            "ᡠ": 4,
            "ᠵ": 2,
            "ᠸ": 1,
            "ᠯ": 2,
            "ᠪ": 3,
            "ᡳ": 4
        },
        "roman": {
            "D": 206,
            "U": 623,
            "S": 222,
            "H": 622,
            "K": 389,
            "I": 1065,
            "Y": 144,
            "E": 1041,
            "M": 335,
            "B": 610,
            "O": 392,
            "R": 390,
            "N": 625,
            "J": 140,
            "Š": 149,
            "A": 1453,
            "Ū": 182,
            "F": 131,
            "C": 178,
            "L": 419,
            "G": 634,
            "T": 247,
            "W": 54,
            "P": 4
        }
    }
}