{
    "model_name": "crnn-base-3m",
    "checkpoint": 15000,
    "total_predictions": 1000,
    "manchu_word_accuracy": 0.934,
    "roman_word_accuracy": 0.0,
    "manchu_cer": 0.010205688755688752,
    "roman_cer": 1.0,
    "manchu_f1_score": 0.9916356082481423,
    "roman_f1_score": 0.0,
    "inference_time": 3.784187078475952,
    "frequent_error": {
        "manchu": {
            "ᡦ": 6,
            "ᡴ": 13,
            "ᡤ": 21,
            "ᠨ": 12,
            "ᠵ": 8,
            "ᡳ": 10,
            "ᡥ": 11,
            "ᠠ": 28,
            "ᡩ": 2,
            "ᡠ": 9,
            "ᡝ": 22,
            "ᠣ": 3,
            "ᠸ": 1,
            "ᡯ": 1,
            "ᠶ": 4,
            "ᡧ": 2,
            "ᠪ": 4,
            "ᡵ": 5,
            "ᠩ": 8,
            "ᠯ": 3,
            "ᡡ": 2,
            "ᠰ": 2,
            "ᡨ": 2,
            "ᡶ": 2,
            "᠋": 1,
            "ᠮ": 2,
            "ᠴ": 1
        },
        "roman": {
            "D": 215,
            "A": 1434,
            "R": 424,
            "N": 606,
            "U": 678,
            "H": 589,
            "K": 425,
            "Ū": 204,
            "E": 1005,
            "B": 597,
            "S": 204,
            "I": 1031,
            "G": 616,
            "L": 431,
            "W": 49,
            "M": 280,
            "F": 127,
            "O": 374,
            "J": 147,
            "C": 188,
            "Š": 143,
            "T": 230,
            "P": 6,
            "Y": 116,
            "Z": 1,
            "'": 1
        }
    }
}