{
    "model_name": "crnn-base-3m",
    "checkpoint": 243750,
    "total_predictions": 1000,
    "manchu_word_accuracy": 0.993,
    "roman_word_accuracy": 0.0,
    "manchu_cer": 0.0008368589743589743,
    "roman_cer": 1.0,
    "manchu_f1_score": 0.999163141025641,
    "roman_f1_score": 0.0,
    "inference_time": 3.758176565170288,
    "frequent_error": {
        "manchu": {
            "ᡮ": 1,
            "ᡤ": 1,
            "ᠠ": 4,
            "ᠣ": 2,
            "ᡠ": 1
        },
        "roman": {
            "C": 184,
            "O": 317,
            "B": 610,
            "A": 1456,
            "L": 419,
            "G": 648,
            "J": 153,
            "I": 1078,
            "U": 636,
            "M": 290,
            "E": 1033,
            "H": 611,
            "Ū": 242,
            "N": 599,
            "T": 229,
            "W": 57,
            "K": 437,
            "Y": 128,
            "R": 420,
            "F": 138,
            "Š": 124,
            "D": 209,
            "S": 217,
            "Z": 1,
            "P": 9
        }
    }
}