{
    "model_name": "crnn-base-3m",
    "checkpoint": 86250,
    "total_predictions": 1000,
    "manchu_word_accuracy": 0.988,
    "roman_word_accuracy": 0.0,
    "manchu_cer": 0.00115395062453886,
    "roman_cer": 1.0,
    "manchu_f1_score": 0.9989218069512189,
    "roman_f1_score": 0.0,
    "inference_time": 4.011862516403198,
    "frequent_error": {
        "manchu": {
            "ᠣ": 1,
            "ᠸ": 1,
            "ᡠ": 2,
            "ᠨ": 1,
            "ᡧ": 1,
            "ᡨ": 1,
            "ᠶ": 2,
            "ᡝ": 1,
            "ᡤ": 2,
            "ᡩ": 1,
            "ᡦ": 2
        },
        "roman": {
            "B": 605,
            "A": 1408,
            "H": 638,
            "N": 631,
            "J": 140,
            "I": 1078,
            "F": 131,
            "R": 393,
            "G": 628,
            "M": 299,
            "Y": 143,
            "S": 203,
            "D": 225,
            "T": 221,
            "U": 673,
            "W": 53,
            "K": 383,
            "Ū": 204,
            "E": 1033,
            "L": 408,
            "O": 322,
            "C": 215,
            "Š": 132,
            "P": 3,
            "'": 1
        }
    }
}