{
    "model_name": "crnn-base-3m",
    "checkpoint": 311250,
    "total_predictions": 1000,
    "manchu_word_accuracy": 0.977,
    "roman_word_accuracy": 0.0,
    "manchu_cer": 0.0024430486180486185,
    "roman_cer": 1.0,
    "manchu_f1_score": 0.9976970562488087,
    "roman_f1_score": 0.0,
    "inference_time": 3.780391216278076,
    "frequent_error": {
        "manchu": {
            "ᡤ": 12,
            "ᠠ": 4,
            "ᡶ": 1,
            "ᡩ": 3,
            "ᡠ": 4,
            "ᡥ": 3,
            "ᡴ": 2,
            "ᡡ": 2,
            "ᠩ": 3,
            "ᡝ": 4,
            "ᠵ": 1,
            "ᠣ": 2,
            "ᡦ": 3,
            "ᠪ": 2,
            "ᡳ": 2,
            "ᡵ": 1,
            "ᠨ": 1,
            "ᠶ": 1
        },
        "roman": {
            "D": 202,
            "A": 1418,
            "N": 601,
            "G": 656,
            "S": 222,
            "I": 1047,
            "R": 393,
            "K": 409,
            "Ū": 204,
            "E": 1042,
            "L": 410,
            "M": 272,
            "C": 184,
            "F": 137,
            "U": 636,
            "B": 562,
            "H": 626,
            "W": 55,
            "Š": 132,
            "Y": 153,
            "T": 202,
            "J": 146,
            "O": 337,
            "P": 12,
            "Z": 1
        }
    }
}