{
    "model_name": "crnn-base-3m",
    "checkpoint": 315000,
    "total_predictions": 1000,
    "manchu_word_accuracy": 0.988,
    "roman_word_accuracy": 0.0,
    "manchu_cer": 0.0014382936507936507,
    "roman_cer": 1.0,
    "manchu_f1_score": 0.9986166514041513,
    "roman_f1_score": 0.0,
    "inference_time": 3.763573408126831,
    "frequent_error": {
        "manchu": {
            "ᡥ": 1,
            "ᡤ": 1,
            "ᡦ": 1,
            "ᠠ": 1,
            "ᡝ": 1,
            "ᠨ": 2,
            "ᡩ": 3,
            "ᡠ": 2,
            "ᡵ": 1,
            "ᡳ": 1,
            "ᠣ": 3,
            "ᡨ": 1
        },
        "roman": {
            "S": 214,
            "I": 1093,
            "M": 304,
            "N": 624,
            "E": 1059,
            "H": 589,
            "A": 1464,
            "K": 423,
            "Ū": 232,
            "B": 564,
            "O": 322,
            "Š": 164,
            "D": 208,
            "U": 617,
            "R": 432,
            "G": 633,
            "L": 422,
            "T": 247,
            "J": 160,
            "C": 193,
            "Y": 134,
            "F": 143,
            "W": 59,
            "P": 10
        }
    }
}