{
    "model_name": "crnn-base-3m",
    "checkpoint": 45000,
    "total_predictions": 1000,
    "manchu_word_accuracy": 0.988,
    "roman_word_accuracy": 0.0,
    "manchu_cer": 0.0017766955266955268,
    "roman_cer": 1.0,
    "manchu_f1_score": 0.998582474544495,
    "roman_f1_score": 0.0,
    "inference_time": 3.8222250938415527,
    "frequent_error": {
        "manchu": {
            "ᠨ": 2,
            "ᡧ": 3,
            "ᡝ": 12,
            "ᡨ": 1,
            "ᠯ": 1,
            "ᡤ": 2,
            "ᡦ": 1,
            "ᠸ": 1,
            "ᡠ": 1,
            "ᡵ": 1,
            "ᠠ": 5,
            "ᡥ": 3,
            "ᠪ": 2,
            "ᡳ": 2,
            "ᡴ": 2
        },
        "roman": {
            "U": 623,
            "L": 428,
            "G": 597,
            "A": 1380,
            "K": 427,
            "I": 1088,
            "S": 222,
            "D": 205,
            "N": 641,
            "Ū": 209,
            "B": 553,
            "R": 385,
            "Š": 161,
            "C": 196,
            "F": 137,
            "Y": 124,
            "H": 594,
            "E": 1030,
            "T": 231,
            "M": 292,
            "W": 45,
            "O": 380,
            "J": 153,
            "P": 8
        }
    }
}