{
    "model_name": "crnn-base-3m",
    "checkpoint": 217500,
    "total_predictions": 1000,
    "manchu_word_accuracy": 0.985,
    "roman_word_accuracy": 0.0,
    "manchu_cer": 0.001812165612165612,
    "roman_cer": 1.0,
    "manchu_f1_score": 0.998227689460298,
    "roman_f1_score": 0.0,
    "inference_time": 3.7813727855682373,
    "frequent_error": {
        "manchu": {
            "ᠠ": 4,
            "ᡩ": 2,
            "ᡥ": 5,
            "ᡦ": 5,
            "ᡮ": 1,
            "ᡵ": 1,
            "ᡤ": 1,
            "ᠣ": 2,
            "ᡧ": 2,
            "ᠮ": 1,
            "ᠪ": 1,
            "ᡳ": 1,
            "ᡝ": 1
        },
        "roman": {
            "Y": 154,
            "A": 1376,
            "H": 604,
            "B": 582,
            "I": 1076,
            "K": 436,
            "O": 332,
            "R": 399,
            "M": 314,
            "Ū": 214,
            "W": 44,
            "F": 147,
            "E": 1042,
            "C": 187,
            "S": 213,
            "N": 613,
            "J": 141,
            "T": 240,
            "U": 658,
            "Š": 136,
            "L": 408,
            "D": 213,
            "P": 12,
            "G": 641,
            "Z": 1
        }
    }
}