{
    "model_name": "crnn-base-3m",
    "checkpoint": 22500,
    "total_predictions": 1000,
    "manchu_word_accuracy": 0.948,
    "roman_word_accuracy": 0.0,
    "manchu_cer": 0.007145604395604393,
    "roman_cer": 1.0,
    "manchu_f1_score": 0.9941123004354143,
    "roman_f1_score": 0.0,
    "inference_time": 3.8822736740112305,
    "frequent_error": {
        "manchu": {
            "ᡴ": 6,
            "ᠣ": 7,
            "ᡨ": 1,
            "ᡥ": 7,
            "ᠩ": 8,
            "ᡤ": 16,
            "ᡝ": 16,
            "ᡦ": 4,
            "ᡵ": 4,
            "ᠠ": 21,
            "ᡩ": 3,
            "ᠶ": 6,
            "ᡳ": 8,
            "ᡶ": 4,
            "ᠯ": 4,
            "ᠨ": 5,
            "ᡡ": 2,
            "ᠪ": 3,
            "ᠵ": 2,
            "ᡠ": 9,
            "ᡧ": 2,
            "ᠸ": 1,
            "ᠮ": 3,
            "ᠴ": 2,
            "᠋": 1
        },
        "roman": {
            "G": 635,
            "I": 1047,
            "N": 603,
            "E": 1013,
            "B": 559,
            "U": 654,
            "M": 330,
            "A": 1477,
            "H": 604,
            "T": 255,
            "R": 400,
            "Š": 146,
            "K": 419,
            "Ū": 219,
            "F": 131,
            "D": 207,
            "Y": 149,
            "L": 443,
            "J": 100,
            "C": 193,
            "O": 341,
            "S": 235,
            "P": 8,
            "W": 42,
            "'": 1
        }
    }
}