{
    "model_name": "crnn-base-3m",
    "checkpoint": 172500,
    "total_predictions": 1000,
    "manchu_word_accuracy": 0.983,
    "roman_word_accuracy": 0.0,
    "manchu_cer": 0.001968463480963481,
    "roman_cer": 1.0,
    "manchu_f1_score": 0.9984354816071496,
    "roman_f1_score": 0.0,
    "inference_time": 3.795787811279297,
    "frequent_error": {
        "manchu": {
            "ᠸ": 2,
            "ᡩ": 3,
            "ᠵ": 4,
            "ᡝ": 5,
            "ᠴ": 2,
            "ᡳ": 1,
            "ᡤ": 4,
            "ᠠ": 8,
            "ᠨ": 2,
            "ᡵ": 1,
            "ᠩ": 2,
            "ᠣ": 4,
            "ᡠ": 4,
            "᠋": 1,
            "ᠶ": 1,
            "ᡥ": 1,
            "ᡴ": 1,
            "ᡡ": 1,
            "ᡧ": 1,
            "ᡶ": 1,
            "ᠮ": 1
        },
        "roman": {
            "C": 202,
            "I": 1079,
            "H": 603,
            "A": 1399,
            "L": 426,
            "S": 226,
            "Š": 118,
            "B": 606,
            "U": 652,
            "F": 125,
            "K": 403,
            "O": 327,
            "G": 590,
            "Y": 125,
            "E": 1042,
            "Ū": 182,
            "M": 283,
            "N": 593,
            "T": 214,
            "R": 396,
            "D": 218,
            "W": 53,
            "J": 165,
            "P": 5,
            "'": 1
        }
    }
}