{
    "model_name": "crnn-base-3m",
    "checkpoint": 52500,
    "total_predictions": 1000,
    "manchu_word_accuracy": 0.994,
    "roman_word_accuracy": 0.0,
    "manchu_cer": 0.0007344988344988345,
    "roman_cer": 1.0,
    "manchu_f1_score": 0.9995276328502415,
    "roman_f1_score": 0.0,
    "inference_time": 3.7572195529937744,
    "frequent_error": {
        "manchu": {
            "ᠯ": 1,
            "ᡩ": 1,
            "ᠠ": 4,
            "ᡤ": 3,
            "ᠨ": 3,
            "ᡵ": 1,
            "ᠩ": 2,
            "ᡝ": 4,
            "ᠵ": 1,
            "ᡥ": 1
        },
        "roman": {
            "U": 617,
            "B": 547,
            "A": 1525,
            "Š": 146,
            "T": 246,
            "I": 1062,
            "G": 648,
            "E": 1013,
            "N": 645,
            "L": 438,
            "M": 307,
            "R": 415,
            "J": 143,
            "H": 621,
            "K": 458,
            "D": 206,
            "S": 210,
            "O": 322,
            "C": 200,
            "F": 133,
            "Ū": 265,
            "W": 65,
            "Y": 146,
            "P": 6
        }
    }
}