{
    "model_name": "crnn-base-3m",
    "checkpoint": 236250,
    "total_predictions": 1000,
    "manchu_word_accuracy": 0.994,
    "roman_word_accuracy": 0.0,
    "manchu_cer": 0.0006475940725940725,
    "roman_cer": 1.0,
    "manchu_f1_score": 0.9993524059274059,
    "roman_f1_score": 0.0,
    "inference_time": 4.023877859115601,
    "frequent_error": {
        "manchu": {
            "ᠣ": 1,
            "ᡠ": 1,
            "ᡨ": 1,
            "ᡝ": 1,
            "ᠠ": 1,
            "ᡦ": 1
        },
        "roman": {
            "G": 695,
            "U": 697,
            "I": 1065,
            "L": 432,
            "E": 1114,
            "T": 213,
            "A": 1317,
            "R": 403,
            "H": 567,
            "Ū": 215,
            "N": 661,
            "O": 311,
            "D": 233,
            "B": 570,
            "K": 436,
            "S": 205,
            "M": 311,
            "Š": 154,
            "Y": 160,
            "C": 168,
            "J": 134,
            "F": 145,
            "W": 45,
            "P": 6,
            "Z": 1
        }
    }
}