{
    "model_name": "crnn-base-3m",
    "checkpoint": 18750,
    "total_predictions": 1000,
    "manchu_word_accuracy": 0.956,
    "roman_word_accuracy": 0.0,
    "manchu_cer": 0.006381798756798755,
    "roman_cer": 1.0,
    "manchu_f1_score": 0.9949378201521678,
    "roman_f1_score": 0.0,
    "inference_time": 3.7557826042175293,
    "frequent_error": {
        "manchu": {
            "ᡦ": 6,
            "ᠠ": 13,
            "ᡠ": 8,
            "ᡤ": 7,
            "ᡥ": 11,
            "ᡝ": 17,
            "ᠮ": 6,
            "ᠪ": 4,
            "ᡳ": 5,
            "ᠨ": 5,
            "ᠯ": 2,
            "ᡴ": 10,
            "ᡡ": 6,
            "ᠵ": 2,
            "ᠶ": 2,
            "ᠩ": 5,
            "ᠣ": 7,
            "ᠸ": 2,
            "ᡶ": 1,
            "ᡵ": 2,
            "᠋": 1,
            "ᡩ": 1
        },
        "roman": {
            "J": 157,
            "I": 1003,
            "F": 143,
            "E": 1088,
            "B": 584,
            "U": 638,
            "N": 626,
            "G": 620,
            "L": 428,
            "P": 6,
            "A": 1420,
            "C": 173,
            "O": 339,
            "R": 411,
            "H": 655,
            "D": 205,
            "M": 292,
            "S": 204,
            "T": 227,
            "K": 415,
            "Ū": 245,
            "W": 53,
            "Š": 133,
            "Y": 146,
            "'": 1
        }
    }
}