{
    "model_name": "crnn-base-3m",
    "checkpoint": 97500,
    "total_predictions": 1000,
    "manchu_word_accuracy": 0.96,
    "roman_word_accuracy": 0.0,
    "manchu_cer": 0.006081465756465754,
    "roman_cer": 1.0,
    "manchu_f1_score": 0.9958528873556232,
    "roman_f1_score": 0.0,
    "inference_time": 4.508466958999634,
    "frequent_error": {
        "manchu": {
            "ᠵ": 20,
            "ᡠ": 8,
            "ᡵ": 8,
            "ᠯ": 9,
            "ᠠ": 33,
            "ᡴ": 9,
            "ᡳ": 29,
            "ᠨ": 5,
            "ᡨ": 6,
            "ᠣ": 8,
            "ᡩ": 3,
            "ᠴ": 2,
            "ᠮ": 6,
            "ᠪ": 9,
            "ᡥ": 10,
            "ᡝ": 15,
            "ᡡ": 7,
            "ᠶ": 2,
            "ᠸ": 4,
            "ᠩ": 3,
            "ᡤ": 5,
            "ᠰ": 2,
            "ᡮ": 1,
            "ᡧ": 3,
            "ᡶ": 1,
            "ᡦ": 1
        },
        "roman": {
            "S": 213,
            "U": 612,
            "C": 194,
            "N": 652,
            "A": 1420,
            "H": 575,
            "I": 1051,
            "D": 214,
            "B": 550,
            "L": 421,
            "K": 440,
            "R": 398,
            "G": 654,
            "E": 1058,
            "Š": 142,
            "Y": 149,
            "F": 134,
            "T": 248,
            "Ū": 210,
            "J": 147,
            "M": 311,
            "W": 44,
            "O": 368,
            "'": 1,
            "P": 6,
            "Z": 2
        }
    }
}