{
    "model_name": "crnn-base-3m",
    "checkpoint": 330000,
    "total_predictions": 1000,
    "manchu_word_accuracy": 0.991,
    "roman_word_accuracy": 0.0,
    "manchu_cer": 0.0007161838161838162,
    "roman_cer": 1.0,
    "manchu_f1_score": 0.9994002915898377,
    "roman_f1_score": 0.0,
    "inference_time": 3.8425118923187256,
    "frequent_error": {
        "manchu": {
            "ᡩ": 2,
            "ᡝ": 5,
            "ᠸ": 3,
            "ᠠ": 5,
            "ᠯ": 2,
            "ᠪ": 4,
            "ᡠ": 2,
            "ᡳ": 3,
            "ᠨ": 1,
            "ᡥ": 3,
            "ᡦ": 1,
            "ᠣ": 1,
            "ᠮ": 1
        },
        "roman": {
            "T": 235,
            "A": 1462,
            "B": 613,
            "C": 197,
            "I": 1058,
            "L": 429,
            "U": 658,
            "N": 613,
            "Š": 150,
            "H": 630,
            "K": 421,
            "Ū": 213,
            "G": 627,
            "E": 1027,
            "F": 128,
            "Y": 159,
            "M": 326,
            "D": 209,
            "J": 132,
            "R": 400,
            "W": 61,
            "S": 202,
            "O": 390,
            "P": 6
        }
    }
}