{
    "model_name": "crnn-base-3m",
    "checkpoint": 67500,
    "total_predictions": 1000,
    "manchu_word_accuracy": 0.99,
    "roman_word_accuracy": 0.0,
    "manchu_cer": 0.0011072150072150072,
    "roman_cer": 1.0,
    "manchu_f1_score": 0.9989450725744844,
    "roman_f1_score": 0.0,
    "inference_time": 3.7929866313934326,
    "frequent_error": {
        "manchu": {
            "ᠵ": 1,
            "ᡝ": 1,
            "ᡦ": 2,
            "ᡤ": 1,
            "ᡠ": 2,
            "ᡥ": 1,
            "ᡴ": 1,
            "ᡳ": 2,
            "ᠪ": 1,
            "ᠴ": 1,
            "ᠨ": 2
        },
        "roman": {
            "F": 133,
            "E": 1049,
            "R": 400,
            "G": 608,
            "I": 1035,
            "N": 631,
            "K": 450,
            "A": 1446,
            "H": 646,
            "B": 589,
            "O": 322,
            "L": 412,
            "Y": 137,
            "J": 148,
            "U": 632,
            "T": 218,
            "C": 175,
            "D": 216,
            "S": 202,
            "Š": 144,
            "Ū": 240,
            "W": 52,
            "M": 307,
            "P": 5
        }
    }
}