{
    "model_name": "crnn-base-3m",
    "checkpoint": 363750,
    "total_predictions": 1000,
    "manchu_word_accuracy": 0.982,
    "roman_word_accuracy": 0.0,
    "manchu_cer": 0.002353986699574935,
    "roman_cer": 1.0,
    "manchu_f1_score": 0.9981056801553092,
    "roman_f1_score": 0.0,
    "inference_time": 3.8084752559661865,
    "frequent_error": {
        "manchu": {
            "ᡶ": 1,
            "ᡤ": 4,
            "ᠠ": 8,
            "ᠨ": 4,
            "ᠯ": 2,
            "ᡥ": 4,
            "ᠪ": 2,
            "ᡳ": 3,
            "ᡝ": 8,
            "ᠩ": 4,
            "ᡴ": 3,
            "ᠵ": 1,
            "ᡵ": 1,
            "ᡠ": 1,
            "ᡡ": 1,
            "ᡧ": 1,
            "ᠣ": 1,
            "ᡨ": 1
        },
        "roman": {
            "T": 237,
            "E": 1062,
            "M": 316,
            "N": 650,
            "A": 1535,
            "J": 136,
            "I": 1055,
            "L": 418,
            "G": 651,
            "Y": 177,
            "D": 215,
            "U": 614,
            "H": 650,
            "B": 570,
            "R": 424,
            "K": 413,
            "Ū": 232,
            "O": 306,
            "C": 196,
            "F": 139,
            "S": 199,
            "W": 59,
            "Š": 128,
            "P": 8,
            "Z": 1
        }
    }
}