{
    "model_name": "crnn-base-3m",
    "checkpoint": 26250,
    "total_predictions": 1000,
    "manchu_word_accuracy": 0.973,
    "roman_word_accuracy": 0.0,
    "manchu_cer": 0.002934500222000223,
    "roman_cer": 1.0,
    "manchu_f1_score": 0.9974611063559289,
    "roman_f1_score": 0.0,
    "inference_time": 3.8637218475341797,
    "frequent_error": {
        "manchu": {
            "ᠨ": 3,
            "ᠵ": 1,
            "ᡠ": 10,
            "ᡵ": 4,
            "ᠠ": 10,
            "ᡥ": 8,
            "ᡴ": 3,
            "ᡡ": 3,
            "ᠩ": 3,
            "ᡤ": 3,
            "ᡝ": 13,
            "ᠴ": 1,
            "ᠯ": 6,
            "ᠪ": 6,
            "ᡨ": 1,
            "ᡦ": 2,
            "ᡩ": 3,
            "ᡳ": 6,
            "ᠣ": 6,
            "ᠮ": 3,
            "ᡮ": 1,
            "ᠶ": 2,
            "᠋": 1
        },
        "roman": {
            "T": 211,
            "O": 301,
            "I": 1040,
            "L": 451,
            "K": 412,
            "Š": 142,
            "H": 614,
            "B": 596,
            "E": 1014,
            "N": 601,
            "M": 298,
            "G": 605,
            "R": 410,
            "C": 217,
            "D": 216,
            "S": 197,
            "A": 1493,
            "Ū": 192,
            "U": 692,
            "J": 148,
            "F": 146,
            "Y": 149,
            "W": 51,
            "P": 8,
            "'": 1
        }
    }
}