{
    "model_name": "crnn-base-3m",
    "checkpoint": 93750,
    "total_predictions": 1000,
    "manchu_word_accuracy": 0.99,
    "roman_word_accuracy": 0.0,
    "manchu_cer": 0.0009407106782106781,
    "roman_cer": 1.0,
    "manchu_f1_score": 0.9990592893217891,
    "roman_f1_score": 0.0,
    "inference_time": 3.8152830600738525,
    "frequent_error": {
        "manchu": {
            "ᡤ": 2,
            "ᡠ": 1,
            "ᡦ": 2,
            "ᡩ": 2,
            "ᡴ": 1,
            "ᠠ": 1,
            "ᠵ": 1
        },
        "roman": {
            "F": 121,
            "E": 995,
            "S": 222,
            "H": 583,
            "L": 431,
            "M": 318,
            "B": 566,
            "I": 1009,
            "J": 166,
            "U": 648,
            "R": 381,
            "A": 1444,
            "D": 210,
            "Y": 131,
            "T": 239,
            "W": 43,
            "Š": 120,
            "K": 423,
            "G": 613,
            "Ū": 208,
            "N": 626,
            "O": 326,
            "C": 167,
            "P": 8
        }
    }
}