{
    "model_name": "crnn-base-3m",
    "checkpoint": 318750,
    "total_predictions": 1000,
    "manchu_word_accuracy": 0.989,
    "roman_word_accuracy": 0.0,
    "manchu_cer": 0.0011632187257187257,
    "roman_cer": 1.0,
    "manchu_f1_score": 0.9988881646734907,
    "roman_f1_score": 0.0,
    "inference_time": 3.757028579711914,
    "frequent_error": {
        "manchu": {
            "ᡳ": 2,
            "ᠣ": 1,
            "ᡩ": 2,
            "ᡤ": 4,
            "ᡨ": 2,
            "ᠸ": 1,
            "ᡠ": 3,
            "ᡵ": 1,
            "ᡧ": 1,
            "ᠠ": 2,
            "ᡥ": 1,
            "ᠪ": 1
        },
        "roman": {
            "A": 1447,
            "S": 209,
            "I": 1038,
            "H": 657,
            "Y": 140,
            "B": 608,
            "U": 661,
            "K": 419,
            "N": 598,
            "M": 332,
            "R": 398,
            "T": 200,
            "J": 148,
            "L": 433,
            "E": 1023,
            "F": 139,
            "O": 333,
            "G": 635,
            "Ū": 220,
            "D": 201,
            "C": 220,
            "W": 49,
            "Š": 132,
            "P": 5,
            "'": 1
        }
    }
}