{
    "model_name": "crnn-base-3m",
    "checkpoint": 296250,
    "total_predictions": 1000,
    "manchu_word_accuracy": 0.988,
    "roman_word_accuracy": 0.0,
    "manchu_cer": 0.001344083694083694,
    "roman_cer": 1.0,
    "manchu_f1_score": 0.9989414790190652,
    "roman_f1_score": 0.0,
    "inference_time": 3.761631965637207,
    "frequent_error": {
        "manchu": {
            "ᡦ": 2,
            "ᡥ": 3,
            "ᡡ": 1,
            "ᠴ": 1,
            "ᡳ": 4,
            "ᡩ": 2,
            "ᠨ": 2,
            "ᡠ": 4,
            "ᡵ": 1,
            "ᡴ": 3,
            "ᡤ": 1,
            "ᠵ": 2,
            "ᠠ": 2,
            "ᠪ": 1,
            "ᡝ": 1,
            "ᠸ": 1
        },
        "roman": {
            "S": 214,
            "E": 1052,
            "Y": 143,
            "N": 654,
            "D": 218,
            "U": 625,
            "H": 614,
            "G": 684,
            "Ū": 211,
            "F": 139,
            "C": 175,
            "I": 1078,
            "B": 578,
            "A": 1425,
            "K": 412,
            "Š": 138,
            "L": 416,
            "R": 402,
            "M": 298,
            "T": 230,
            "O": 326,
            "P": 14,
            "W": 46,
            "J": 141
        }
    }
}