{
    "model_name": "crnn-base-3m",
    "checkpoint": 303750,
    "total_predictions": 1000,
    "manchu_word_accuracy": 0.974,
    "roman_word_accuracy": 0.0,
    "manchu_cer": 0.0030021395271395274,
    "roman_cer": 1.0,
    "manchu_f1_score": 0.9972536429512517,
    "roman_f1_score": 0.0,
    "inference_time": 3.759413242340088,
    "frequent_error": {
        "manchu": {
            "ᡳ": 2,
            "ᡝ": 8,
            "ᠶ": 5,
            "ᡠ": 6,
            "᠋": 1,
            "ᠠ": 1,
            "ᠣ": 7,
            "ᠪ": 1,
            "ᡩ": 3,
            "ᡵ": 2,
            "ᡤ": 5,
            "ᡥ": 3,
            "ᠩ": 2,
            "ᠨ": 2,
            "ᠵ": 1
        },
        "roman": {
            "D": 189,
            "A": 1357,
            "B": 594,
            "S": 228,
            "U": 681,
            "L": 388,
            "M": 315,
            "E": 1017,
            "F": 145,
            "N": 634,
            "C": 181,
            "K": 429,
            "R": 404,
            "Š": 148,
            "I": 1090,
            "T": 219,
            "W": 45,
            "H": 612,
            "Ū": 210,
            "G": 646,
            "O": 337,
            "Y": 140,
            "J": 143,
            "P": 6,
            "'": 1
        }
    }
}