{
    "model_name": "crnn-base-3m",
    "checkpoint": 78750,
    "total_predictions": 1000,
    "manchu_word_accuracy": 0.991,
    "roman_word_accuracy": 0.0,
    "manchu_cer": 0.0008129079254079254,
    "roman_cer": 1.0,
    "manchu_f1_score": 0.9992673051948052,
    "roman_f1_score": 0.0,
    "inference_time": 3.7760047912597656,
    "frequent_error": {
        "manchu": {
            "ᡧ": 2,
            "ᡠ": 4,
            "ᠪ": 3,
            "ᡵ": 2,
            "ᡝ": 3,
            "ᠠ": 1,
            "ᡴ": 2,
            "ᡡ": 1,
            "ᠩ": 1,
            "ᡩ": 1,
            "ᠶ": 1,
            "ᡦ": 1,
            "ᡤ": 1,
            "ᠯ": 1,
            "ᠣ": 3,
            "ᠰ": 1,
            "ᡥ": 2,
            "ᡳ": 1
        },
        "roman": {
            "O": 377,
            "K": 431,
            "D": 203,
            "N": 626,
            "H": 570,
            "A": 1465,
            "S": 210,
            "I": 1051,
            "T": 248,
            "J": 157,
            "U": 673,
            "R": 389,
            "Ū": 207,
            "G": 631,
            "M": 296,
            "B": 562,
            "E": 926,
            "F": 143,
            "L": 421,
            "C": 206,
            "Y": 141,
            "Š": 142,
            "Z": 2,
            "W": 53,
            "P": 10
        }
    }
}