{
    "model_name": "crnn-base-3m",
    "checkpoint": 375000,
    "total_predictions": 1000,
    "manchu_word_accuracy": 0.99,
    "roman_word_accuracy": 0.0,
    "manchu_cer": 0.001308080808080808,
    "roman_cer": 1.0,
    "manchu_f1_score": 0.9987917309743396,
    "roman_f1_score": 0.0,
    "inference_time": 3.7547013759613037,
    "frequent_error": {
        "manchu": {
            "ᡤ": 4,
            "ᡥ": 2,
            "ᡯ": 1,
            "ᡦ": 1,
            "ᠴ": 1,
            "ᡝ": 7,
            "ᠨ": 1,
            "ᡩ": 1,
            "ᡠ": 1,
            "ᠮ": 1,
            "ᠪ": 1,
            "ᡳ": 1,
            "ᠵ": 1,
            "ᠩ": 1,
            "ᡵ": 1
        },
        "roman": {
            "M": 291,
            "E": 1021,
            "R": 388,
            "F": 150,
            "I": 1069,
            "J": 125,
            "O": 417,
            "L": 452,
            "N": 579,
            "D": 192,
            "B": 592,
            "S": 228,
            "H": 603,
            "A": 1376,
            "K": 421,
            "Ū": 224,
            "G": 636,
            "C": 183,
            "U": 600,
            "Y": 122,
            "Š": 125,
            "T": 235,
            "W": 50,
            "P": 11,
            "Z": 1
        }
    }
}