{
    "model_name": "crnn-base-3m",
    "checkpoint": 251250,
    "total_predictions": 1000,
    "manchu_word_accuracy": 0.993,
    "roman_word_accuracy": 0.0,
    "manchu_cer": 0.0008420745920745921,
    "roman_cer": 1.0,
    "manchu_f1_score": 0.9991948484848484,
    "roman_f1_score": 0.0,
    "inference_time": 3.7553811073303223,
    "frequent_error": {
        "manchu": {
            "ᠣ": 2,
            "ᡨ": 1,
            "ᡥ": 3,
            "ᡵ": 1,
            "ᡳ": 2,
            "ᠨ": 1,
            "ᡩ": 1,
            "ᡠ": 2,
            "ᠪ": 1,
            "ᡝ": 2,
            "ᡤ": 1
        },
        "roman": {
            "A": 1465,
            "L": 397,
            "M": 285,
            "I": 1078,
            "H": 633,
            "B": 584,
            "S": 227,
            "O": 352,
            "K": 429,
            "R": 414,
            "Ū": 208,
            "U": 643,
            "N": 608,
            "G": 579,
            "C": 217,
            "T": 228,
            "F": 127,
            "Š": 133,
            "D": 211,
            "E": 967,
            "J": 137,
            "Y": 150,
            "W": 45,
            "P": 9,
            "Z": 1,
            "'": 1
        }
    }
}