{
    "model_name": "crnn-base-3m",
    "checkpoint": 191250,
    "total_predictions": 1000,
    "manchu_word_accuracy": 0.982,
    "roman_word_accuracy": 0.0,
    "manchu_cer": 0.0024667540792540797,
    "roman_cer": 1.0,
    "manchu_f1_score": 0.9980994421475636,
    "roman_f1_score": 0.0,
    "inference_time": 3.7529709339141846,
    "frequent_error": {
        "manchu": {
            "ᠨ": 6,
            "ᡧ": 2,
            "ᡝ": 9,
            "ᡨ": 2,
            "ᠯ": 2,
            "ᠠ": 7,
            "ᡥ": 8,
            "ᡳ": 9,
            "ᠸ": 2,
            "ᡠ": 4,
            "ᠪ": 4,
            "ᡴ": 5,
            "ᡤ": 4,
            "ᠵ": 2,
            "ᠶ": 2,
            "ᠣ": 3,
            "ᡵ": 2,
            "ᠴ": 1,
            "ᡩ": 1,
            "ᡡ": 1,
            "ᠩ": 1
        },
        "roman": {
            "S": 200,
            "E": 1088,
            "N": 649,
            "G": 590,
            "H": 623,
            "I": 1042,
            "C": 189,
            "Y": 158,
            "A": 1420,
            "J": 147,
            "F": 152,
            "R": 376,
            "M": 296,
            "B": 564,
            "O": 326,
            "D": 232,
            "U": 665,
            "K": 417,
            "Ū": 196,
            "L": 436,
            "T": 231,
            "W": 55,
            "Š": 117,
            "P": 6
        }
    }
}