{
    "model_name": "crnn-base-3m",
    "checkpoint": 292500,
    "total_predictions": 1000,
    "manchu_word_accuracy": 0.985,
    "roman_word_accuracy": 0.0,
    "manchu_cer": 0.0016786186036186037,
    "roman_cer": 1.0,
    "manchu_f1_score": 0.9986421561270027,
    "roman_f1_score": 0.0,
    "inference_time": 3.766810178756714,
    "frequent_error": {
        "manchu": {
            "ᡝ": 13,
            "ᡥ": 9,
            "ᠶ": 1,
            "ᠴ": 1,
            "ᠪ": 3,
            "ᡳ": 5,
            "ᠰ": 1,
            "ᡠ": 4,
            "ᠨ": 4,
            "ᡩ": 2,
            "ᡵ": 1,
            "ᠠ": 4,
            "ᡴ": 1,
            "ᡡ": 1,
            "ᠩ": 2,
            "ᡤ": 3,
            "ᠣ": 5,
            "ᠸ": 2,
            "ᠯ": 3,
            "ᡨ": 2,
            "ᡧ": 1
        },
        "roman": {
            "Š": 105,
            "A": 1422,
            "S": 216,
            "I": 1077,
            "H": 615,
            "L": 426,
            "B": 584,
            "U": 649,
            "R": 380,
            "K": 394,
            "Ū": 186,
            "D": 203,
            "E": 1057,
            "N": 609,
            "J": 123,
            "C": 203,
            "T": 230,
            "F": 143,
            "M": 311,
            "G": 618,
            "Y": 154,
            "P": 9,
            "W": 50,
            "O": 294,
            "Z": 1
        }
    }
}