{
    "model_name": "crnn-base-3m",
    "checkpoint": 120000,
    "total_predictions": 1000,
    "manchu_word_accuracy": 0.99,
    "roman_word_accuracy": 0.0,
    "manchu_cer": 0.0008779512154512154,
    "roman_cer": 1.0,
    "manchu_f1_score": 0.9992038711489796,
    "roman_f1_score": 0.0,
    "inference_time": 3.988558769226074,
    "frequent_error": {
        "manchu": {
            "ᡦ": 1,
            "ᡳ": 1,
            "ᡵ": 2,
            "ᡧ": 1,
            "ᠠ": 2,
            "ᡴ": 1,
            "ᡡ": 1,
            "ᠩ": 2,
            "ᡤ": 3,
            "ᡝ": 6,
            "ᠶ": 1,
            "ᠵ": 1,
            "ᡥ": 2,
            "ᡠ": 1,
            "ᡩ": 1
        },
        "roman": {
            "S": 235,
            "O": 334,
            "N": 623,
            "G": 642,
            "K": 442,
            "I": 1048,
            "Y": 140,
            "A": 1427,
            "B": 544,
            "U": 636,
            "M": 293,
            "D": 196,
            "E": 1022,
            "L": 411,
            "W": 51,
            "C": 202,
            "R": 384,
            "Ū": 213,
            "H": 602,
            "T": 214,
            "Š": 152,
            "F": 133,
            "P": 8,
            "J": 133
        }
    }
}