{
    "model_name": "crnn-base-3m",
    "checkpoint": 288750,
    "total_predictions": 1000,
    "manchu_word_accuracy": 0.983,
    "roman_word_accuracy": 0.0,
    "manchu_cer": 0.0021446289821289823,
    "roman_cer": 1.0,
    "manchu_f1_score": 0.9978922940947941,
    "roman_f1_score": 0.0,
    "inference_time": 3.7614498138427734,
    "frequent_error": {
        "manchu": {
            "ᡩ": 2,
            "ᠸ": 5,
            "ᠣ": 1,
            "ᡦ": 1,
            "ᡥ": 3,
            "ᡵ": 2,
            "ᡤ": 4,
            "ᠠ": 4,
            "ᠨ": 1,
            "ᠩ": 1,
            "ᡝ": 2,
            "ᡠ": 1
        },
        "roman": {
            "H": 620,
            "Ū": 219,
            "B": 578,
            "A": 1475,
            "L": 451,
            "U": 639,
            "K": 407,
            "I": 1049,
            "Y": 147,
            "R": 420,
            "N": 603,
            "G": 625,
            "E": 1050,
            "T": 234,
            "C": 160,
            "M": 299,
            "Š": 135,
            "D": 234,
            "F": 146,
            "W": 51,
            "J": 143,
            "P": 6,
            "O": 317,
            "S": 228,
            "Z": 1
        }
    }
}