{
    "model_name": "crnn-base-3m",
    "checkpoint": 367500,
    "total_predictions": 1000,
    "manchu_word_accuracy": 0.994,
    "roman_word_accuracy": 0.0,
    "manchu_cer": 0.0007148809523809523,
    "roman_cer": 1.0,
    "manchu_f1_score": 0.9992851190476191,
    "roman_f1_score": 0.0,
    "inference_time": 3.7654988765716553,
    "frequent_error": {
        "manchu": {
            "ᠶ": 1,
            "ᠣ": 1,
            "ᡤ": 2,
            "ᡝ": 1,
            "ᡩ": 1,
            "ᡦ": 1,
            "ᠠ": 1
        },
        "roman": {
            "S": 223,
            "E": 985,
            "U": 656,
            "L": 428,
            "A": 1458,
            "B": 598,
            "H": 633,
            "K": 413,
            "Ū": 214,
            "G": 623,
            "W": 51,
            "Š": 138,
            "N": 605,
            "T": 230,
            "J": 146,
            "R": 388,
            "M": 294,
            "I": 1053,
            "Y": 160,
            "C": 185,
            "O": 321,
            "F": 139,
            "D": 198,
            "P": 9,
            "Z": 1
        }
    }
}