{
    "model_name": "crnn-base-3m",
    "checkpoint": 322500,
    "total_predictions": 1000,
    "manchu_word_accuracy": 0.992,
    "roman_word_accuracy": 0.0,
    "manchu_cer": 0.0007530525030525029,
    "roman_cer": 1.0,
    "manchu_f1_score": 0.9993576617826617,
    "roman_f1_score": 0.0,
    "inference_time": 4.378396511077881,
    "frequent_error": {
        "manchu": {
            "ᡤ": 3,
            "ᠸ": 1,
            "ᡳ": 1,
            "ᡮ": 1,
            "ᡝ": 4,
            "ᡥ": 2,
            "ᠠ": 2,
            "ᠩ": 1
        },
        "roman": {
            "B": 597,
            "O": 356,
            "L": 421,
            "I": 1073,
            "R": 428,
            "N": 619,
            "G": 618,
            "E": 1020,
            "Š": 138,
            "A": 1437,
            "U": 647,
            "M": 296,
            "K": 399,
            "D": 206,
            "H": 620,
            "Ū": 219,
            "T": 228,
            "S": 210,
            "W": 56,
            "C": 194,
            "J": 143,
            "Y": 155,
            "F": 132,
            "P": 6
        }
    }
}