{
    "model_name": "crnn-base-3m",
    "checkpoint": 202500,
    "total_predictions": 1000,
    "manchu_word_accuracy": 0.989,
    "roman_word_accuracy": 0.0,
    "manchu_cer": 0.001162959262959263,
    "roman_cer": 1.0,
    "manchu_f1_score": 0.9988716727716728,
    "roman_f1_score": 0.0,
    "inference_time": 3.7484989166259766,
    "frequent_error": {
        "manchu": {
            "ᡝ": 7,
            "ᠨ": 1,
            "ᡧ": 1,
            "ᡥ": 2,
            "ᠪ": 1,
            "ᡳ": 1,
            "ᡨ": 2,
            "ᡠ": 1,
            "ᠣ": 1,
            "ᡩ": 2,
            "ᡤ": 1
        },
        "roman": {
            "H": 599,
            "E": 1009,
            "T": 204,
            "U": 666,
            "M": 303,
            "B": 592,
            "L": 438,
            "P": 6,
            "I": 1095,
            "N": 646,
            "G": 655,
            "S": 228,
            "K": 397,
            "A": 1441,
            "Š": 152,
            "D": 210,
            "C": 205,
            "Y": 155,
            "R": 357,
            "Ū": 203,
            "W": 51,
            "O": 316,
            "J": 149,
            "F": 137
        }
    }
}