{
    "model_name": "crnn-base-3m",
    "checkpoint": 82500,
    "total_predictions": 1000,
    "manchu_word_accuracy": 0.987,
    "roman_word_accuracy": 0.0,
    "manchu_cer": 0.0019620342076224428,
    "roman_cer": 1.0,
    "manchu_f1_score": 0.998234286138698,
    "roman_f1_score": 0.0,
    "inference_time": 3.759955644607544,
    "frequent_error": {
        "manchu": {
            "ᡠ": 2,
            "ᡵ": 1,
            "ᠨ": 2,
            "ᡦ": 1,
            "ᠠ": 3,
            "ᠣ": 1,
            "ᡩ": 1,
            "ᠵ": 2,
            "ᡨ": 1,
            "ᡳ": 2,
            "ᡴ": 1,
            "ᡝ": 2,
            "ᡥ": 2,
            "ᠪ": 1
        },
        "roman": {
            "K": 459,
            "U": 642,
            "R": 379,
            "B": 602,
            "H": 634,
            "E": 1009,
            "N": 622,
            "C": 193,
            "A": 1468,
            "Ū": 229,
            "M": 283,
            "G": 616,
            "O": 342,
            "L": 420,
            "F": 136,
            "Y": 149,
            "J": 123,
            "D": 208,
            "I": 1086,
            "Š": 149,
            "W": 53,
            "T": 229,
            "S": 218,
            "P": 7
        }
    }
}