{
    "model_name": "crnn-base-3m",
    "checkpoint": 146250,
    "total_predictions": 1000,
    "manchu_word_accuracy": 0.985,
    "roman_word_accuracy": 0.0,
    "manchu_cer": 0.0016689615939615937,
    "roman_cer": 1.0,
    "manchu_f1_score": 0.9984306944087904,
    "roman_f1_score": 0.0,
    "inference_time": 3.7502968311309814,
    "frequent_error": {
        "manchu": {
            "ᡳ": 3,
            "ᡠ": 4,
            "ᠨ": 2,
            "ᠵ": 1,
            "ᠠ": 1,
            "ᠸ": 1,
            "ᡝ": 4,
            "ᡨ": 1,
            "ᡦ": 1,
            "ᡵ": 1,
            "ᠣ": 1,
            "ᠩ": 1,
            "ᡤ": 2,
            "ᡩ": 1
        },
        "roman": {
            "F": 134,
            "O": 361,
            "L": 455,
            "B": 606,
            "U": 631,
            "H": 621,
            "N": 616,
            "G": 627,
            "E": 1034,
            "M": 321,
            "I": 1094,
            "Š": 132,
            "K": 420,
            "Y": 140,
            "A": 1388,
            "S": 198,
            "Ū": 203,
            "R": 366,
            "W": 46,
            "D": 192,
            "T": 234,
            "J": 140,
            "C": 182,
            "P": 7
        }
    }
}