{
    "model_name": "qwen-25-3b",
    "checkpoint": 29000,
    "total_predictions": 218,
    "manchu_word_accuracy": 0.11467889908256881,
    "roman_word_accuracy": 0.11009174311926606,
    "manchu_cer": 0.5044383878099474,
    "roman_cer": 0.512906423342203,
    "manchu_f1_score": 0.6175891259212759,
    "roman_f1_score": 0.6139168485374497,
    "inference_time": 803.9945287441989,
    "frequent_error": {
        "manchu": {
            "ᠠ": 175,
            "ᠪ": 49,
            "ᡳ": 72,
            "ᠶ": 11,
            "ᠮ": 34,
            "ᡨ": 2,
            "ᠨ": 42,
            "ᡥ": 33,
            "ᡝ": 40,
            "ᡠ": 16,
            "ᡩ": 43,
            "ᠯ": 21,
            "ᠣ": 22,
            "ᡶ": 4,
            "ᠵ": 13,
            "ᡵ": 21,
            "ᡤ": 9,
            "ᡧ": 6,
            "ᡴ": 14,
            "ᡡ": 6,
            "ᠩ": 9,
            "ᠸ": 9,
            "ᠴ": 16,
            "ᠰ": 13,
            "ᡮ": 2
        },
        "roman": {
            "A": 183,
            "B": 49,
            "I": 73,
            "Y": 11,
            "M": 34,
            "T": 4,
            "N": 50,
            "H": 33,
            "E": 39,
            "U": 17,
            "D": 43,
            "L": 21,
            "O": 22,
            "F": 11,
            "J": 13,
            "R": 21,
            "G": 16,
            "Š": 6,
            "K": 15,
            "Ū": 6,
            "C": 16,
            "S": 16,
            "W": 1
        }
    }
}