{
    "model_name": "qwen-25-3b",
    "checkpoint": 48000,
    "total_predictions": 1000,
    "manchu_word_accuracy": 0.738,
    "roman_word_accuracy": 0.738,
    "manchu_cer": 0.059506692735369286,
    "roman_cer": 0.058686533564474834,
    "manchu_f1_score": 0.9526773189412064,
    "roman_f1_score": 0.9533500021403764,
    "inference_time": 711.2822484970093,
    "frequent_error": {
        "manchu": {
            "ᡠ": 41,
            "ᡡ": 32,
            "ᡵ": 48,
            "ᠮ": 33,
            "ᠩ": 35,
            "ᡤ": 54,
            "ᠣ": 71,
            "ᠰ": 15,
            "ᡳ": 107,
            "ᡩ": 14,
            "ᠠ": 142,
            "ᡝ": 101,
            "ᡥ": 62,
            "ᡧ": 18,
            "ᠯ": 36,
            "ᡨ": 26,
            "ᠨ": 36,
            "ᠸ": 11,
            "ᠪ": 45,
            "ᡴ": 44,
            "ᡦ": 1,
            "ᠵ": 14,
            "ᠴ": 26,
            "ᠶ": 9,
            "ᡶ": 4
        },
        "roman": {
            "U": 42,
            "Ū": 32,
            "R": 48,
            "M": 33,
            "N": 69,
            "G": 73,
            "O": 70,
            "S": 14,
            "I": 106,
            "D": 14,
            "A": 135,
            "E": 106,
            "H": 62,
            "Š": 18,
            "T": 26,
            "B": 47,
            "K": 44,
            "F": 12,
            "P": 1,
            "W": 3,
            "J": 15,
            "L": 36,
            "C": 26,
            "Y": 9
        }
    }
}