{
    "model_name": "qwen-25-3b",
    "checkpoint": 81000,
    "total_predictions": 1000,
    "manchu_word_accuracy": 0.819,
    "roman_word_accuracy": 0.819,
    "manchu_cer": 0.04023402708402711,
    "roman_cer": 0.040146298146298165,
    "manchu_f1_score": 0.9667871727472448,
    "roman_f1_score": 0.9670393113213605,
    "inference_time": 716.0281672477722,
    "frequent_error": {
        "manchu": {
            "ᡩ": 18,
            "ᠠ": 114,
            "ᡳ": 71,
            "ᠣ": 20,
            "ᠪ": 28,
            "ᡨ": 17,
            "ᠨ": 46,
            "ᠴ": 14,
            "ᡥ": 62,
            "ᡴ": 37,
            "ᠰ": 11,
            "ᡠ": 24,
            "ᡵ": 39,
            "ᡝ": 89,
            "ᡡ": 24,
            "ᠮ": 14,
            "ᠶ": 9,
            "ᠩ": 25,
            "ᡤ": 36,
            "ᡶ": 3,
            "ᠯ": 22,
            "ᠵ": 16,
            "ᡧ": 12,
            "ᡦ": 1,
            "ᠸ": 5,
            "ᡯ": 1
        },
        "roman": {
            "D": 19,
            "A": 116,
            "I": 72,
            "O": 20,
            "B": 29,
            "T": 18,
            "N": 68,
            "C": 14,
            "H": 62,
            "K": 36,
            "S": 11,
            "M": 16,
            "U": 24,
            "E": 89,
            "L": 23,
            "R": 39,
            "Ū": 23,
            "Y": 10,
            "G": 46,
            "J": 16,
            "Š": 12,
            "P": 1,
            "F": 7,
            "W": 2,
            "Z": 1
        }
    }
}