{
    "model_name": "qwen-25-3b",
    "checkpoint": 68000,
    "total_predictions": 1000,
    "manchu_word_accuracy": 0.798,
    "roman_word_accuracy": 0.797,
    "manchu_cer": 0.04681488372738375,
    "roman_cer": 0.046230118574236236,
    "manchu_f1_score": 0.9636834630683839,
    "roman_f1_score": 0.9641977364840506,
    "inference_time": 715.8202879428864,
    "frequent_error": {
        "manchu": {
            "ᠠ": 154,
            "ᡳ": 78,
            "ᠨ": 36,
            "ᡝ": 103,
            "ᠯ": 35,
            "ᡴ": 47,
            "ᠰ": 9,
            "ᠪ": 28,
            "ᡠ": 29,
            "ᡥ": 63,
            "ᠴ": 20,
            "ᡡ": 34,
            "ᡵ": 40,
            "ᡨ": 32,
            "ᠸ": 10,
            "ᠩ": 31,
            "ᡤ": 34,
            "ᠮ": 21,
            "ᠶ": 4,
            "ᡩ": 14,
            "ᠵ": 10,
            "ᡧ": 7,
            "ᠣ": 17,
            "ᡦ": 2,
            "ᡮ": 1,
            "ᡯ": 1,
            "ᡶ": 1
        },
        "roman": {
            "A": 156,
            "I": 80,
            "N": 67,
            "E": 100,
            "L": 33,
            "K": 48,
            "S": 10,
            "B": 27,
            "U": 28,
            "H": 64,
            "C": 20,
            "Ū": 36,
            "R": 41,
            "T": 33,
            "F": 11,
            "G": 53,
            "M": 20,
            "Y": 4,
            "D": 15,
            "Š": 8,
            "J": 10,
            "O": 17,
            "P": 2,
            "Z": 1
        }
    }
}