{
    "model_name": "qwen-25-3b",
    "checkpoint": 46000,
    "total_predictions": 218,
    "manchu_word_accuracy": 0.1743119266055046,
    "roman_word_accuracy": 0.1743119266055046,
    "manchu_cer": 0.4546675801262959,
    "roman_cer": 0.4516222182506587,
    "manchu_f1_score": 0.6830754130740642,
    "roman_f1_score": 0.6837706977948976,
    "inference_time": 935.3496120610369,
    "frequent_error": {
        "manchu": {
            "ᠠ": 165,
            "ᠯ": 14,
            "ᡵ": 21,
            "ᠩ": 8,
            "ᡤ": 8,
            "ᡝ": 32,
            "ᡴ": 16,
            "ᡩ": 32,
            "ᡠ": 17,
            "ᠨ": 36,
            "ᠮ": 24,
            "ᠪ": 30,
            "ᠣ": 23,
            "ᡥ": 20,
            "ᠵ": 14,
            "ᡶ": 4,
            "ᠸ": 11,
            "ᡳ": 75,
            "ᠶ": 8,
            "ᠴ": 15,
            "ᠰ": 14,
            "ᡮ": 2,
            "ᡡ": 6,
            "ᡧ": 5,
            "ᡨ": 2
        },
        "roman": {
            "A": 167,
            "L": 14,
            "R": 21,
            "N": 44,
            "G": 14,
            "E": 29,
            "K": 15,
            "D": 32,
            "U": 17,
            "M": 24,
            "B": 30,
            "O": 23,
            "H": 20,
            "J": 14,
            "I": 75,
            "F": 13,
            "Y": 8,
            "C": 15,
            "W": 1,
            "S": 16,
            "T": 4,
            "Ū": 6,
            "Š": 5
        }
    }
}