{
    "model_name": "qwen-25-3b",
    "checkpoint": 66000,
    "total_predictions": 1000,
    "manchu_word_accuracy": 0.752,
    "roman_word_accuracy": 0.751,
    "manchu_cer": 0.06384958481061431,
    "roman_cer": 0.06361633032000688,
    "manchu_f1_score": 0.9483541396152324,
    "roman_f1_score": 0.9484793942997685,
    "inference_time": 716.9378206729889,
    "frequent_error": {
        "manchu": {
            "ᡠ": 51,
            "ᡩ": 27,
            "ᠨ": 48,
            "ᡵ": 42,
            "ᠠ": 119,
            "ᡥ": 70,
            "ᡝ": 126,
            "ᡦ": 2,
            "ᡡ": 28,
            "ᡨ": 29,
            "ᡴ": 49,
            "ᠶ": 13,
            "ᡳ": 114,
            "ᠮ": 35,
            "ᠪ": 46,
            "ᠯ": 28,
            "ᠴ": 23,
            "ᠩ": 35,
            "ᡤ": 48,
            "ᡧ": 13,
            "ᠵ": 23,
            "ᠰ": 14,
            "ᠣ": 51,
            "ᠸ": 8,
            "ᡮ": 1,
            "ᡯ": 2,
            "ᡶ": 2
        },
        "roman": {
            "F": 14,
            "U": 51,
            "D": 29,
            "N": 83,
            "R": 42,
            "A": 116,
            "H": 69,
            "E": 126,
            "P": 2,
            "Ū": 26,
            "T": 30,
            "K": 48,
            "Y": 13,
            "I": 117,
            "M": 36,
            "B": 47,
            "L": 29,
            "O": 52,
            "C": 25,
            "G": 63,
            "Š": 13,
            "J": 23,
            "S": 15,
            "Z": 2
        }
    }
}