{
    "model_name": "qwen-25-3b",
    "checkpoint": 74000,
    "total_predictions": 218,
    "manchu_word_accuracy": 0.22477064220183487,
    "roman_word_accuracy": 0.22477064220183487,
    "manchu_cer": 0.41237125514648465,
    "roman_cer": 0.40690307399023024,
    "manchu_f1_score": 0.6763661804406546,
    "roman_f1_score": 0.678908318850305,
    "inference_time": 788.9397603656174,
    "frequent_error": {
        "manchu": {
            "ᡩ": 40,
            "ᠩ": 10,
            "ᠰ": 12,
            "ᡝ": 29,
            "ᠠ": 157,
            "ᠮ": 25,
            "ᡳ": 63,
            "ᠨ": 41,
            "ᠪ": 29,
            "ᡵ": 20,
            "ᡧ": 5,
            "ᠣ": 16,
            "ᠯ": 16,
            "ᡤ": 10,
            "ᡶ": 5,
            "ᠵ": 14,
            "ᡥ": 16,
            "ᡴ": 10,
            "ᠴ": 13,
            "ᠶ": 9,
            "ᡠ": 13,
            "ᡡ": 5,
            "ᠸ": 7,
            "ᡮ": 2,
            "ᡨ": 1
        },
        "roman": {
            "D": 40,
            "N": 52,
            "S": 14,
            "E": 30,
            "A": 159,
            "M": 25,
            "I": 64,
            "B": 29,
            "R": 20,
            "Š": 5,
            "O": 16,
            "L": 16,
            "G": 16,
            "F": 9,
            "J": 14,
            "H": 16,
            "K": 10,
            "C": 13,
            "Y": 9,
            "U": 14,
            "Ū": 5,
            "T": 3,
            "W": 2
        }
    }
}