{
    "model_name": "qwen-25-3b",
    "checkpoint": 18000,
    "total_predictions": 218,
    "manchu_word_accuracy": 0.1743119266055046,
    "roman_word_accuracy": 0.1743119266055046,
    "manchu_cer": 0.4231275732422521,
    "roman_cer": 0.42095777565961046,
    "manchu_f1_score": 0.6868846366071786,
    "roman_f1_score": 0.6875855442023118,
    "inference_time": 803.6794082834086,
    "frequent_error": {
        "manchu": {
            "ᠯ": 16,
            "ᡥ": 23,
            "ᡝ": 28,
            "ᠮ": 25,
            "ᠪ": 30,
            "ᡳ": 62,
            "ᠠ": 160,
            "ᠨ": 37,
            "ᠶ": 10,
            "ᡵ": 22,
            "ᠰ": 10,
            "ᡩ": 33,
            "ᡠ": 14,
            "ᡨ": 3,
            "ᡡ": 6,
            "ᡧ": 6,
            "ᠸ": 7,
            "ᡴ": 14,
            "ᠴ": 13,
            "ᡶ": 5,
            "ᠵ": 10,
            "ᡤ": 9,
            "ᠣ": 23,
            "ᠩ": 8,
            "ᡮ": 2
        },
        "roman": {
            "L": 16,
            "H": 23,
            "E": 27,
            "M": 24,
            "B": 30,
            "I": 63,
            "A": 164,
            "N": 50,
            "Y": 10,
            "R": 22,
            "S": 13,
            "D": 33,
            "U": 16,
            "T": 5,
            "Ū": 6,
            "Š": 6,
            "F": 10,
            "K": 13,
            "C": 13,
            "J": 12,
            "G": 13,
            "W": 1,
            "O": 23
        }
    }
}