{
    "model_name": "qwen-25-3b",
    "checkpoint": 90000,
    "total_predictions": 1000,
    "manchu_word_accuracy": 0.834,
    "roman_word_accuracy": 0.834,
    "manchu_cer": 0.0342237932818815,
    "roman_cer": 0.03397600202085495,
    "manchu_f1_score": 0.9716944712018649,
    "roman_f1_score": 0.9719816617257773,
    "inference_time": 718.6402077674866,
    "frequent_error": {
        "manchu": {
            "ᡩ": 11,
            "ᠣ": 21,
            "ᠪ": 33,
            "ᡳ": 75,
            "ᡥ": 59,
            "ᡝ": 81,
            "ᠶ": 6,
            "ᡧ": 7,
            "ᠠ": 80,
            "ᡠ": 23,
            "ᠨ": 39,
            "ᡴ": 24,
            "ᠯ": 16,
            "ᠮ": 21,
            "ᡵ": 24,
            "ᠰ": 9,
            "ᡤ": 19,
            "ᠩ": 10,
            "ᠴ": 14,
            "ᡨ": 13,
            "ᠵ": 11,
            "ᠸ": 6,
            "ᡶ": 3,
            "ᡡ": 13
        },
        "roman": {
            "D": 11,
            "O": 21,
            "B": 33,
            "I": 75,
            "H": 59,
            "E": 80,
            "Y": 6,
            "Š": 7,
            "A": 80,
            "U": 23,
            "N": 49,
            "K": 24,
            "L": 16,
            "M": 21,
            "R": 24,
            "S": 9,
            "G": 23,
            "C": 14,
            "T": 13,
            "J": 11,
            "F": 9,
            "Ū": 13,
            "W": 1
        }
    }
}