{
    "model_name": "qwen-25-3b",
    "checkpoint": 4000,
    "total_predictions": 218,
    "manchu_word_accuracy": 0.06422018348623854,
    "roman_word_accuracy": 0.06422018348623854,
    "manchu_cer": 0.5564403868302947,
    "roman_cer": 0.5538448045328775,
    "manchu_f1_score": 0.5457073546153844,
    "roman_f1_score": 0.5477804014941517,
    "inference_time": 767.2421768170977,
    "frequent_error": {
        "manchu": {
            "ᡩ": 52,
            "ᡠ": 15,
            "ᡳ": 81,
            "ᠨ": 45,
            "ᠴ": 16,
            "ᠪ": 45,
            "ᠠ": 200,
            "ᠵ": 10,
            "ᡵ": 27,
            "ᡝ": 44,
            "ᠸ": 12,
            "ᡴ": 16,
            "ᠮ": 34,
            "ᠣ": 22,
            "ᠰ": 17,
            "ᡥ": 29,
            "ᡨ": 4,
            "ᠯ": 19,
            "ᡡ": 7,
            "ᠩ": 10,
            "ᠶ": 6,
            "ᡶ": 6,
            "ᡤ": 12,
            "ᡧ": 5,
            "ᡮ": 2
        },
        "roman": {
            "D": 52,
            "U": 16,
            "I": 81,
            "N": 57,
            "C": 16,
            "B": 45,
            "A": 203,
            "J": 12,
            "R": 27,
            "E": 43,
            "F": 17,
            "K": 16,
            "M": 34,
            "O": 22,
            "S": 19,
            "H": 29,
            "T": 6,
            "L": 19,
            "Ū": 7,
            "G": 20,
            "Y": 6,
            "Š": 5
        }
    }
}