{
    "model_name": "qwen-25-3b",
    "checkpoint": 24000,
    "total_predictions": 1000,
    "manchu_word_accuracy": 0.586,
    "roman_word_accuracy": 0.584,
    "manchu_cer": 0.10304038567641526,
    "roman_cer": 0.10308140560419997,
    "manchu_f1_score": 0.9172850348224878,
    "roman_f1_score": 0.9176338740327676,
    "inference_time": 712.8222727775574,
    "frequent_error": {
        "manchu": {
            "ᠠ": 293,
            "ᡥ": 119,
            "ᡴ": 81,
            "ᡧ": 29,
            "ᠴ": 37,
            "ᡳ": 200,
            "ᠣ": 83,
            "ᡵ": 80,
            "ᠸ": 25,
            "ᠶ": 29,
            "ᠨ": 79,
            "ᠮ": 49,
            "ᠪ": 80,
            "ᡨ": 35,
            "ᡠ": 65,
            "ᡝ": 171,
            "ᠯ": 56,
            "ᠩ": 52,
            "ᡤ": 74,
            "ᡩ": 34,
            "ᡡ": 46,
            "ᠰ": 11,
            "ᠵ": 23,
            "ᡶ": 9,
            "ᡦ": 2,
            "ᡯ": 1
        },
        "roman": {
            "A": 293,
            "H": 121,
            "K": 81,
            "Š": 30,
            "E": 180,
            "I": 202,
            "C": 37,
            "O": 85,
            "R": 80,
            "F": 30,
            "Y": 29,
            "N": 132,
            "M": 51,
            "B": 82,
            "T": 35,
            "U": 68,
            "L": 56,
            "G": 98,
            "D": 35,
            "W": 6,
            "Ū": 46,
            "S": 12,
            "J": 24,
            "P": 2,
            "Z": 1
        }
    }
}