{
    "model_name": "qwen-25-3b",
    "checkpoint": 106000,
    "total_predictions": 218,
    "manchu_word_accuracy": 0.25229357798165136,
    "roman_word_accuracy": 0.25229357798165136,
    "manchu_cer": 0.35511504295907953,
    "roman_cer": 0.351893111984855,
    "manchu_f1_score": 0.7162178679987643,
    "roman_f1_score": 0.7181774245390861,
    "inference_time": 822.1813527815932,
    "frequent_error": {
        "manchu": {
            "ᠠ": 145,
            "ᠪ": 28,
            "ᠨ": 32,
            "ᠵ": 14,
            "ᡳ": 63,
            "ᠮ": 25,
            "ᠯ": 14,
            "ᠣ": 15,
            "ᠴ": 11,
            "ᡩ": 31,
            "ᠰ": 11,
            "ᡵ": 21,
            "ᡥ": 16,
            "ᡝ": 28,
            "ᡴ": 8,
            "ᡡ": 4,
            "ᡠ": 13,
            "ᠩ": 8,
            "ᡤ": 7,
            "ᡮ": 2,
            "ᠶ": 10,
            "ᡶ": 4,
            "ᡧ": 5,
            "ᠸ": 8,
            "ᡨ": 1
        },
        "roman": {
            "A": 144,
            "B": 28,
            "N": 40,
            "J": 14,
            "I": 64,
            "M": 25,
            "L": 14,
            "O": 15,
            "C": 11,
            "D": 31,
            "S": 13,
            "R": 21,
            "H": 16,
            "E": 28,
            "K": 8,
            "Ū": 4,
            "U": 14,
            "G": 11,
            "T": 3,
            "Y": 10,
            "Š": 5,
            "F": 10,
            "W": 1
        }
    }
}