{
    "model_name": "qwen-25-3b",
    "checkpoint": 74000,
    "total_predictions": 1000,
    "manchu_word_accuracy": 0.816,
    "roman_word_accuracy": 0.814,
    "manchu_cer": 0.037106948280477725,
    "roman_cer": 0.03709829059829061,
    "manchu_f1_score": 0.9700008213915469,
    "roman_f1_score": 0.9700489354267343,
    "inference_time": 715.4574995040894,
    "frequent_error": {
        "manchu": {
            "ᡩ": 15,
            "ᠠ": 111,
            "ᠨ": 39,
            "ᠸ": 5,
            "ᡥ": 68,
            "ᡝ": 106,
            "ᠪ": 40,
            "ᡳ": 67,
            "ᠩ": 23,
            "ᡤ": 28,
            "ᠯ": 34,
            "ᡦ": 3,
            "ᡨ": 24,
            "ᠰ": 10,
            "ᠮ": 25,
            "ᡵ": 41,
            "ᠴ": 13,
            "ᠣ": 23,
            "ᡴ": 26,
            "ᡡ": 26,
            "ᡧ": 16,
            "ᡠ": 30,
            "ᠵ": 14,
            "ᡯ": 1,
            "ᡶ": 3,
            "ᠶ": 3
        },
        "roman": {
            "D": 16,
            "A": 114,
            "N": 61,
            "F": 7,
            "H": 70,
            "E": 106,
            "B": 40,
            "I": 67,
            "G": 34,
            "L": 33,
            "P": 3,
            "T": 25,
            "W": 2,
            "S": 10,
            "M": 26,
            "R": 41,
            "C": 13,
            "U": 29,
            "O": 23,
            "K": 28,
            "Ū": 26,
            "Š": 16,
            "J": 14,
            "Z": 1,
            "Y": 3
        }
    }
}