{
    "model_name": "qwen-25-3b",
    "checkpoint": 93000,
    "total_predictions": 1000,
    "manchu_word_accuracy": 0.827,
    "roman_word_accuracy": 0.827,
    "manchu_cer": 0.03997525807525809,
    "roman_cer": 0.03967175691955104,
    "manchu_f1_score": 0.9676001502505182,
    "roman_f1_score": 0.9677954173991544,
    "inference_time": 722.3764524459839,
    "frequent_error": {
        "manchu": {
            "ᠴ": 16,
            "ᡵ": 34,
            "ᠣ": 26,
            "ᠩ": 30,
            "ᡤ": 33,
            "ᡝ": 92,
            "ᠠ": 107,
            "ᠨ": 43,
            "ᠵ": 16,
            "ᡴ": 32,
            "ᡳ": 82,
            "ᡩ": 11,
            "ᡥ": 46,
            "ᡧ": 9,
            "ᠪ": 28,
            "ᡠ": 35,
            "ᠯ": 22,
            "ᡨ": 27,
            "ᠸ": 15,
            "ᠮ": 14,
            "ᡡ": 18,
            "ᠶ": 13,
            "ᠰ": 7,
            "ᡦ": 1,
            "ᡶ": 1
        },
        "roman": {
            "C": 17,
            "R": 34,
            "O": 28,
            "N": 74,
            "G": 45,
            "E": 93,
            "A": 111,
            "J": 16,
            "K": 32,
            "I": 85,
            "H": 47,
            "Š": 10,
            "B": 29,
            "U": 38,
            "L": 23,
            "T": 29,
            "W": 6,
            "M": 14,
            "D": 10,
            "Ū": 18,
            "F": 12,
            "Y": 14,
            "S": 7,
            "P": 1
        }
    }
}