{
    "model_name": "qwen-25-3b",
    "checkpoint": 37000,
    "total_predictions": 1000,
    "manchu_word_accuracy": 0.717,
    "roman_word_accuracy": 0.713,
    "manchu_cer": 0.07167100538350545,
    "roman_cer": 0.07113892814701646,
    "manchu_f1_score": 0.9409995691386531,
    "roman_f1_score": 0.9416132546594278,
    "inference_time": 707.9439537525177,
    "frequent_error": {
        "manchu": {
            "ᠣ": 51,
            "ᠴ": 31,
            "ᡝ": 126,
            "ᡵ": 42,
            "ᠠ": 183,
            "ᡴ": 53,
            "ᡡ": 26,
            "ᡳ": 137,
            "ᠨ": 56,
            "ᡶ": 5,
            "ᠯ": 45,
            "ᡩ": 13,
            "ᡠ": 45,
            "ᠸ": 13,
            "ᠪ": 54,
            "ᡥ": 91,
            "ᠮ": 38,
            "ᡨ": 34,
            "ᠵ": 21,
            "ᠰ": 13,
            "ᠶ": 16,
            "ᠩ": 28,
            "ᡤ": 34,
            "ᡧ": 16,
            "ᡦ": 3
        },
        "roman": {
            "O": 51,
            "C": 32,
            "E": 130,
            "R": 42,
            "A": 186,
            "K": 53,
            "Ū": 25,
            "I": 140,
            "N": 83,
            "L": 49,
            "D": 13,
            "U": 47,
            "W": 9,
            "B": 55,
            "H": 91,
            "M": 38,
            "T": 36,
            "J": 21,
            "S": 13,
            "Y": 16,
            "G": 55,
            "F": 9,
            "Š": 16,
            "P": 3
        }
    }
}