{
    "model_name": "qwen-25-3b",
    "checkpoint": 22500,
    "total_predictions": 1000,
    "manchu_word_accuracy": 0.785,
    "roman_word_accuracy": 0.784,
    "manchu_cer": 0.04920507588816419,
    "roman_cer": 0.047959708020737485,
    "manchu_f1_score": 0.9602775233515416,
    "roman_f1_score": 0.9611294876253903,
    "inference_time": 710.37287068367,
    "frequent_error": {
        "manchu": {
            "ᠣ": 28,
            "ᡩ": 17,
            "ᡨ": 16,
            "ᡳ": 80,
            "ᠰ": 13,
            "ᠠ": 123,
            "ᠪ": 31,
            "ᠩ": 30,
            "ᡤ": 41,
            "ᠵ": 12,
            "ᡠ": 37,
            "ᡝ": 86,
            "ᠴ": 24,
            "ᡥ": 49,
            "ᠨ": 38,
            "ᠮ": 22,
            "ᠯ": 30,
            "ᡴ": 43,
            "ᡵ": 36,
            "ᡧ": 13,
            "ᡡ": 26,
            "ᠸ": 8,
            "ᡦ": 3,
            "ᡶ": 2,
            "ᠶ": 6,
            "ᡯ": 1
        },
        "roman": {
            "O": 28,
            "D": 18,
            "T": 18,
            "I": 84,
            "S": 13,
            "A": 131,
            "B": 31,
            "N": 68,
            "G": 53,
            "J": 12,
            "U": 38,
            "E": 86,
            "C": 24,
            "H": 51,
            "M": 22,
            "L": 30,
            "K": 46,
            "R": 37,
            "Š": 14,
            "Ū": 28,
            "F": 6,
            "W": 2,
            "P": 3,
            "Y": 6,
            "Z": 1
        }
    }
}