{
    "model_name": "qwen-25-3b",
    "checkpoint": 62000,
    "total_predictions": 218,
    "manchu_word_accuracy": 0.18807339449541285,
    "roman_word_accuracy": 0.18807339449541285,
    "manchu_cer": 0.42840098230006496,
    "roman_cer": 0.42947677959145864,
    "manchu_f1_score": 0.6705058493104906,
    "roman_f1_score": 0.6709136054926664,
    "inference_time": 784.721793384727,
    "frequent_error": {
        "manchu": {
            "ᠠ": 172,
            "ᠮ": 27,
            "ᠪ": 34,
            "ᠸ": 13,
            "ᡳ": 71,
            "ᠴ": 16,
            "ᡩ": 34,
            "ᠰ": 11,
            "ᡝ": 34,
            "ᡨ": 4,
            "ᠯ": 16,
            "ᡵ": 20,
            "ᡴ": 9,
            "ᡡ": 4,
            "ᠣ": 12,
            "ᡠ": 15,
            "ᡥ": 16,
            "ᠨ": 31,
            "ᠶ": 8,
            "ᡤ": 11,
            "ᡶ": 6,
            "ᠵ": 14,
            "ᠩ": 9,
            "ᡮ": 2,
            "ᡧ": 4
        },
        "roman": {
            "A": 175,
            "M": 27,
            "B": 34,
            "F": 17,
            "I": 72,
            "C": 16,
            "D": 34,
            "S": 14,
            "E": 34,
            "T": 6,
            "L": 16,
            "R": 20,
            "K": 9,
            "Ū": 4,
            "O": 13,
            "U": 16,
            "H": 16,
            "N": 44,
            "Y": 8,
            "G": 18,
            "J": 14,
            "Š": 4,
            "W": 1
        }
    }
}