{
    "model_name": "qwen-25-3b",
    "checkpoint": 68000,
    "total_predictions": 218,
    "manchu_word_accuracy": 0.1559633027522936,
    "roman_word_accuracy": 0.1559633027522936,
    "manchu_cer": 0.46618329427962457,
    "roman_cer": 0.46630707467863436,
    "manchu_f1_score": 0.6569160519578758,
    "roman_f1_score": 0.6587264207879423,
    "inference_time": 799.0079538537822,
    "frequent_error": {
        "manchu": {
            "ᠠ": 161,
            "ᠯ": 19,
            "ᠨ": 41,
            "ᠵ": 14,
            "ᠮ": 28,
            "ᡝ": 34,
            "ᠪ": 42,
            "ᠰ": 12,
            "ᡩ": 41,
            "ᡳ": 78,
            "ᡠ": 13,
            "ᡵ": 23,
            "ᡥ": 16,
            "ᠣ": 25,
            "ᠩ": 8,
            "ᡤ": 9,
            "ᠸ": 9,
            "ᡮ": 2,
            "ᠶ": 10,
            "ᡧ": 4,
            "ᠴ": 13,
            "ᡡ": 3,
            "ᡨ": 2,
            "ᡴ": 7,
            "ᡶ": 5
        },
        "roman": {
            "A": 163,
            "L": 19,
            "N": 49,
            "J": 14,
            "M": 27,
            "E": 35,
            "B": 42,
            "S": 14,
            "D": 41,
            "I": 77,
            "U": 13,
            "R": 23,
            "H": 16,
            "O": 25,
            "G": 14,
            "F": 12,
            "T": 4,
            "Y": 10,
            "Š": 4,
            "C": 13,
            "Ū": 3,
            "K": 7,
            "W": 1
        }
    }
}