{
    "model_name": "qwen-25-3b",
    "checkpoint": 10000,
    "total_predictions": 1000,
    "manchu_word_accuracy": 0.605,
    "roman_word_accuracy": 0.603,
    "manchu_cer": 0.09999802411640661,
    "roman_cer": 0.10039994522591289,
    "manchu_f1_score": 0.9182367589142383,
    "roman_f1_score": 0.9185479989483222,
    "inference_time": 711.1166024208069,
    "frequent_error": {
        "manchu": {
            "ᡴ": 89,
            "ᠨ": 77,
            "ᡳ": 187,
            "ᠪ": 64,
            "ᡠ": 64,
            "ᡥ": 118,
            "ᠠ": 261,
            "ᠶ": 29,
            "ᡝ": 187,
            "ᠯ": 57,
            "ᠣ": 80,
            "ᡧ": 31,
            "ᠮ": 36,
            "ᡨ": 47,
            "ᠵ": 32,
            "ᡵ": 76,
            "ᠸ": 19,
            "ᡩ": 28,
            "ᡡ": 65,
            "ᠩ": 61,
            "ᡤ": 78,
            "ᡶ": 8,
            "ᠰ": 13,
            "ᠴ": 35,
            "ᡦ": 3,
            "ᡯ": 1
        },
        "roman": {
            "K": 89,
            "N": 138,
            "I": 187,
            "B": 61,
            "U": 64,
            "H": 115,
            "A": 258,
            "Y": 28,
            "E": 193,
            "L": 58,
            "O": 80,
            "Š": 32,
            "M": 35,
            "T": 48,
            "C": 36,
            "J": 32,
            "R": 77,
            "W": 5,
            "D": 29,
            "Ū": 65,
            "G": 109,
            "F": 24,
            "S": 13,
            "P": 3,
            "Z": 1
        }
    }
}