{
    "model_name": "qwen-25-3b",
    "checkpoint": 27000,
    "total_predictions": 1000,
    "manchu_word_accuracy": 0.669,
    "roman_word_accuracy": 0.66,
    "manchu_cer": 0.08316926039646631,
    "roman_cer": 0.08479594467709797,
    "manchu_f1_score": 0.9336789222102334,
    "roman_f1_score": 0.9334460106440058,
    "inference_time": 710.4595038890839,
    "frequent_error": {
        "manchu": {
            "ᠸ": 22,
            "ᡳ": 121,
            "ᠠ": 193,
            "ᡥ": 99,
            "ᠩ": 46,
            "ᡤ": 62,
            "ᡝ": 180,
            "ᠨ": 68,
            "ᠵ": 27,
            "ᠮ": 41,
            "ᠪ": 59,
            "ᡵ": 72,
            "ᡠ": 76,
            "ᡴ": 61,
            "ᡡ": 40,
            "ᡧ": 17,
            "ᠰ": 19,
            "ᠯ": 45,
            "ᠶ": 11,
            "ᡶ": 4,
            "ᠣ": 43,
            "ᡨ": 32,
            "ᠴ": 28,
            "ᡩ": 23,
            "ᡯ": 1,
            "ᡦ": 1
        },
        "roman": {
            "F": 21,
            "I": 130,
            "A": 201,
            "H": 99,
            "N": 113,
            "G": 84,
            "E": 181,
            "J": 27,
            "M": 40,
            "B": 62,
            "R": 78,
            "U": 78,
            "K": 63,
            "Ū": 40,
            "Š": 15,
            "S": 21,
            "L": 51,
            "Y": 11,
            "O": 44,
            "T": 36,
            "C": 29,
            "D": 26,
            "W": 6,
            "Z": 1,
            "P": 1
        }
    }
}