{
    "model_name": "qwen-25-3b",
    "checkpoint": 54000,
    "total_predictions": 218,
    "manchu_word_accuracy": 0.20642201834862386,
    "roman_word_accuracy": 0.20642201834862386,
    "manchu_cer": 0.4415265035677881,
    "roman_cer": 0.43863768749089854,
    "manchu_f1_score": 0.6790151549595695,
    "roman_f1_score": 0.6814611903656697,
    "inference_time": 875.2011509116636,
    "frequent_error": {
        "manchu": {
            "ᡳ": 72,
            "ᠯ": 19,
            "ᠠ": 165,
            "ᠴ": 16,
            "ᡵ": 22,
            "ᠪ": 26,
            "ᡥ": 19,
            "ᠮ": 25,
            "ᠨ": 29,
            "ᠶ": 8,
            "ᠣ": 20,
            "ᠸ": 10,
            "ᠰ": 11,
            "ᠵ": 15,
            "ᡝ": 35,
            "ᡩ": 34,
            "ᡴ": 9,
            "ᡠ": 15,
            "ᠩ": 7,
            "ᡤ": 8,
            "ᡨ": 1,
            "ᡶ": 5,
            "ᡮ": 2,
            "ᡧ": 5,
            "ᡡ": 4
        },
        "roman": {
            "I": 72,
            "L": 19,
            "A": 167,
            "C": 16,
            "R": 22,
            "B": 26,
            "H": 19,
            "M": 26,
            "N": 35,
            "Y": 8,
            "O": 20,
            "F": 13,
            "S": 13,
            "J": 15,
            "E": 35,
            "D": 33,
            "K": 9,
            "U": 16,
            "G": 15,
            "T": 3,
            "Š": 5,
            "Ū": 4,
            "W": 1
        }
    }
}