{
    "model_name": "qwen-25-3b",
    "checkpoint": 103000,
    "total_predictions": 1000,
    "manchu_word_accuracy": 0.839,
    "roman_word_accuracy": 0.839,
    "manchu_cer": 0.04055990537240539,
    "roman_cer": 0.04088048520107346,
    "manchu_f1_score": 0.9680092061631694,
    "roman_f1_score": 0.9677315617563171,
    "inference_time": 723.7399299144745,
    "frequent_error": {
        "manchu": {
            "ᡳ": 59,
            "ᠴ": 12,
            "ᡧ": 8,
            "ᠠ": 89,
            "ᠮ": 16,
            "ᡝ": 88,
            "ᠰ": 6,
            "ᡵ": 35,
            "ᡥ": 63,
            "ᡩ": 9,
            "ᠩ": 21,
            "ᡤ": 27,
            "ᠨ": 29,
            "ᡡ": 29,
            "ᡠ": 32,
            "ᡴ": 27,
            "ᡮ": 1,
            "ᠶ": 10,
            "ᠯ": 21,
            "ᠣ": 28,
            "ᠪ": 34,
            "ᡶ": 5,
            "ᠸ": 5,
            "ᠵ": 10,
            "ᡨ": 16,
            "ᡦ": 1
        },
        "roman": {
            "F": 11,
            "I": 60,
            "C": 12,
            "Š": 8,
            "A": 86,
            "M": 16,
            "E": 87,
            "S": 7,
            "R": 35,
            "H": 61,
            "D": 9,
            "N": 49,
            "G": 38,
            "Ū": 29,
            "U": 32,
            "K": 27,
            "T": 17,
            "Y": 10,
            "L": 21,
            "O": 28,
            "B": 33,
            "W": 3,
            "J": 10,
            "P": 1
        }
    }
}