{
    "model_name": "qwen-25-3b",
    "checkpoint": 71000,
    "total_predictions": 218,
    "manchu_word_accuracy": 0.23853211009174313,
    "roman_word_accuracy": 0.23853211009174313,
    "manchu_cer": 0.36065835286018794,
    "roman_cer": 0.35870153037584246,
    "manchu_f1_score": 0.7163830458083027,
    "roman_f1_score": 0.7185239349904763,
    "inference_time": 782.8407582886722,
    "frequent_error": {
        "manchu": {
            "ᡠ": 13,
            "ᠵ": 14,
            "ᡳ": 71,
            "ᡥ": 19,
            "ᡝ": 33,
            "ᡩ": 27,
            "ᠠ": 146,
            "ᠮ": 29,
            "ᠴ": 15,
            "ᡤ": 8,
            "ᠪ": 30,
            "ᠰ": 9,
            "ᠨ": 40,
            "ᠩ": 8,
            "ᠣ": 13,
            "ᡵ": 20,
            "ᡶ": 4,
            "ᡧ": 4,
            "ᠸ": 10,
            "ᡨ": 2,
            "ᠯ": 17,
            "ᡴ": 11,
            "ᡡ": 5,
            "ᠶ": 8,
            "ᡮ": 2
        },
        "roman": {
            "U": 14,
            "J": 14,
            "I": 70,
            "H": 19,
            "E": 33,
            "D": 27,
            "A": 147,
            "M": 29,
            "C": 15,
            "G": 14,
            "B": 30,
            "S": 12,
            "N": 47,
            "O": 13,
            "R": 20,
            "Š": 4,
            "F": 12,
            "T": 4,
            "L": 17,
            "K": 11,
            "Ū": 5,
            "Y": 8,
            "W": 1
        }
    }
}