{
    "model_name": "qwen-25-3b",
    "checkpoint": 33000,
    "total_predictions": 218,
    "manchu_word_accuracy": 0.17889908256880735,
    "roman_word_accuracy": 0.17889908256880735,
    "manchu_cer": 0.4397939089452851,
    "roman_cer": 0.4334574446959768,
    "manchu_f1_score": 0.6637327758887394,
    "roman_f1_score": 0.666063682493299,
    "inference_time": 794.7742534339975,
    "frequent_error": {
        "manchu": {
            "ᡳ": 65,
            "ᠨ": 34,
            "ᡝ": 32,
            "ᠩ": 8,
            "ᠣ": 18,
            "ᡥ": 18,
            "ᠠ": 164,
            "ᡶ": 5,
            "ᡧ": 5,
            "ᠮ": 25,
            "ᠪ": 30,
            "ᠯ": 17,
            "ᡨ": 3,
            "ᡵ": 24,
            "ᡴ": 12,
            "ᡡ": 4,
            "ᠰ": 12,
            "ᡤ": 11,
            "ᡠ": 11,
            "ᠴ": 16,
            "ᠶ": 7,
            "ᡩ": 24,
            "ᠵ": 13,
            "ᠸ": 12,
            "ᡮ": 2
        },
        "roman": {
            "I": 66,
            "N": 44,
            "E": 31,
            "G": 18,
            "K": 13,
            "O": 18,
            "H": 18,
            "A": 163,
            "Š": 5,
            "M": 24,
            "B": 30,
            "L": 17,
            "T": 5,
            "R": 24,
            "Ū": 4,
            "S": 15,
            "U": 12,
            "C": 16,
            "Y": 7,
            "D": 24,
            "F": 15,
            "J": 13,
            "W": 1
        }
    }
}