{
    "model_name": "qwen-25-3b",
    "checkpoint": 60000,
    "total_predictions": 218,
    "manchu_word_accuracy": 0.22018348623853212,
    "roman_word_accuracy": 0.22018348623853212,
    "manchu_cer": 0.402568939724903,
    "roman_cer": 0.40293482002197584,
    "manchu_f1_score": 0.6835584997399409,
    "roman_f1_score": 0.6868563915578714,
    "inference_time": 789.2876338521274,
    "frequent_error": {
        "manchu": {
            "ᠠ": 155,
            "ᡴ": 13,
            "ᠨ": 30,
            "ᡳ": 68,
            "ᡩ": 31,
            "ᡥ": 24,
            "ᠶ": 10,
            "ᠪ": 32,
            "ᠣ": 18,
            "ᡝ": 26,
            "ᠰ": 8,
            "ᠮ": 23,
            "ᡨ": 4,
            "ᡵ": 21,
            "ᡡ": 5,
            "ᡠ": 17,
            "ᠴ": 13,
            "ᠵ": 13,
            "ᠸ": 11,
            "ᡧ": 4,
            "ᡤ": 7,
            "ᠩ": 7,
            "ᡶ": 5,
            "ᠯ": 10,
            "ᡮ": 2
        },
        "roman": {
            "A": 158,
            "K": 13,
            "N": 36,
            "I": 67,
            "D": 31,
            "H": 25,
            "Y": 10,
            "B": 32,
            "O": 18,
            "E": 27,
            "S": 11,
            "M": 23,
            "T": 6,
            "R": 21,
            "Ū": 5,
            "U": 17,
            "C": 13,
            "J": 13,
            "F": 14,
            "Š": 4,
            "G": 13,
            "L": 10,
            "W": 1
        }
    }
}