{
    "model_name": "qwen-25-3b",
    "checkpoint": 26000,
    "total_predictions": 1000,
    "manchu_word_accuracy": 0.646,
    "roman_word_accuracy": 0.643,
    "manchu_cer": 0.08149381066130307,
    "roman_cer": 0.08261078159886225,
    "manchu_f1_score": 0.9337031195054866,
    "roman_f1_score": 0.9332322428866008,
    "inference_time": 710.9560279846191,
    "frequent_error": {
        "manchu": {
            "ᡳ": 152,
            "ᠯ": 63,
            "ᠠ": 230,
            "ᡩ": 26,
            "ᡵ": 51,
            "ᡴ": 62,
            "ᡡ": 40,
            "ᡥ": 104,
            "ᠪ": 57,
            "ᠣ": 37,
            "ᡝ": 153,
            "ᡠ": 68,
            "ᠵ": 25,
            "ᠰ": 14,
            "ᠩ": 39,
            "ᡤ": 52,
            "ᡧ": 21,
            "ᠴ": 37,
            "ᡨ": 42,
            "ᠮ": 38,
            "ᠨ": 68,
            "ᠶ": 15,
            "ᠸ": 13,
            "ᡶ": 5,
            "ᡯ": 1,
            "ᡦ": 3,
            "᠋": 1
        },
        "roman": {
            "I": 154,
            "L": 64,
            "A": 233,
            "D": 26,
            "R": 53,
            "K": 65,
            "Ū": 41,
            "H": 108,
            "B": 57,
            "O": 41,
            "E": 153,
            "U": 71,
            "J": 25,
            "S": 14,
            "N": 110,
            "G": 70,
            "Š": 22,
            "C": 38,
            "T": 43,
            "M": 38,
            "Y": 15,
            "W": 6,
            "F": 17,
            "Z": 1,
            "P": 3,
            "'": 1
        }
    }
}