{
    "model_name": "qwen-25-3b",
    "checkpoint": 23000,
    "total_predictions": 218,
    "manchu_word_accuracy": 0.1651376146788991,
    "roman_word_accuracy": 0.1651376146788991,
    "manchu_cer": 0.45760587526642565,
    "roman_cer": 0.46244241232773337,
    "manchu_f1_score": 0.6511615915883966,
    "roman_f1_score": 0.6496054866931119,
    "inference_time": 796.6605873282896,
    "frequent_error": {
        "manchu": {
            "ᠠ": 165,
            "ᠯ": 15,
            "ᡵ": 23,
            "ᠩ": 6,
            "ᡤ": 9,
            "ᡝ": 35,
            "ᡳ": 74,
            "ᠰ": 11,
            "ᠴ": 14,
            "ᡠ": 18,
            "ᡥ": 22,
            "ᡴ": 12,
            "ᡡ": 5,
            "ᠮ": 25,
            "ᠪ": 34,
            "ᠶ": 11,
            "ᠵ": 12,
            "ᡩ": 40,
            "ᠸ": 10,
            "ᠨ": 28,
            "ᠣ": 24,
            "ᡶ": 4,
            "ᡧ": 6,
            "ᡨ": 2,
            "ᡮ": 2
        },
        "roman": {
            "A": 172,
            "L": 15,
            "R": 23,
            "N": 37,
            "G": 12,
            "E": 35,
            "I": 76,
            "S": 14,
            "C": 14,
            "U": 18,
            "H": 23,
            "K": 13,
            "Ū": 5,
            "M": 25,
            "B": 34,
            "Y": 11,
            "J": 12,
            "D": 40,
            "F": 11,
            "O": 24,
            "Š": 6,
            "T": 4,
            "W": 2
        }
    }
}