{
    "model_name": "qwen-25-3b",
    "checkpoint": 91000,
    "total_predictions": 218,
    "manchu_word_accuracy": 0.22477064220183487,
    "roman_word_accuracy": 0.22477064220183487,
    "manchu_cer": 0.36420793783179084,
    "roman_cer": 0.3624695513456981,
    "manchu_f1_score": 0.7121969144365261,
    "roman_f1_score": 0.7131410019163167,
    "inference_time": 783.0517095163328,
    "frequent_error": {
        "manchu": {
            "ᡤ": 8,
            "ᠠ": 137,
            "ᠨ": 30,
            "ᡳ": 64,
            "ᠶ": 10,
            "ᠪ": 29,
            "ᡴ": 8,
            "ᠮ": 23,
            "ᡡ": 4,
            "ᠣ": 19,
            "ᡵ": 21,
            "ᡩ": 33,
            "ᡝ": 27,
            "ᠩ": 8,
            "ᠰ": 12,
            "ᠵ": 13,
            "ᠸ": 7,
            "ᠯ": 16,
            "ᡥ": 18,
            "ᡠ": 10,
            "ᡶ": 4,
            "ᠴ": 11,
            "ᡧ": 5,
            "ᡨ": 2,
            "ᡮ": 2
        },
        "roman": {
            "G": 13,
            "A": 136,
            "N": 38,
            "I": 65,
            "Y": 10,
            "B": 29,
            "K": 8,
            "M": 23,
            "Ū": 4,
            "O": 19,
            "R": 21,
            "D": 33,
            "E": 27,
            "S": 14,
            "J": 13,
            "W": 1,
            "L": 16,
            "H": 18,
            "U": 11,
            "F": 9,
            "C": 11,
            "Š": 5,
            "T": 4
        }
    }
}