{
    "model_name": "qwen-25-3b",
    "checkpoint": 88000,
    "total_predictions": 1000,
    "manchu_word_accuracy": 0.801,
    "roman_word_accuracy": 0.801,
    "manchu_cer": 0.04706760665804787,
    "roman_cer": 0.04670485992765407,
    "manchu_f1_score": 0.9608728678810703,
    "roman_f1_score": 0.9612808277556009,
    "inference_time": 716.8105871677399,
    "frequent_error": {
        "manchu": {
            "ᠠ": 123,
            "ᠵ": 19,
            "ᡳ": 90,
            "ᡵ": 47,
            "ᠩ": 22,
            "ᡤ": 26,
            "ᠯ": 31,
            "ᡡ": 24,
            "ᠰ": 5,
            "ᡠ": 36,
            "ᡥ": 59,
            "ᠨ": 44,
            "ᡨ": 17,
            "ᡝ": 99,
            "ᠪ": 39,
            "ᡴ": 38,
            "ᠣ": 34,
            "ᠮ": 22,
            "ᠶ": 12,
            "ᠸ": 13,
            "ᠴ": 16,
            "ᡶ": 2,
            "ᡧ": 11,
            "ᡩ": 9,
            "ᡮ": 1,
            "ᡯ": 1,
            "ᡦ": 1
        },
        "roman": {
            "A": 123,
            "J": 19,
            "I": 89,
            "R": 49,
            "N": 66,
            "G": 40,
            "L": 33,
            "Ū": 24,
            "S": 7,
            "U": 35,
            "H": 57,
            "T": 19,
            "E": 104,
            "B": 38,
            "K": 38,
            "O": 34,
            "M": 23,
            "Y": 12,
            "W": 6,
            "F": 9,
            "C": 18,
            "Š": 11,
            "D": 10,
            "Z": 1,
            "P": 1
        }
    }
}