{
    "model_name": "qwen-25-3b",
    "checkpoint": 105000,
    "total_predictions": 1000,
    "manchu_word_accuracy": 0.841,
    "roman_word_accuracy": 0.841,
    "manchu_cer": 0.03740325589443238,
    "roman_cer": 0.037063220113220136,
    "manchu_f1_score": 0.9682493614014033,
    "roman_f1_score": 0.9687542235838161,
    "inference_time": 715.5449693202972,
    "frequent_error": {
        "manchu": {
            "ᠶ": 8,
            "ᡳ": 60,
            "ᠯ": 23,
            "ᠨ": 32,
            "ᠪ": 29,
            "ᠠ": 95,
            "ᡶ": 3,
            "ᠴ": 10,
            "ᠮ": 19,
            "ᡝ": 81,
            "ᡠ": 22,
            "ᡨ": 18,
            "ᡵ": 36,
            "ᡴ": 28,
            "ᡡ": 22,
            "ᠩ": 19,
            "ᡤ": 29,
            "ᠵ": 11,
            "ᡥ": 49,
            "ᠣ": 18,
            "ᡩ": 7,
            "ᡦ": 3,
            "ᡧ": 6,
            "ᠰ": 8,
            "ᠸ": 7,
            "᠋": 1
        },
        "roman": {
            "Y": 7,
            "I": 59,
            "L": 25,
            "N": 51,
            "B": 27,
            "A": 96,
            "F": 8,
            "C": 10,
            "M": 18,
            "E": 80,
            "U": 21,
            "T": 19,
            "R": 36,
            "K": 26,
            "Ū": 21,
            "G": 38,
            "J": 11,
            "H": 48,
            "O": 19,
            "D": 7,
            "P": 3,
            "Š": 6,
            "S": 8,
            "W": 2,
            "'": 1
        }
    }
}