{
    "model_name": "qwen-25-3b",
    "checkpoint": 13000,
    "total_predictions": 218,
    "manchu_word_accuracy": 0.11926605504587157,
    "roman_word_accuracy": 0.11926605504587157,
    "manchu_cer": 0.46193421766816267,
    "roman_cer": 0.46335223135681863,
    "manchu_f1_score": 0.6520734489771187,
    "roman_f1_score": 0.6518963692061374,
    "inference_time": 797.241908694626,
    "frequent_error": {
        "manchu": {
            "ᠣ": 21,
            "ᡩ": 40,
            "ᡝ": 33,
            "ᠠ": 188,
            "ᡶ": 5,
            "ᠸ": 9,
            "ᡳ": 75,
            "ᠶ": 11,
            "ᠰ": 15,
            "ᡥ": 28,
            "ᠪ": 35,
            "ᡠ": 15,
            "ᡵ": 25,
            "ᡴ": 15,
            "ᠴ": 17,
            "ᠮ": 30,
            "ᠨ": 36,
            "ᠵ": 15,
            "ᠯ": 19,
            "ᡡ": 7,
            "ᡨ": 4,
            "ᡧ": 6,
            "ᠩ": 10,
            "ᡤ": 9,
            "ᡮ": 2
        },
        "roman": {
            "O": 21,
            "D": 40,
            "E": 32,
            "A": 190,
            "F": 12,
            "I": 73,
            "Y": 11,
            "S": 17,
            "H": 28,
            "B": 35,
            "U": 17,
            "R": 25,
            "K": 13,
            "C": 17,
            "M": 30,
            "N": 46,
            "J": 15,
            "L": 19,
            "Ū": 7,
            "T": 6,
            "Š": 6,
            "G": 17,
            "W": 1
        }
    }
}