{
    "model_name": "qwen-25-3b",
    "checkpoint": 101000,
    "total_predictions": 218,
    "manchu_word_accuracy": 0.22477064220183487,
    "roman_word_accuracy": 0.22477064220183487,
    "manchu_cer": 0.3797422124256987,
    "roman_cer": 0.3791833803301693,
    "manchu_f1_score": 0.699060841269422,
    "roman_f1_score": 0.7003734473758193,
    "inference_time": 783.0945843950324,
    "frequent_error": {
        "manchu": {
            "ᠠ": 150,
            "ᠨ": 31,
            "ᡳ": 67,
            "ᠶ": 10,
            "ᠪ": 29,
            "ᠵ": 14,
            "ᡵ": 22,
            "ᡝ": 30,
            "ᡩ": 35,
            "ᡠ": 12,
            "ᡥ": 17,
            "ᡴ": 8,
            "ᡶ": 4,
            "ᠸ": 8,
            "ᠮ": 26,
            "ᡤ": 7,
            "ᠯ": 18,
            "ᠰ": 11,
            "ᠴ": 12,
            "ᠩ": 7,
            "ᠣ": 18,
            "ᡧ": 5,
            "ᡨ": 2,
            "ᡡ": 4,
            "ᡮ": 2
        },
        "roman": {
            "A": 149,
            "N": 38,
            "I": 68,
            "Y": 10,
            "B": 29,
            "J": 14,
            "R": 22,
            "E": 30,
            "D": 35,
            "U": 13,
            "H": 17,
            "K": 8,
            "F": 10,
            "M": 26,
            "G": 11,
            "L": 18,
            "S": 13,
            "C": 12,
            "O": 18,
            "Š": 5,
            "T": 4,
            "Ū": 4,
            "W": 1
        }
    }
}