{
    "model_name": "qwen-25-3b",
    "checkpoint": 92000,
    "total_predictions": 218,
    "manchu_word_accuracy": 0.22935779816513763,
    "roman_word_accuracy": 0.22935779816513763,
    "manchu_cer": 0.3589361835921471,
    "roman_cer": 0.3552045686219999,
    "manchu_f1_score": 0.7138960899686754,
    "roman_f1_score": 0.7156642454473856,
    "inference_time": 786.2905471696766,
    "frequent_error": {
        "manchu": {
            "ᠴ": 10,
            "ᠠ": 133,
            "ᠨ": 29,
            "ᠵ": 14,
            "ᠸ": 7,
            "ᡳ": 63,
            "ᡩ": 37,
            "ᠣ": 18,
            "ᡤ": 7,
            "ᡝ": 27,
            "ᠰ": 12,
            "ᡠ": 11,
            "ᠯ": 14,
            "ᡵ": 20,
            "ᠩ": 8,
            "ᡥ": 14,
            "ᠪ": 27,
            "ᠮ": 24,
            "ᡨ": 2,
            "ᠶ": 10,
            "ᡶ": 4,
            "ᡴ": 7,
            "ᡡ": 3,
            "ᡧ": 3,
            "ᡮ": 2
        },
        "roman": {
            "C": 10,
            "A": 133,
            "N": 37,
            "J": 14,
            "F": 9,
            "I": 63,
            "W": 1,
            "D": 37,
            "O": 18,
            "G": 11,
            "E": 27,
            "S": 14,
            "U": 12,
            "L": 14,
            "R": 20,
            "H": 14,
            "B": 27,
            "M": 24,
            "T": 4,
            "Y": 10,
            "K": 7,
            "Ū": 3,
            "Š": 3
        }
    }
}