{
    "model_name": "qwen-25-3b",
    "checkpoint": 112500,
    "total_predictions": 218,
    "manchu_word_accuracy": 0.23394495412844038,
    "roman_word_accuracy": 0.23394495412844038,
    "manchu_cer": 0.38572735877781744,
    "roman_cer": 0.38195751750797613,
    "manchu_f1_score": 0.6993681297715293,
    "roman_f1_score": 0.701876919949675,
    "inference_time": 788.9406287342036,
    "frequent_error": {
        "manchu": {
            "ᡳ": 66,
            "ᠠ": 145,
            "ᠣ": 17,
            "ᡵ": 21,
            "ᠪ": 28,
            "ᠶ": 10,
            "ᡩ": 32,
            "ᠯ": 17,
            "ᠮ": 26,
            "ᡝ": 30,
            "ᠨ": 32,
            "ᡶ": 4,
            "ᠴ": 11,
            "ᠰ": 11,
            "ᡨ": 2,
            "ᡴ": 7,
            "ᡮ": 2,
            "ᠵ": 14,
            "ᠩ": 8,
            "ᡥ": 15,
            "ᡧ": 5,
            "ᡠ": 12,
            "ᠸ": 8,
            "ᡤ": 7,
            "ᡡ": 4
        },
        "roman": {
            "I": 66,
            "A": 145,
            "O": 17,
            "R": 21,
            "B": 28,
            "Y": 10,
            "D": 32,
            "L": 17,
            "M": 26,
            "E": 30,
            "N": 41,
            "F": 10,
            "C": 11,
            "S": 13,
            "T": 4,
            "K": 7,
            "J": 14,
            "G": 11,
            "H": 15,
            "Š": 5,
            "U": 13,
            "W": 1,
            "Ū": 4
        }
    }
}