{
    "model_name": "qwen-25-3b",
    "checkpoint": 11000,
    "total_predictions": 218,
    "manchu_word_accuracy": 0.13761467889908258,
    "roman_word_accuracy": 0.13761467889908258,
    "manchu_cer": 0.49235540198842953,
    "roman_cer": 0.49316560096376616,
    "manchu_f1_score": 0.6371606677655623,
    "roman_f1_score": 0.6395398306650051,
    "inference_time": 800.6559326014387,
    "frequent_error": {
        "manchu": {
            "ᠸ": 11,
            "ᡠ": 17,
            "ᡴ": 11,
            "ᠠ": 186,
            "ᡳ": 73,
            "ᠨ": 41,
            "ᡝ": 36,
            "ᠩ": 9,
            "ᡵ": 25,
            "ᠪ": 31,
            "ᠯ": 20,
            "ᡥ": 25,
            "ᠮ": 30,
            "ᡩ": 36,
            "ᠴ": 15,
            "ᠰ": 13,
            "ᠣ": 22,
            "ᡤ": 7,
            "ᠵ": 12,
            "ᡡ": 5,
            "ᠶ": 8,
            "ᡧ": 5,
            "ᡨ": 3,
            "ᡶ": 5,
            "ᡮ": 2
        },
        "roman": {
            "F": 13,
            "U": 19,
            "K": 12,
            "A": 188,
            "I": 73,
            "N": 51,
            "E": 37,
            "G": 15,
            "R": 25,
            "B": 31,
            "L": 20,
            "H": 25,
            "M": 30,
            "D": 36,
            "C": 15,
            "S": 15,
            "O": 22,
            "J": 12,
            "Ū": 5,
            "Y": 8,
            "Š": 5,
            "T": 5,
            "W": 1
        }
    }
}