{
    "model_name": "qwen-25-3b",
    "checkpoint": 57000,
    "total_predictions": 1000,
    "manchu_word_accuracy": 0.786,
    "roman_word_accuracy": 0.786,
    "manchu_cer": 0.047598880286380305,
    "roman_cer": 0.047366827616827666,
    "manchu_f1_score": 0.9608201664194003,
    "roman_f1_score": 0.960948314244625,
    "inference_time": 712.306923866272,
    "frequent_error": {
        "manchu": {
            "ᠵ": 16,
            "ᠠ": 116,
            "ᡥ": 66,
            "ᡨ": 20,
            "ᠩ": 21,
            "ᡤ": 30,
            "ᡝ": 108,
            "ᠰ": 13,
            "ᠯ": 19,
            "ᠪ": 35,
            "ᡳ": 73,
            "ᡧ": 20,
            "ᠸ": 8,
            "ᡠ": 33,
            "ᡴ": 30,
            "ᠮ": 24,
            "ᠣ": 24,
            "ᠨ": 39,
            "ᡩ": 11,
            "ᠶ": 6,
            "ᡵ": 38,
            "ᠴ": 16,
            "ᡶ": 5,
            "ᡡ": 20,
            "ᡮ": 1,
            "ᡦ": 1
        },
        "roman": {
            "J": 16,
            "A": 115,
            "H": 65,
            "T": 21,
            "N": 62,
            "G": 40,
            "E": 111,
            "S": 15,
            "L": 20,
            "B": 36,
            "I": 73,
            "Š": 20,
            "F": 13,
            "U": 34,
            "K": 30,
            "O": 24,
            "D": 12,
            "Y": 6,
            "R": 38,
            "C": 18,
            "M": 24,
            "Ū": 20,
            "W": 2,
            "P": 1
        }
    }
}