{
    "model_name": "qwen-25-3b",
    "checkpoint": 80000,
    "total_predictions": 218,
    "manchu_word_accuracy": 0.1743119266055046,
    "roman_word_accuracy": 0.1743119266055046,
    "manchu_cer": 0.4141076558507752,
    "roman_cer": 0.4145973165468579,
    "manchu_f1_score": 0.6881606333643567,
    "roman_f1_score": 0.6911481814342036,
    "inference_time": 797.4835404562294,
    "frequent_error": {
        "manchu": {
            "ᠠ": 150,
            "ᡵ": 24,
            "ᠸ": 7,
            "ᡥ": 14,
            "ᠪ": 25,
            "ᡳ": 67,
            "ᠴ": 14,
            "ᡩ": 38,
            "ᠨ": 41,
            "ᠣ": 16,
            "ᠰ": 10,
            "ᡝ": 34,
            "ᠮ": 28,
            "ᠩ": 7,
            "ᡠ": 13,
            "ᡨ": 2,
            "ᠯ": 18,
            "ᡤ": 11,
            "ᠶ": 9,
            "ᡶ": 5,
            "ᠵ": 14,
            "ᡴ": 9,
            "ᡡ": 5,
            "ᡧ": 4
        },
        "roman": {
            "A": 152,
            "R": 24,
            "F": 10,
            "H": 14,
            "B": 25,
            "I": 69,
            "C": 14,
            "D": 38,
            "N": 47,
            "O": 16,
            "S": 12,
            "E": 34,
            "M": 28,
            "G": 15,
            "U": 14,
            "T": 2,
            "L": 18,
            "Y": 9,
            "J": 14,
            "K": 10,
            "Ū": 5,
            "Š": 4,
            "W": 1
        }
    }
}