{
    "model_name": "qwen-25-3b",
    "checkpoint": 31000,
    "total_predictions": 1000,
    "manchu_word_accuracy": 0.664,
    "roman_word_accuracy": 0.665,
    "manchu_cer": 0.08199344013829321,
    "roman_cer": 0.08031675905793564,
    "manchu_f1_score": 0.9333621844552259,
    "roman_f1_score": 0.9345561677150148,
    "inference_time": 709.600261926651,
    "frequent_error": {
        "manchu": {
            "ᡤ": 56,
            "ᡝ": 155,
            "ᡥ": 117,
            "ᠪ": 71,
            "ᡳ": 151,
            "ᡶ": 8,
            "ᡨ": 41,
            "ᠠ": 250,
            "ᠰ": 21,
            "ᡠ": 54,
            "ᠮ": 44,
            "ᠨ": 75,
            "ᠯ": 42,
            "ᡵ": 58,
            "ᠴ": 21,
            "ᠩ": 42,
            "ᡧ": 23,
            "ᡴ": 79,
            "ᡩ": 25,
            "ᡡ": 46,
            "ᠵ": 36,
            "ᠣ": 56,
            "ᠸ": 16,
            "ᠶ": 7,
            "ᡦ": 4
        },
        "roman": {
            "G": 79,
            "E": 159,
            "H": 119,
            "B": 70,
            "I": 151,
            "T": 40,
            "A": 252,
            "S": 22,
            "U": 52,
            "M": 44,
            "W": 5,
            "N": 117,
            "L": 42,
            "R": 61,
            "C": 22,
            "Š": 23,
            "K": 81,
            "D": 25,
            "Ū": 47,
            "F": 17,
            "J": 36,
            "O": 56,
            "Y": 7,
            "P": 4
        }
    }
}