{
    "model_name": "qwen-25-3b",
    "checkpoint": 2000,
    "total_predictions": 218,
    "manchu_word_accuracy": 0.013761467889908258,
    "roman_word_accuracy": 0.013761467889908258,
    "manchu_cer": 0.7784062777182046,
    "roman_cer": 0.77318615380542,
    "manchu_f1_score": 0.49396038467139397,
    "roman_f1_score": 0.49620799015699185,
    "inference_time": 450.69258694255024,
    "frequent_error": {
        "manchu": {
            "ᠨ": 47,
            "ᠴ": 14,
            "ᡳ": 92,
            "ᠠ": 222,
            "ᠮ": 36,
            "ᡶ": 6,
            "ᠵ": 17,
            "ᡩ": 55,
            "ᡝ": 62,
            "ᡤ": 17,
            "ᠪ": 56,
            "ᡥ": 32,
            "ᡴ": 15,
            "ᠰ": 14,
            "ᠯ": 25,
            "ᡵ": 29,
            "ᠣ": 24,
            "ᡠ": 19,
            "ᠩ": 12,
            "ᠸ": 14,
            "ᡧ": 4,
            "ᠶ": 11,
            "ᡮ": 2,
            "ᡡ": 8,
            "ᡨ": 2
        },
        "roman": {
            "N": 58,
            "C": 14,
            "I": 88,
            "A": 224,
            "M": 36,
            "F": 17,
            "J": 17,
            "D": 55,
            "E": 62,
            "G": 27,
            "B": 56,
            "H": 32,
            "K": 15,
            "S": 17,
            "L": 25,
            "R": 29,
            "O": 24,
            "U": 19,
            "Š": 4,
            "Y": 11,
            "T": 4,
            "Ū": 8,
            "W": 2
        }
    }
}