{
    "model_name": "qwen-25-3b",
    "checkpoint": 86000,
    "total_predictions": 1000,
    "manchu_word_accuracy": 0.822,
    "roman_word_accuracy": 0.822,
    "manchu_cer": 0.03794997078085314,
    "roman_cer": 0.03839787659021405,
    "manchu_f1_score": 0.968262526670106,
    "roman_f1_score": 0.9679290405639608,
    "inference_time": 709.9750385284424,
    "frequent_error": {
        "manchu": {
            "ᠠ": 96,
            "ᡧ": 9,
            "ᠨ": 31,
            "ᡩ": 8,
            "ᡠ": 21,
            "ᡴ": 38,
            "ᡳ": 77,
            "ᠰ": 8,
            "ᡝ": 75,
            "ᡵ": 26,
            "ᡨ": 12,
            "ᠶ": 11,
            "ᡥ": 55,
            "ᡡ": 21,
            "ᠯ": 23,
            "ᠩ": 14,
            "ᡤ": 20,
            "ᠴ": 16,
            "ᠮ": 18,
            "ᠵ": 9,
            "ᠪ": 26,
            "ᠣ": 16,
            "ᡦ": 2,
            "ᡶ": 3,
            "ᠸ": 5
        },
        "roman": {
            "A": 98,
            "Š": 9,
            "N": 47,
            "D": 8,
            "U": 21,
            "K": 38,
            "I": 78,
            "S": 8,
            "E": 74,
            "R": 26,
            "T": 11,
            "Y": 11,
            "H": 55,
            "Ū": 21,
            "L": 23,
            "G": 26,
            "C": 18,
            "M": 18,
            "J": 9,
            "B": 26,
            "O": 16,
            "P": 2,
            "F": 8,
            "W": 4
        }
    }
}