{
    "model_name": "qwen-25-3b",
    "checkpoint": 10000,
    "total_predictions": 218,
    "manchu_word_accuracy": 0.12385321100917432,
    "roman_word_accuracy": 0.12385321100917432,
    "manchu_cer": 0.48299690879966106,
    "roman_cer": 0.4848100930669739,
    "manchu_f1_score": 0.6393345658658668,
    "roman_f1_score": 0.6393603271166683,
    "inference_time": 801.5328645706177,
    "frequent_error": {
        "manchu": {
            "ᠠ": 181,
            "ᡡ": 6,
            "ᡳ": 81,
            "ᠨ": 41,
            "ᡠ": 11,
            "ᡥ": 24,
            "ᡝ": 38,
            "ᠪ": 38,
            "ᡵ": 26,
            "ᠸ": 8,
            "ᠯ": 19,
            "ᠮ": 28,
            "ᡧ": 6,
            "ᠩ": 10,
            "ᡤ": 11,
            "ᡴ": 11,
            "ᡨ": 3,
            "ᠴ": 17,
            "ᠵ": 15,
            "ᠣ": 19,
            "ᡩ": 32,
            "ᠰ": 13,
            "ᠶ": 12,
            "ᡶ": 4,
            "ᡮ": 2
        },
        "roman": {
            "A": 183,
            "Ū": 6,
            "I": 79,
            "N": 52,
            "U": 12,
            "H": 24,
            "E": 37,
            "B": 38,
            "R": 26,
            "F": 11,
            "L": 19,
            "M": 28,
            "Š": 6,
            "G": 18,
            "T": 5,
            "C": 17,
            "J": 15,
            "O": 19,
            "D": 32,
            "S": 15,
            "Y": 12,
            "K": 10,
            "W": 1
        }
    }
}