{
    "model_name": "qwen-25-3b",
    "checkpoint": 14000,
    "total_predictions": 218,
    "manchu_word_accuracy": 0.13761467889908258,
    "roman_word_accuracy": 0.13761467889908258,
    "manchu_cer": 0.4374660762275446,
    "roman_cer": 0.43423868435336366,
    "manchu_f1_score": 0.6502798999754582,
    "roman_f1_score": 0.6520850752223496,
    "inference_time": 775.704475717807,
    "frequent_error": {
        "manchu": {
            "ᠪ": 43,
            "ᡵ": 27,
            "ᡝ": 35,
            "ᠠ": 179,
            "ᡴ": 13,
            "ᡩ": 35,
            "ᡠ": 16,
            "ᠨ": 38,
            "ᡧ": 6,
            "ᡡ": 6,
            "ᡶ": 3,
            "ᠵ": 14,
            "ᡳ": 72,
            "ᡥ": 25,
            "ᠶ": 7,
            "ᡨ": 3,
            "ᠯ": 19,
            "ᠸ": 12,
            "ᠮ": 28,
            "ᠰ": 12,
            "ᡤ": 10,
            "ᠴ": 16,
            "ᠣ": 16,
            "ᠩ": 8,
            "ᡮ": 2
        },
        "roman": {
            "B": 43,
            "R": 27,
            "E": 34,
            "A": 181,
            "K": 14,
            "D": 35,
            "U": 17,
            "N": 46,
            "Š": 6,
            "Ū": 6,
            "F": 12,
            "J": 14,
            "I": 73,
            "H": 25,
            "Y": 7,
            "T": 5,
            "L": 19,
            "W": 2,
            "M": 27,
            "S": 14,
            "G": 15,
            "C": 16,
            "O": 16
        }
    }
}