{
    "model_name": "qwen-25-3b",
    "checkpoint": 76000,
    "total_predictions": 1000,
    "manchu_word_accuracy": 0.792,
    "roman_word_accuracy": 0.792,
    "manchu_cer": 0.04708554043995226,
    "roman_cer": 0.04681283242900896,
    "manchu_f1_score": 0.960384428936118,
    "roman_f1_score": 0.9608788229643402,
    "inference_time": 712.3457498550415,
    "frequent_error": {
        "manchu": {
            "ᡝ": 83,
            "ᠯ": 27,
            "ᠠ": 113,
            "ᠮ": 18,
            "ᠪ": 32,
            "ᡳ": 78,
            "ᡥ": 40,
            "ᡧ": 18,
            "ᠴ": 21,
            "ᡠ": 28,
            "ᡵ": 45,
            "ᡴ": 44,
            "ᡡ": 19,
            "ᠨ": 37,
            "ᠣ": 34,
            "ᡩ": 15,
            "ᠸ": 7,
            "ᡨ": 21,
            "ᠶ": 13,
            "ᠩ": 15,
            "ᡤ": 27,
            "ᠰ": 7,
            "᠋": 1,
            "ᠵ": 3,
            "ᡶ": 3
        },
        "roman": {
            "E": 82,
            "L": 27,
            "A": 113,
            "M": 18,
            "B": 31,
            "I": 77,
            "H": 40,
            "Š": 18,
            "C": 21,
            "U": 27,
            "R": 45,
            "K": 44,
            "Ū": 19,
            "N": 52,
            "O": 34,
            "D": 15,
            "W": 5,
            "T": 21,
            "Y": 13,
            "G": 33,
            "S": 7,
            "F": 6,
            "'": 1,
            "J": 3
        }
    }
}