{
    "model_name": "qwen-25-3b",
    "checkpoint": 33000,
    "total_predictions": 1000,
    "manchu_word_accuracy": 0.658,
    "roman_word_accuracy": 0.658,
    "manchu_cer": 0.07807067523979304,
    "roman_cer": 0.07710469701866772,
    "manchu_f1_score": 0.9355138186712311,
    "roman_f1_score": 0.9356989231876711,
    "inference_time": 714.2588567733765,
    "frequent_error": {
        "manchu": {
            "ᡵ": 71,
            "ᡝ": 152,
            "ᡥ": 94,
            "ᠩ": 47,
            "ᡤ": 55,
            "ᠰ": 17,
            "ᡡ": 38,
            "ᠨ": 54,
            "ᡴ": 60,
            "ᡠ": 67,
            "ᠯ": 50,
            "ᠸ": 17,
            "ᡳ": 121,
            "ᠶ": 14,
            "ᠠ": 216,
            "ᠪ": 61,
            "ᡨ": 49,
            "ᠣ": 40,
            "ᠵ": 17,
            "ᡧ": 23,
            "ᡩ": 20,
            "ᠮ": 26,
            "ᠴ": 32,
            "ᡦ": 4,
            "ᡶ": 4
        },
        "roman": {
            "R": 72,
            "E": 146,
            "H": 91,
            "N": 101,
            "G": 80,
            "S": 17,
            "Ū": 38,
            "K": 60,
            "U": 64,
            "L": 49,
            "W": 6,
            "I": 120,
            "Y": 15,
            "A": 214,
            "B": 60,
            "T": 49,
            "O": 38,
            "J": 17,
            "Š": 23,
            "D": 21,
            "M": 26,
            "C": 32,
            "F": 18,
            "P": 4
        }
    }
}