{
    "model_name": "qwen-25-3b",
    "checkpoint": 30000,
    "total_predictions": 218,
    "manchu_word_accuracy": 0.1651376146788991,
    "roman_word_accuracy": 0.1651376146788991,
    "manchu_cer": 0.469173550710248,
    "roman_cer": 0.46386191535274107,
    "manchu_f1_score": 0.6467775883048419,
    "roman_f1_score": 0.6493242998689364,
    "inference_time": 793.5656046648638,
    "frequent_error": {
        "manchu": {
            "ᡩ": 40,
            "ᠮ": 28,
            "ᡝ": 34,
            "ᠠ": 143,
            "ᡵ": 21,
            "ᠪ": 43,
            "ᡳ": 71,
            "ᠯ": 16,
            "ᠴ": 14,
            "ᡥ": 17,
            "ᡠ": 16,
            "ᠰ": 12,
            "ᠣ": 23,
            "ᠵ": 14,
            "ᠨ": 26,
            "ᠩ": 6,
            "ᡴ": 8,
            "ᡶ": 5,
            "ᠸ": 12,
            "ᡨ": 2,
            "ᡡ": 2,
            "ᠶ": 9,
            "ᡤ": 10,
            "ᡧ": 4,
            "ᡮ": 2
        },
        "roman": {
            "D": 40,
            "M": 28,
            "E": 34,
            "A": 147,
            "R": 21,
            "B": 43,
            "I": 72,
            "L": 16,
            "C": 14,
            "H": 18,
            "U": 16,
            "S": 14,
            "O": 23,
            "J": 14,
            "N": 33,
            "G": 15,
            "F": 14,
            "T": 4,
            "K": 7,
            "Ū": 2,
            "W": 2,
            "Y": 9,
            "Š": 4
        }
    }
}