{
    "model_name": "qwen-25-3b",
    "checkpoint": 20000,
    "total_predictions": 218,
    "manchu_word_accuracy": 0.16972477064220184,
    "roman_word_accuracy": 0.16972477064220184,
    "manchu_cer": 0.4163178309967303,
    "roman_cer": 0.4125043025272385,
    "manchu_f1_score": 0.6847716876445262,
    "roman_f1_score": 0.6870433486452753,
    "inference_time": 795.6032074919534,
    "frequent_error": {
        "manchu": {
            "ᡳ": 70,
            "ᠶ": 10,
            "ᠠ": 166,
            "ᠩ": 8,
            "ᡤ": 9,
            "ᡵ": 24,
            "ᡩ": 36,
            "ᡝ": 30,
            "ᡠ": 17,
            "ᠵ": 11,
            "ᡥ": 23,
            "ᠣ": 22,
            "ᠮ": 24,
            "ᠸ": 9,
            "ᠪ": 29,
            "ᡡ": 6,
            "ᠨ": 36,
            "ᠯ": 18,
            "ᠴ": 15,
            "ᡶ": 5,
            "ᡨ": 2,
            "ᡧ": 6,
            "ᡴ": 12,
            "ᠰ": 13,
            "ᡮ": 2
        },
        "roman": {
            "I": 71,
            "Y": 10,
            "A": 169,
            "N": 47,
            "G": 13,
            "R": 24,
            "D": 36,
            "E": 29,
            "U": 19,
            "J": 12,
            "H": 23,
            "O": 22,
            "M": 23,
            "F": 12,
            "B": 29,
            "Ū": 6,
            "L": 18,
            "C": 15,
            "T": 4,
            "Š": 6,
            "K": 12,
            "S": 15,
            "W": 1
        }
    }
}