{
    "model_name": "qwen-25-3b",
    "checkpoint": 27000,
    "total_predictions": 218,
    "manchu_word_accuracy": 0.13302752293577982,
    "roman_word_accuracy": 0.13302752293577982,
    "manchu_cer": 0.5103758753988112,
    "roman_cer": 0.5097645855673378,
    "manchu_f1_score": 0.6258165808826901,
    "roman_f1_score": 0.6245899233284558,
    "inference_time": 823.5000689095314,
    "frequent_error": {
        "manchu": {
            "ᡥ": 25,
            "ᡝ": 36,
            "ᡴ": 7,
            "ᡡ": 4,
            "ᠠ": 189,
            "ᠪ": 36,
            "ᡳ": 76,
            "ᠴ": 17,
            "ᠮ": 28,
            "ᠯ": 18,
            "ᠩ": 12,
            "ᡤ": 10,
            "ᡵ": 26,
            "ᡨ": 1,
            "ᠨ": 42,
            "ᡩ": 38,
            "ᠸ": 12,
            "ᠰ": 12,
            "ᡠ": 16,
            "ᠣ": 16,
            "ᠵ": 15,
            "ᡮ": 2,
            "ᠶ": 9,
            "ᡶ": 5,
            "ᡧ": 5
        },
        "roman": {
            "H": 25,
            "E": 36,
            "K": 9,
            "Ū": 5,
            "A": 188,
            "B": 36,
            "I": 77,
            "C": 17,
            "M": 28,
            "L": 19,
            "N": 57,
            "G": 21,
            "R": 27,
            "T": 3,
            "D": 38,
            "F": 15,
            "S": 14,
            "U": 18,
            "O": 16,
            "J": 15,
            "Y": 9,
            "W": 2,
            "Š": 5
        }
    }
}