{
    "model_name": "qwen-25-3b",
    "checkpoint": 32000,
    "total_predictions": 218,
    "manchu_word_accuracy": 0.13761467889908258,
    "roman_word_accuracy": 0.13761467889908258,
    "manchu_cer": 0.4823833022227519,
    "roman_cer": 0.4755335133775503,
    "manchu_f1_score": 0.6208897528986574,
    "roman_f1_score": 0.6228212472066678,
    "inference_time": 789.8397030086692,
    "frequent_error": {
        "manchu": {
            "ᠪ": 27,
            "ᡵ": 23,
            "ᡩ": 45,
            "ᠮ": 27,
            "ᠠ": 170,
            "ᠰ": 11,
            "ᠨ": 30,
            "ᡳ": 79,
            "ᠶ": 10,
            "ᠣ": 19,
            "ᠴ": 17,
            "ᡝ": 36,
            "ᠯ": 20,
            "ᠵ": 13,
            "ᡥ": 28,
            "ᡡ": 7,
            "ᡤ": 8,
            "ᡴ": 9,
            "ᡠ": 13,
            "ᡶ": 5,
            "ᠸ": 9,
            "ᡧ": 4,
            "ᠩ": 11,
            "ᡮ": 2,
            "ᡨ": 2
        },
        "roman": {
            "B": 27,
            "R": 23,
            "D": 45,
            "M": 27,
            "A": 172,
            "S": 13,
            "N": 40,
            "I": 77,
            "Y": 10,
            "O": 19,
            "C": 17,
            "E": 36,
            "L": 20,
            "J": 13,
            "H": 28,
            "Ū": 7,
            "G": 16,
            "K": 7,
            "U": 15,
            "F": 12,
            "Š": 4,
            "T": 4,
            "W": 1
        }
    }
}