{
    "model_name": "qwen-25-3b",
    "checkpoint": 52000,
    "total_predictions": 218,
    "manchu_word_accuracy": 0.18807339449541285,
    "roman_word_accuracy": 0.18807339449541285,
    "manchu_cer": 0.37175688735321755,
    "roman_cer": 0.3712890702569601,
    "manchu_f1_score": 0.6977784470431526,
    "roman_f1_score": 0.6981256660830322,
    "inference_time": 768.2872496613669,
    "frequent_error": {
        "manchu": {
            "ᠠ": 152,
            "ᠪ": 33,
            "ᠨ": 37,
            "ᡳ": 70,
            "ᠶ": 8,
            "ᡝ": 32,
            "ᡵ": 18,
            "ᠴ": 16,
            "ᡥ": 28,
            "ᠵ": 14,
            "ᠮ": 20,
            "ᡤ": 9,
            "ᡠ": 15,
            "ᡩ": 40,
            "ᠯ": 17,
            "ᡶ": 5,
            "ᡧ": 3,
            "ᠰ": 11,
            "ᠣ": 13,
            "ᡴ": 11,
            "ᠩ": 9,
            "ᡨ": 3,
            "ᠸ": 11,
            "ᡡ": 2,
            "ᡮ": 2
        },
        "roman": {
            "A": 156,
            "B": 33,
            "N": 45,
            "I": 70,
            "Y": 8,
            "E": 32,
            "R": 19,
            "C": 16,
            "H": 28,
            "J": 14,
            "M": 20,
            "G": 16,
            "U": 17,
            "D": 40,
            "L": 17,
            "F": 14,
            "Š": 3,
            "S": 13,
            "O": 13,
            "K": 11,
            "T": 5,
            "Ū": 2,
            "W": 2
        }
    }
}