{
    "model_name": "qwen-25-3b",
    "checkpoint": 62000,
    "total_predictions": 1000,
    "manchu_word_accuracy": 0.758,
    "roman_word_accuracy": 0.758,
    "manchu_cer": 0.055896047008547056,
    "roman_cer": 0.055212587412587444,
    "manchu_f1_score": 0.9534162613255015,
    "roman_f1_score": 0.9536460617818543,
    "inference_time": 717.8084058761597,
    "frequent_error": {
        "manchu": {
            "ᠨ": 44,
            "ᠴ": 21,
            "ᡝ": 120,
            "ᡵ": 44,
            "ᡥ": 68,
            "ᠠ": 132,
            "ᠪ": 45,
            "ᡳ": 88,
            "ᡨ": 29,
            "ᠣ": 22,
            "ᠯ": 31,
            "ᡦ": 6,
            "ᠮ": 28,
            "ᡤ": 44,
            "ᡴ": 42,
            "ᡡ": 23,
            "ᠩ": 38,
            "ᡧ": 12,
            "ᠸ": 11,
            "ᠵ": 18,
            "ᡠ": 32,
            "ᡩ": 16,
            "ᠰ": 8,
            "ᠶ": 5,
            "ᡶ": 1
        },
        "roman": {
            "N": 75,
            "C": 22,
            "E": 121,
            "R": 44,
            "H": 68,
            "A": 126,
            "B": 46,
            "I": 87,
            "T": 30,
            "O": 22,
            "L": 34,
            "P": 6,
            "M": 27,
            "G": 69,
            "K": 41,
            "Ū": 22,
            "Š": 12,
            "F": 7,
            "J": 17,
            "U": 32,
            "W": 7,
            "D": 16,
            "S": 8,
            "Y": 5
        }
    }
}