{
    "model_name": "qwen-25-3b",
    "checkpoint": 95000,
    "total_predictions": 218,
    "manchu_word_accuracy": 0.22477064220183487,
    "roman_word_accuracy": 0.22477064220183487,
    "manchu_cer": 0.3818774243086169,
    "roman_cer": 0.3782295431378001,
    "manchu_f1_score": 0.6995382488231919,
    "roman_f1_score": 0.7027989280013023,
    "inference_time": 789.4939982562984,
    "frequent_error": {
        "manchu": {
            "ᠠ": 144,
            "ᡳ": 63,
            "ᠰ": 11,
            "ᡝ": 29,
            "ᠮ": 26,
            "ᠪ": 29,
            "ᡧ": 5,
            "ᡵ": 21,
            "ᡴ": 9,
            "ᡡ": 5,
            "ᠨ": 33,
            "ᠵ": 14,
            "ᡩ": 36,
            "ᠣ": 19,
            "ᡤ": 7,
            "ᡨ": 2,
            "ᠯ": 15,
            "ᡥ": 14,
            "ᡶ": 5,
            "ᠸ": 9,
            "ᡠ": 12,
            "ᠶ": 10,
            "ᠴ": 12,
            "ᠩ": 8,
            "ᡮ": 2
        },
        "roman": {
            "A": 147,
            "I": 64,
            "S": 13,
            "E": 29,
            "M": 26,
            "B": 29,
            "Š": 5,
            "R": 21,
            "K": 9,
            "Ū": 5,
            "N": 41,
            "J": 14,
            "D": 36,
            "O": 19,
            "G": 12,
            "T": 4,
            "L": 15,
            "H": 14,
            "F": 12,
            "U": 13,
            "Y": 10,
            "C": 12,
            "W": 1
        }
    }
}