{
    "model_name": "qwen-25-3b",
    "checkpoint": 47000,
    "total_predictions": 218,
    "manchu_word_accuracy": 0.12844036697247707,
    "roman_word_accuracy": 0.12385321100917432,
    "manchu_cer": 0.46419138965010537,
    "roman_cer": 0.46437523994863467,
    "manchu_f1_score": 0.6697360496132759,
    "roman_f1_score": 0.6692348292694107,
    "inference_time": 816.4053696011184,
    "frequent_error": {
        "manchu": {
            "ᠠ": 138,
            "ᠨ": 40,
            "ᠮ": 25,
            "ᡝ": 33,
            "ᠪ": 32,
            "ᡳ": 76,
            "ᡩ": 51,
            "ᠰ": 11,
            "ᡵ": 23,
            "ᠵ": 14,
            "ᠶ": 8,
            "ᠴ": 16,
            "ᡮ": 2,
            "ᠩ": 9,
            "ᡠ": 16,
            "ᠣ": 17,
            "ᠯ": 16,
            "ᡧ": 5,
            "ᡥ": 17,
            "ᡨ": 2,
            "ᡴ": 5,
            "ᡡ": 4,
            "ᡤ": 11,
            "ᡶ": 6,
            "ᠸ": 11
        },
        "roman": {
            "A": 139,
            "N": 51,
            "M": 24,
            "E": 33,
            "B": 32,
            "I": 76,
            "D": 51,
            "S": 13,
            "R": 23,
            "J": 14,
            "Y": 8,
            "C": 16,
            "T": 4,
            "G": 17,
            "U": 16,
            "O": 18,
            "L": 16,
            "Š": 5,
            "H": 17,
            "K": 6,
            "Ū": 4,
            "F": 15,
            "W": 2
        }
    }
}