{
    "model_name": "qwen-25-3b",
    "checkpoint": 3000,
    "total_predictions": 1000,
    "manchu_word_accuracy": 0.315,
    "roman_word_accuracy": 0.312,
    "manchu_cer": 0.19271798227142692,
    "roman_cer": 0.19271366575461016,
    "manchu_f1_score": 0.8437558414658174,
    "roman_f1_score": 0.843624397102307,
    "inference_time": 704.9998362064362,
    "frequent_error": {
        "manchu": {
            "ᡳ": 357,
            "ᠴ": 62,
            "ᠨ": 156,
            "ᡵ": 166,
            "ᠩ": 100,
            "ᡤ": 122,
            "ᠶ": 43,
            "ᠠ": 450,
            "ᠯ": 122,
            "ᡝ": 430,
            "ᡧ": 47,
            "ᡨ": 91,
            "ᡠ": 169,
            "ᠮ": 83,
            "ᠪ": 164,
            "ᡥ": 221,
            "ᠸ": 44,
            "ᠵ": 54,
            "ᠣ": 143,
            "ᡴ": 153,
            "ᡩ": 58,
            "ᠰ": 60,
            "ᡡ": 90,
            "ᡶ": 10,
            "ᡦ": 3,
            "ᡯ": 1,
            "᠋": 1
        },
        "roman": {
            "I": 355,
            "C": 61,
            "N": 254,
            "E": 428,
            "R": 166,
            "G": 175,
            "Y": 43,
            "A": 452,
            "L": 123,
            "Š": 48,
            "T": 92,
            "U": 170,
            "M": 81,
            "B": 163,
            "H": 225,
            "W": 14,
            "J": 56,
            "O": 143,
            "K": 154,
            "D": 59,
            "F": 46,
            "S": 59,
            "Ū": 90,
            "P": 3,
            "Z": 1,
            "'": 1
        }
    }
}