{
    "model_name": "qwen-25-3b",
    "checkpoint": 69000,
    "total_predictions": 1000,
    "manchu_word_accuracy": 0.788,
    "roman_word_accuracy": 0.786,
    "manchu_cer": 0.04879792707292708,
    "roman_cer": 0.048858387445887455,
    "manchu_f1_score": 0.9594510880259846,
    "roman_f1_score": 0.9593036888792921,
    "inference_time": 712.2939968109131,
    "frequent_error": {
        "manchu": {
            "ᡥ": 61,
            "ᡳ": 90,
            "ᠪ": 39,
            "ᡨ": 17,
            "ᡵ": 44,
            "ᡝ": 106,
            "ᡠ": 33,
            "ᠸ": 9,
            "ᠠ": 108,
            "ᡴ": 41,
            "ᡡ": 24,
            "ᡧ": 12,
            "ᡤ": 41,
            "ᠶ": 6,
            "ᠵ": 31,
            "ᠣ": 27,
            "ᠨ": 56,
            "ᠴ": 20,
            "ᠯ": 11,
            "ᡩ": 14,
            "ᠩ": 27,
            "ᠰ": 12,
            "ᠮ": 26,
            "ᡶ": 2,
            "ᡯ": 1,
            "᠋": 1
        },
        "roman": {
            "H": 62,
            "I": 90,
            "B": 40,
            "T": 17,
            "R": 44,
            "E": 107,
            "F": 16,
            "U": 34,
            "A": 109,
            "K": 42,
            "Ū": 24,
            "Š": 12,
            "G": 56,
            "Y": 6,
            "J": 31,
            "O": 27,
            "N": 80,
            "C": 20,
            "L": 10,
            "D": 15,
            "S": 13,
            "M": 27,
            "Z": 1,
            "'": 1
        }
    }
}