{
    "model_name": "qwen-25-3b",
    "checkpoint": 36000,
    "total_predictions": 1000,
    "manchu_word_accuracy": 0.677,
    "roman_word_accuracy": 0.676,
    "manchu_cer": 0.07456004175563008,
    "roman_cer": 0.07535394568451846,
    "manchu_f1_score": 0.9390155225210524,
    "roman_f1_score": 0.9386160393834617,
    "inference_time": 878.3570985794067,
    "frequent_error": {
        "manchu": {
            "ᡳ": 161,
            "ᠠ": 219,
            "ᠨ": 66,
            "ᠵ": 21,
            "ᡵ": 62,
            "ᡴ": 69,
            "ᡡ": 45,
            "ᠩ": 45,
            "ᡤ": 61,
            "ᡝ": 166,
            "ᠯ": 65,
            "ᡥ": 107,
            "ᠣ": 48,
            "ᡦ": 6,
            "ᠶ": 32,
            "ᡨ": 40,
            "ᠴ": 26,
            "ᠪ": 71,
            "ᡧ": 25,
            "ᡩ": 22,
            "ᡠ": 62,
            "ᠮ": 37,
            "ᠰ": 12,
            "ᠸ": 15,
            "ᡶ": 1
        },
        "roman": {
            "I": 163,
            "A": 228,
            "N": 111,
            "J": 21,
            "R": 64,
            "K": 70,
            "Ū": 47,
            "G": 78,
            "E": 168,
            "L": 65,
            "H": 108,
            "O": 51,
            "P": 6,
            "Y": 33,
            "T": 40,
            "C": 28,
            "B": 75,
            "Š": 25,
            "D": 22,
            "U": 66,
            "M": 39,
            "S": 13,
            "F": 17,
            "W": 8
        }
    }
}