{
    "model_name": "qwen-25-3b",
    "checkpoint": 35000,
    "total_predictions": 1000,
    "manchu_word_accuracy": 0.678,
    "roman_word_accuracy": 0.678,
    "manchu_cer": 0.08086996336996348,
    "roman_cer": 0.0809614390081883,
    "manchu_f1_score": 0.9363522726998306,
    "roman_f1_score": 0.9364663328062921,
    "inference_time": 1246.1010119915009,
    "frequent_error": {
        "manchu": {
            "ᡝ": 129,
            "ᠰ": 17,
            "ᡳ": 129,
            "ᠯ": 44,
            "ᡥ": 96,
            "ᠠ": 222,
            "ᡴ": 60,
            "ᡡ": 35,
            "ᠩ": 37,
            "ᡤ": 61,
            "ᡩ": 28,
            "ᠣ": 67,
            "ᠮ": 33,
            "ᠴ": 30,
            "ᡨ": 34,
            "ᡧ": 15,
            "ᡵ": 56,
            "ᠸ": 12,
            "ᠶ": 23,
            "ᠨ": 54,
            "ᡶ": 2,
            "ᠪ": 52,
            "ᠵ": 29,
            "ᡠ": 38,
            "ᡦ": 2,
            "᠋": 1
        },
        "roman": {
            "E": 130,
            "S": 17,
            "I": 131,
            "L": 45,
            "H": 96,
            "A": 222,
            "K": 62,
            "Ū": 36,
            "N": 91,
            "G": 79,
            "D": 28,
            "O": 67,
            "M": 33,
            "C": 30,
            "T": 35,
            "Š": 16,
            "R": 58,
            "F": 16,
            "Y": 23,
            "B": 52,
            "J": 29,
            "U": 38,
            "W": 2,
            "P": 2,
            "'": 1
        }
    }
}