{
    "model_name": "qwen-25-3b",
    "checkpoint": 28000,
    "total_predictions": 218,
    "manchu_word_accuracy": 0.1743119266055046,
    "roman_word_accuracy": 0.1651376146788991,
    "manchu_cer": 0.46141344639051063,
    "roman_cer": 0.4559398043342996,
    "manchu_f1_score": 0.6673938282141197,
    "roman_f1_score": 0.6666085446367067,
    "inference_time": 813.6366562012139,
    "frequent_error": {
        "manchu": {
            "ᠠ": 138,
            "ᡵ": 20,
            "ᡤ": 7,
            "ᠨ": 38,
            "ᡳ": 72,
            "ᠶ": 10,
            "ᠮ": 26,
            "ᠴ": 14,
            "ᡝ": 39,
            "ᠪ": 25,
            "ᡴ": 10,
            "ᡩ": 38,
            "ᠸ": 9,
            "ᡠ": 9,
            "ᠣ": 19,
            "ᠯ": 19,
            "ᠩ": 7,
            "ᡧ": 3,
            "ᡡ": 4,
            "ᡶ": 5,
            "ᠵ": 13,
            "ᠰ": 15,
            "ᡥ": 20,
            "ᡮ": 2,
            "ᡨ": 3
        },
        "roman": {
            "A": 139,
            "R": 20,
            "G": 13,
            "N": 43,
            "I": 71,
            "Y": 10,
            "M": 26,
            "C": 14,
            "E": 38,
            "B": 25,
            "K": 10,
            "D": 38,
            "F": 11,
            "U": 11,
            "O": 19,
            "L": 19,
            "Š": 3,
            "Ū": 4,
            "J": 13,
            "S": 18,
            "H": 20,
            "W": 2,
            "T": 5
        }
    }
}