{
    "model_name": "qwen-25-3b",
    "checkpoint": 16000,
    "total_predictions": 1000,
    "manchu_word_accuracy": 0.749,
    "roman_word_accuracy": 0.749,
    "manchu_cer": 0.05774161255411263,
    "roman_cer": 0.056669475622416844,
    "manchu_f1_score": 0.9518793619156093,
    "roman_f1_score": 0.9524890366349791,
    "inference_time": 708.5228707790375,
    "frequent_error": {
        "manchu": {
            "ᡳ": 111,
            "ᠨ": 47,
            "ᡩ": 26,
            "ᡠ": 48,
            "ᠮ": 29,
            "ᠠ": 146,
            "ᡥ": 64,
            "ᠪ": 49,
            "ᡴ": 40,
            "ᡝ": 107,
            "ᠶ": 12,
            "ᠣ": 44,
            "ᡵ": 42,
            "ᠯ": 35,
            "ᠸ": 12,
            "ᡶ": 8,
            "ᡧ": 19,
            "ᡨ": 27,
            "ᡡ": 23,
            "ᠩ": 23,
            "ᡤ": 24,
            "ᠵ": 15,
            "ᠰ": 11,
            "ᠴ": 19
        },
        "roman": {
            "I": 111,
            "N": 69,
            "D": 25,
            "U": 48,
            "M": 29,
            "A": 146,
            "H": 64,
            "B": 48,
            "K": 40,
            "Y": 13,
            "E": 105,
            "O": 44,
            "R": 42,
            "L": 34,
            "F": 18,
            "Š": 19,
            "T": 27,
            "Ū": 23,
            "G": 34,
            "J": 15,
            "S": 11,
            "C": 19,
            "W": 3
        }
    }
}