{
    "model_name": "qwen-25-3b",
    "checkpoint": 95000,
    "total_predictions": 1000,
    "manchu_word_accuracy": 0.832,
    "roman_word_accuracy": 0.832,
    "manchu_cer": 0.03996399197208025,
    "roman_cer": 0.03996677797177025,
    "manchu_f1_score": 0.9671922037677361,
    "roman_f1_score": 0.9674069587358402,
    "inference_time": 737.5606288909912,
    "frequent_error": {
        "manchu": {
            "ᠨ": 40,
            "ᠴ": 14,
            "ᡠ": 27,
            "ᡥ": 48,
            "ᡡ": 24,
            "ᡳ": 61,
            "ᡝ": 82,
            "ᠩ": 23,
            "ᡤ": 26,
            "ᠯ": 17,
            "ᡵ": 36,
            "ᡧ": 7,
            "ᠵ": 17,
            "ᡩ": 11,
            "ᠣ": 12,
            "ᠸ": 7,
            "ᡴ": 40,
            "ᡨ": 14,
            "ᠮ": 19,
            "ᠪ": 25,
            "ᡶ": 2,
            "ᠠ": 94,
            "ᠰ": 8,
            "ᠶ": 9,
            "᠋": 1,
            "ᡦ": 1
        },
        "roman": {
            "N": 61,
            "C": 15,
            "U": 28,
            "H": 51,
            "Ū": 24,
            "I": 67,
            "E": 82,
            "G": 38,
            "L": 17,
            "R": 37,
            "Š": 9,
            "J": 17,
            "D": 11,
            "O": 12,
            "F": 9,
            "K": 40,
            "A": 106,
            "B": 28,
            "T": 15,
            "M": 19,
            "S": 7,
            "Y": 10,
            "W": 2,
            "'": 1,
            "P": 1
        }
    }
}