{
    "model_name": "qwen-25-3b",
    "checkpoint": 101000,
    "total_predictions": 1000,
    "manchu_word_accuracy": 0.834,
    "roman_word_accuracy": 0.834,
    "manchu_cer": 0.03873425806219923,
    "roman_cer": 0.038175983880240835,
    "manchu_f1_score": 0.9680901812243884,
    "roman_f1_score": 0.9683521932086696,
    "inference_time": 715.9141130447388,
    "frequent_error": {
        "manchu": {
            "ᡦ": 2,
            "ᡯ": 1,
            "ᡳ": 70,
            "ᡝ": 92,
            "ᠨ": 31,
            "ᠵ": 9,
            "ᠴ": 20,
            "ᡵ": 31,
            "ᠪ": 23,
            "ᡠ": 26,
            "ᡥ": 44,
            "ᠩ": 21,
            "ᡤ": 30,
            "ᡴ": 31,
            "ᠠ": 91,
            "ᠸ": 9,
            "ᠣ": 17,
            "ᡡ": 24,
            "ᠮ": 22,
            "ᠯ": 33,
            "ᡧ": 6,
            "ᠰ": 10,
            "ᡨ": 16,
            "ᡶ": 3,
            "ᠶ": 10,
            "ᡩ": 10
        },
        "roman": {
            "P": 2,
            "D": 11,
            "Z": 1,
            "I": 71,
            "E": 89,
            "N": 53,
            "J": 9,
            "C": 20,
            "R": 31,
            "B": 22,
            "U": 25,
            "H": 45,
            "G": 42,
            "K": 31,
            "A": 95,
            "F": 11,
            "O": 17,
            "Ū": 24,
            "M": 21,
            "L": 33,
            "Š": 7,
            "S": 10,
            "T": 16,
            "Y": 10,
            "W": 2
        }
    }
}