{
    "model_name": "qwen-25-3b",
    "checkpoint": 78000,
    "total_predictions": 1000,
    "manchu_word_accuracy": 0.814,
    "roman_word_accuracy": 0.814,
    "manchu_cer": 0.04089901626151629,
    "roman_cer": 0.040395556790990265,
    "manchu_f1_score": 0.9664275928921057,
    "roman_f1_score": 0.9670229564238438,
    "inference_time": 709.4559240341187,
    "frequent_error": {
        "manchu": {
            "ᠵ": 22,
            "ᠠ": 127,
            "ᠮ": 17,
            "ᡥ": 68,
            "ᠪ": 29,
            "ᡳ": 78,
            "ᡧ": 11,
            "ᡴ": 28,
            "ᡡ": 23,
            "ᡩ": 13,
            "ᡵ": 35,
            "ᡨ": 14,
            "᠋": 1,
            "ᡠ": 36,
            "ᠯ": 27,
            "ᠶ": 9,
            "ᠩ": 32,
            "ᡶ": 5,
            "ᡝ": 93,
            "ᠨ": 43,
            "ᡤ": 40,
            "ᠣ": 15,
            "ᠰ": 11,
            "ᠸ": 3,
            "ᠴ": 18
        },
        "roman": {
            "J": 22,
            "A": 126,
            "M": 18,
            "H": 70,
            "B": 31,
            "I": 81,
            "Š": 11,
            "K": 28,
            "Ū": 23,
            "D": 13,
            "R": 34,
            "T": 16,
            "'": 1,
            "U": 37,
            "L": 27,
            "Y": 9,
            "N": 73,
            "G": 53,
            "E": 91,
            "F": 5,
            "O": 17,
            "S": 11,
            "C": 18,
            "W": 2
        }
    }
}