{
    "model_name": "qwen-25-3b",
    "checkpoint": 110000,
    "total_predictions": 218,
    "manchu_word_accuracy": 0.24311926605504589,
    "roman_word_accuracy": 0.24311926605504589,
    "manchu_cer": 0.38501893111984853,
    "roman_cer": 0.3817078054463376,
    "manchu_f1_score": 0.7013741355484474,
    "roman_f1_score": 0.7033808038437801,
    "inference_time": 788.9854437714323,
    "frequent_error": {
        "manchu": {
            "ᠪ": 29,
            "ᠠ": 145,
            "ᡤ": 7,
            "ᡩ": 32,
            "ᡝ": 30,
            "ᡳ": 64,
            "ᠣ": 17,
            "ᠴ": 11,
            "ᠯ": 16,
            "ᠮ": 26,
            "ᡶ": 4,
            "ᡧ": 5,
            "ᠰ": 10,
            "ᠩ": 8,
            "ᡥ": 16,
            "ᡵ": 21,
            "ᡴ": 7,
            "ᡡ": 4,
            "ᠨ": 32,
            "ᠵ": 14,
            "ᡠ": 13,
            "ᡮ": 2,
            "ᠶ": 9,
            "ᠸ": 7,
            "ᡨ": 1
        },
        "roman": {
            "B": 29,
            "A": 144,
            "G": 12,
            "D": 32,
            "E": 30,
            "I": 64,
            "O": 17,
            "C": 11,
            "L": 16,
            "M": 26,
            "Š": 5,
            "S": 12,
            "N": 40,
            "H": 16,
            "R": 21,
            "K": 7,
            "Ū": 4,
            "F": 9,
            "J": 14,
            "U": 14,
            "T": 3,
            "Y": 9,
            "W": 1
        }
    }
}