{
    "model_name": "qwen-25-3b",
    "checkpoint": 51000,
    "total_predictions": 1000,
    "manchu_word_accuracy": 0.767,
    "roman_word_accuracy": 0.768,
    "manchu_cer": 0.05171389860139868,
    "roman_cer": 0.05247142307726683,
    "manchu_f1_score": 0.9561617403467353,
    "roman_f1_score": 0.9559265389683675,
    "inference_time": 708.0984711647034,
    "frequent_error": {
        "manchu": {
            "ᠣ": 36,
            "ᠸ": 13,
            "ᡵ": 45,
            "ᡨ": 26,
            "ᡥ": 73,
            "ᡤ": 33,
            "ᠮ": 16,
            "ᡧ": 16,
            "ᡝ": 97,
            "ᠪ": 31,
            "ᡠ": 32,
            "ᠩ": 26,
            "ᠯ": 32,
            "ᡡ": 27,
            "ᠵ": 16,
            "ᠠ": 149,
            "ᠨ": 44,
            "ᡴ": 44,
            "ᡳ": 99,
            "ᠰ": 12,
            "ᡦ": 4,
            "ᠶ": 11,
            "ᡩ": 11,
            "ᠴ": 27,
            "ᡶ": 1
        },
        "roman": {
            "O": 36,
            "F": 18,
            "R": 45,
            "T": 26,
            "H": 74,
            "G": 45,
            "M": 16,
            "Š": 16,
            "E": 97,
            "B": 32,
            "U": 31,
            "N": 67,
            "L": 32,
            "Ū": 27,
            "J": 16,
            "A": 147,
            "K": 44,
            "I": 100,
            "S": 11,
            "P": 4,
            "Y": 11,
            "D": 11,
            "C": 27,
            "W": 3
        }
    }
}