{
    "model_name": "qwen-25-3b",
    "checkpoint": 34000,
    "total_predictions": 1000,
    "manchu_word_accuracy": 0.668,
    "roman_word_accuracy": 0.668,
    "manchu_cer": 0.08176883843280916,
    "roman_cer": 0.0803851939726941,
    "manchu_f1_score": 0.9335045418599774,
    "roman_f1_score": 0.9345284447265584,
    "inference_time": 905.6647336483002,
    "frequent_error": {
        "manchu": {
            "ᡤ": 60,
            "ᠠ": 197,
            "ᡥ": 106,
            "ᠪ": 62,
            "ᡳ": 154,
            "ᡝ": 181,
            "ᡠ": 76,
            "ᡩ": 33,
            "ᠰ": 11,
            "ᠴ": 31,
            "ᠨ": 73,
            "ᠩ": 39,
            "ᡨ": 27,
            "ᡡ": 34,
            "ᠵ": 39,
            "ᡵ": 63,
            "ᡧ": 15,
            "ᡴ": 61,
            "ᠯ": 47,
            "ᠸ": 21,
            "ᠣ": 60,
            "ᠮ": 32,
            "᠋": 2,
            "ᠶ": 18,
            "ᡶ": 3,
            "ᡦ": 1
        },
        "roman": {
            "G": 86,
            "A": 199,
            "H": 107,
            "B": 62,
            "I": 155,
            "E": 183,
            "U": 76,
            "D": 33,
            "S": 11,
            "C": 32,
            "N": 113,
            "K": 62,
            "Ū": 35,
            "T": 27,
            "J": 39,
            "R": 63,
            "Š": 15,
            "L": 49,
            "F": 17,
            "O": 60,
            "M": 32,
            "'": 2,
            "Y": 18,
            "W": 7,
            "P": 1
        }
    }
}