{
    "model_name": "qwen-25-3b",
    "checkpoint": 89000,
    "total_predictions": 218,
    "manchu_word_accuracy": 0.22018348623853212,
    "roman_word_accuracy": 0.22018348623853212,
    "manchu_cer": 0.37922524722983436,
    "roman_cer": 0.37402282987145374,
    "manchu_f1_score": 0.6960358853235269,
    "roman_f1_score": 0.6981353061969133,
    "inference_time": 772.7934461121165,
    "frequent_error": {
        "manchu": {
            "ᠠ": 147,
            "ᠮ": 27,
            "ᡨ": 1,
            "ᠨ": 35,
            "ᡳ": 72,
            "ᡝ": 34,
            "ᡮ": 2,
            "ᠵ": 14,
            "ᠶ": 10,
            "ᠩ": 9,
            "ᡩ": 36,
            "ᠪ": 31,
            "ᠰ": 11,
            "ᡠ": 14,
            "ᠯ": 15,
            "ᡴ": 9,
            "ᡡ": 4,
            "ᠣ": 18,
            "ᡶ": 3,
            "ᠸ": 9,
            "ᠴ": 11,
            "ᡥ": 16,
            "ᡵ": 24,
            "ᡤ": 9,
            "ᡧ": 5
        },
        "roman": {
            "A": 147,
            "M": 27,
            "T": 3,
            "N": 44,
            "I": 71,
            "E": 34,
            "S": 13,
            "J": 14,
            "Y": 10,
            "G": 14,
            "D": 36,
            "B": 31,
            "U": 15,
            "L": 15,
            "K": 8,
            "Ū": 4,
            "O": 18,
            "F": 10,
            "C": 11,
            "H": 16,
            "R": 24,
            "Š": 5,
            "W": 1
        }
    }
}