{
    "model_name": "qwen-25-3b",
    "checkpoint": 41000,
    "total_predictions": 1000,
    "manchu_word_accuracy": 0.687,
    "roman_word_accuracy": 0.687,
    "manchu_cer": 0.07314879703629709,
    "roman_cer": 0.07245172174316918,
    "manchu_f1_score": 0.9402935022194481,
    "roman_f1_score": 0.9407637231424731,
    "inference_time": 707.3740704059601,
    "frequent_error": {
        "manchu": {
            "ᠠ": 160,
            "ᠨ": 69,
            "ᡩ": 24,
            "ᡠ": 53,
            "ᠮ": 25,
            "ᡝ": 166,
            "ᠩ": 58,
            "ᡤ": 69,
            "ᡳ": 123,
            "ᠶ": 12,
            "ᡥ": 83,
            "ᡡ": 41,
            "ᠣ": 49,
            "ᡨ": 24,
            "ᡵ": 76,
            "ᡧ": 20,
            "ᠵ": 23,
            "ᡴ": 51,
            "ᠪ": 54,
            "ᠯ": 40,
            "ᠴ": 25,
            "ᡶ": 7,
            "ᠸ": 7,
            "ᡦ": 3,
            "ᠰ": 12,
            "᠋": 1
        },
        "roman": {
            "W": 4,
            "A": 164,
            "N": 125,
            "D": 24,
            "U": 53,
            "M": 27,
            "E": 170,
            "G": 102,
            "I": 127,
            "Y": 12,
            "H": 84,
            "Ū": 41,
            "O": 49,
            "T": 25,
            "R": 76,
            "Š": 20,
            "J": 23,
            "K": 52,
            "B": 57,
            "L": 40,
            "C": 26,
            "F": 12,
            "P": 3,
            "S": 12,
            "'": 1
        }
    }
}