{
    "model_name": "qwen-25-3b",
    "checkpoint": 71000,
    "total_predictions": 1000,
    "manchu_word_accuracy": 0.798,
    "roman_word_accuracy": 0.798,
    "manchu_cer": 0.04092982001658475,
    "roman_cer": 0.040996648041501035,
    "manchu_f1_score": 0.9659145461916513,
    "roman_f1_score": 0.9659540713269738,
    "inference_time": 713.2158401012421,
    "frequent_error": {
        "manchu": {
            "ᠣ": 22,
            "ᠨ": 37,
            "ᡨ": 19,
            "ᡠ": 34,
            "ᡵ": 37,
            "ᡳ": 92,
            "ᡩ": 14,
            "ᠮ": 27,
            "ᠠ": 123,
            "ᡥ": 55,
            "ᠪ": 37,
            "ᠴ": 19,
            "ᡴ": 35,
            "ᡡ": 23,
            "ᠩ": 30,
            "ᡤ": 39,
            "ᡝ": 115,
            "ᠸ": 10,
            "ᠵ": 11,
            "ᠯ": 27,
            "ᠶ": 14,
            "ᡦ": 5,
            "ᡧ": 13,
            "ᡶ": 3,
            "ᠰ": 6
        },
        "roman": {
            "O": 22,
            "N": 67,
            "T": 19,
            "U": 35,
            "R": 38,
            "I": 93,
            "D": 13,
            "M": 26,
            "A": 119,
            "H": 52,
            "B": 36,
            "C": 19,
            "K": 36,
            "Ū": 23,
            "G": 50,
            "E": 114,
            "F": 16,
            "J": 11,
            "L": 26,
            "Y": 14,
            "P": 5,
            "Š": 13,
            "S": 6,
            "W": 2
        }
    }
}