{
    "model_name": "qwen-25-3b",
    "checkpoint": 45000,
    "total_predictions": 1000,
    "manchu_word_accuracy": 0.734,
    "roman_word_accuracy": 0.734,
    "manchu_cer": 0.06093634641502299,
    "roman_cer": 0.06167811045163994,
    "manchu_f1_score": 0.95206020979007,
    "roman_f1_score": 0.9521185662892242,
    "inference_time": 710.0121238231659,
    "frequent_error": {
        "manchu": {
            "ᡩ": 21,
            "ᠶ": 6,
            "ᠠ": 153,
            "ᡳ": 121,
            "ᠨ": 42,
            "ᠮ": 23,
            "ᠪ": 55,
            "ᡥ": 83,
            "ᡝ": 107,
            "ᡡ": 36,
            "ᡵ": 48,
            "ᡤ": 52,
            "ᡴ": 52,
            "ᠩ": 29,
            "ᠣ": 34,
            "ᠯ": 22,
            "ᡧ": 26,
            "ᡨ": 34,
            "ᡠ": 50,
            "ᠴ": 31,
            "ᠸ": 9,
            "ᠰ": 11,
            "ᠵ": 24,
            "ᡶ": 1,
            "ᡦ": 3
        },
        "roman": {
            "D": 22,
            "Y": 7,
            "A": 160,
            "I": 127,
            "N": 73,
            "M": 25,
            "B": 57,
            "H": 85,
            "E": 110,
            "Ū": 37,
            "R": 50,
            "G": 67,
            "K": 55,
            "O": 34,
            "L": 23,
            "Š": 26,
            "T": 36,
            "U": 50,
            "C": 31,
            "F": 10,
            "S": 11,
            "W": 4,
            "J": 25,
            "P": 3
        }
    }
}