{
    "model_name": "qwen-25-3b",
    "checkpoint": 65000,
    "total_predictions": 1000,
    "manchu_word_accuracy": 0.791,
    "roman_word_accuracy": 0.791,
    "manchu_cer": 0.05078997807747813,
    "roman_cer": 0.05067185771744599,
    "manchu_f1_score": 0.960061794506648,
    "roman_f1_score": 0.9601615775480918,
    "inference_time": 711.5010068416595,
    "frequent_error": {
        "manchu": {
            "ᠪ": 40,
            "ᡳ": 91,
            "ᡠ": 41,
            "ᡩ": 15,
            "ᠯ": 29,
            "ᡝ": 97,
            "ᠣ": 35,
            "ᡴ": 41,
            "ᡧ": 10,
            "ᡨ": 21,
            "ᠠ": 123,
            "ᠮ": 21,
            "ᠨ": 45,
            "ᠴ": 21,
            "ᡥ": 47,
            "ᠩ": 25,
            "ᡤ": 36,
            "ᡡ": 25,
            "ᡵ": 33,
            "ᠸ": 16,
            "ᠵ": 9,
            "ᠶ": 10,
            "ᠰ": 13,
            "ᡦ": 5,
            "ᡶ": 1
        },
        "roman": {
            "B": 40,
            "K": 43,
            "I": 91,
            "U": 40,
            "M": 22,
            "H": 49,
            "E": 96,
            "D": 15,
            "L": 29,
            "O": 35,
            "Š": 10,
            "T": 21,
            "A": 123,
            "N": 70,
            "C": 21,
            "G": 46,
            "Ū": 26,
            "R": 33,
            "F": 16,
            "J": 9,
            "W": 4,
            "Y": 9,
            "S": 13,
            "P": 5
        }
    }
}