{
    "model_name": "qwen-25-3b",
    "checkpoint": 96000,
    "total_predictions": 218,
    "manchu_word_accuracy": 0.22935779816513763,
    "roman_word_accuracy": 0.22935779816513763,
    "manchu_cer": 0.38113474191455826,
    "roman_cer": 0.37941819902829066,
    "manchu_f1_score": 0.6990928473996472,
    "roman_f1_score": 0.7021926512954576,
    "inference_time": 787.0453771101226,
    "frequent_error": {
        "manchu": {
            "ᠠ": 146,
            "ᡩ": 34,
            "ᡵ": 22,
            "ᠮ": 26,
            "ᡝ": 30,
            "ᡤ": 7,
            "ᠪ": 30,
            "ᡳ": 68,
            "ᠶ": 10,
            "ᠴ": 12,
            "ᠩ": 7,
            "ᠨ": 34,
            "ᠯ": 17,
            "ᠰ": 10,
            "ᠣ": 19,
            "ᠸ": 8,
            "ᡨ": 2,
            "ᠵ": 14,
            "ᡥ": 18,
            "ᡶ": 3,
            "ᡧ": 5,
            "ᡮ": 2,
            "ᡠ": 13,
            "ᡡ": 4,
            "ᡴ": 8
        },
        "roman": {
            "A": 149,
            "D": 34,
            "R": 22,
            "M": 26,
            "E": 30,
            "G": 11,
            "B": 30,
            "I": 69,
            "Y": 10,
            "C": 12,
            "N": 41,
            "L": 17,
            "S": 12,
            "O": 19,
            "W": 1,
            "T": 4,
            "J": 14,
            "F": 9,
            "H": 18,
            "Š": 5,
            "U": 14,
            "Ū": 4,
            "K": 8
        }
    }
}