{
    "model_name": "qwen-25-3b",
    "checkpoint": 84000,
    "total_predictions": 218,
    "manchu_word_accuracy": 0.22018348623853212,
    "roman_word_accuracy": 0.22018348623853212,
    "manchu_cer": 0.36634679031468015,
    "roman_cer": 0.364162430332155,
    "manchu_f1_score": 0.7034109718607832,
    "roman_f1_score": 0.7052143140783185,
    "inference_time": 775.6397756961508,
    "frequent_error": {
        "manchu": {
            "ᠠ": 142,
            "ᡳ": 69,
            "ᠨ": 34,
            "ᡠ": 13,
            "ᡝ": 28,
            "ᡵ": 22,
            "ᠴ": 13,
            "ᡩ": 40,
            "ᠯ": 13,
            "ᠣ": 16,
            "ᠪ": 29,
            "ᡴ": 9,
            "ᠮ": 27,
            "ᠸ": 10,
            "ᠰ": 8,
            "ᠩ": 9,
            "ᡥ": 18,
            "ᠶ": 9,
            "ᡤ": 10,
            "ᠵ": 13,
            "ᡮ": 2,
            "ᡨ": 2,
            "ᡧ": 3,
            "ᡶ": 4,
            "ᡡ": 4
        },
        "roman": {
            "A": 143,
            "I": 69,
            "N": 45,
            "U": 14,
            "E": 27,
            "R": 22,
            "C": 13,
            "D": 40,
            "L": 13,
            "O": 16,
            "B": 29,
            "K": 8,
            "M": 27,
            "F": 12,
            "S": 11,
            "H": 18,
            "Y": 9,
            "G": 16,
            "J": 13,
            "T": 4,
            "W": 1,
            "Š": 3,
            "Ū": 4
        }
    }
}