{
    "model_name": "qwen-25-3b",
    "checkpoint": 84000,
    "total_predictions": 1000,
    "manchu_word_accuracy": 0.827,
    "roman_word_accuracy": 0.827,
    "manchu_cer": 0.04204155705405707,
    "roman_cer": 0.041340255251284694,
    "manchu_f1_score": 0.9652726145028689,
    "roman_f1_score": 0.9658268508163137,
    "inference_time": 712.8931386470795,
    "frequent_error": {
        "manchu": {
            "ᡳ": 78,
            "ᡥ": 47,
            "ᠠ": 107,
            "ᡵ": 43,
            "ᡤ": 37,
            "ᠴ": 14,
            "ᡠ": 34,
            "ᡝ": 84,
            "ᠪ": 32,
            "ᠵ": 14,
            "ᡨ": 17,
            "ᠯ": 23,
            "ᡩ": 6,
            "ᠨ": 32,
            "ᠮ": 15,
            "ᡴ": 31,
            "ᡡ": 18,
            "ᠩ": 30,
            "ᡶ": 11,
            "ᠣ": 21,
            "ᠸ": 9,
            "ᠶ": 12,
            "ᡧ": 10,
            "ᡦ": 3,
            "ᠰ": 6
        },
        "roman": {
            "F": 21,
            "I": 76,
            "H": 44,
            "A": 100,
            "R": 42,
            "G": 54,
            "C": 14,
            "U": 33,
            "E": 81,
            "B": 30,
            "J": 14,
            "T": 17,
            "L": 22,
            "D": 6,
            "N": 60,
            "M": 15,
            "K": 30,
            "Ū": 17,
            "O": 21,
            "Y": 11,
            "Š": 10,
            "P": 3,
            "S": 6,
            "W": 3
        }
    }
}