{
    "model_name": "qwen-25-3b",
    "checkpoint": 97000,
    "total_predictions": 1000,
    "manchu_word_accuracy": 0.832,
    "roman_word_accuracy": 0.832,
    "manchu_cer": 0.04035293734043734,
    "roman_cer": 0.03923119747899161,
    "manchu_f1_score": 0.9664579287630762,
    "roman_f1_score": 0.9672749140451311,
    "inference_time": 709.6274132728577,
    "frequent_error": {
        "manchu": {
            "ᡧ": 12,
            "ᠠ": 90,
            "ᡨ": 18,
            "ᠯ": 16,
            "ᡤ": 36,
            "ᡥ": 44,
            "ᠪ": 24,
            "ᡳ": 67,
            "ᠰ": 10,
            "ᡶ": 4,
            "ᡝ": 76,
            "ᡴ": 27,
            "ᠸ": 5,
            "ᠶ": 13,
            "ᠨ": 36,
            "ᡵ": 33,
            "ᡡ": 17,
            "ᠵ": 10,
            "ᠩ": 21,
            "ᠣ": 20,
            "ᠴ": 21,
            "ᡠ": 24,
            "ᡩ": 8,
            "ᠮ": 16,
            "᠋": 1,
            "ᡦ": 2
        },
        "roman": {
            "Š": 12,
            "A": 90,
            "T": 18,
            "L": 17,
            "G": 46,
            "H": 45,
            "B": 24,
            "I": 68,
            "S": 10,
            "F": 6,
            "E": 77,
            "K": 27,
            "Y": 12,
            "N": 53,
            "R": 33,
            "Ū": 17,
            "J": 10,
            "O": 20,
            "C": 21,
            "U": 23,
            "D": 7,
            "M": 15,
            "'": 1,
            "W": 2,
            "P": 2
        }
    }
}