{
    "model_name": "qwen-25-3b",
    "checkpoint": 11000,
    "total_predictions": 1000,
    "manchu_word_accuracy": 0.638,
    "roman_word_accuracy": 0.637,
    "manchu_cer": 0.0879122102570633,
    "roman_cer": 0.08677218816615108,
    "manchu_f1_score": 0.9297575015930275,
    "roman_f1_score": 0.9307527887781343,
    "inference_time": 711.338582277298,
    "frequent_error": {
        "manchu": {
            "ᠠ": 268,
            "ᡥ": 137,
            "ᠪ": 81,
            "ᡳ": 160,
            "ᡝ": 180,
            "ᡶ": 8,
            "ᡵ": 80,
            "ᡤ": 57,
            "ᠮ": 35,
            "ᡨ": 47,
            "ᡴ": 89,
            "ᠣ": 64,
            "ᠶ": 14,
            "ᡠ": 69,
            "ᡡ": 57,
            "ᠯ": 51,
            "ᡩ": 29,
            "ᠨ": 59,
            "ᡧ": 22,
            "ᠩ": 49,
            "ᠵ": 24,
            "ᠴ": 29,
            "ᠸ": 14,
            "ᠰ": 12
        },
        "roman": {
            "A": 268,
            "H": 140,
            "B": 78,
            "I": 160,
            "E": 178,
            "R": 79,
            "G": 89,
            "M": 33,
            "T": 48,
            "K": 90,
            "O": 64,
            "Y": 15,
            "U": 67,
            "Ū": 58,
            "L": 50,
            "D": 29,
            "N": 108,
            "Š": 21,
            "J": 24,
            "C": 28,
            "F": 16,
            "W": 4,
            "S": 12
        }
    }
}