{
    "model_name": "qwen-25-3b",
    "checkpoint": 112000,
    "total_predictions": 1000,
    "manchu_word_accuracy": 0.838,
    "roman_word_accuracy": 0.838,
    "manchu_cer": 0.03711552891552891,
    "roman_cer": 0.03685274439612675,
    "manchu_f1_score": 0.9703430509502857,
    "roman_f1_score": 0.9707488440497493,
    "inference_time": 711.1155962944031,
    "frequent_error": {
        "manchu": {
            "ᡤ": 29,
            "ᡩ": 7,
            "ᡠ": 29,
            "ᠮ": 10,
            "ᠪ": 16,
            "ᡳ": 48,
            "ᡥ": 46,
            "ᡝ": 71,
            "ᠶ": 10,
            "ᠨ": 32,
            "ᡵ": 34,
            "ᡡ": 23,
            "ᠴ": 13,
            "ᠠ": 91,
            "ᠵ": 18,
            "ᡦ": 2,
            "ᠯ": 14,
            "ᡴ": 30,
            "ᠩ": 27,
            "ᠸ": 8,
            "ᠰ": 6,
            "ᠣ": 16,
            "ᡶ": 7,
            "ᡨ": 15,
            "ᡧ": 6
        },
        "roman": {
            "G": 45,
            "D": 7,
            "U": 27,
            "M": 10,
            "B": 15,
            "I": 52,
            "H": 45,
            "E": 71,
            "Y": 11,
            "N": 59,
            "R": 34,
            "Ū": 22,
            "C": 13,
            "A": 92,
            "J": 18,
            "P": 2,
            "L": 14,
            "K": 29,
            "S": 6,
            "O": 16,
            "F": 12,
            "T": 15,
            "Š": 6,
            "W": 2
        }
    }
}