{
    "model_name": "qwen-25-3b",
    "checkpoint": 45000,
    "total_predictions": 218,
    "manchu_word_accuracy": 0.12844036697247707,
    "roman_word_accuracy": 0.12385321100917432,
    "manchu_cer": 0.48236741596833344,
    "roman_cer": 0.4786194182983172,
    "manchu_f1_score": 0.6317681147947577,
    "roman_f1_score": 0.6353829797223587,
    "inference_time": 822.9255555966579,
    "frequent_error": {
        "manchu": {
            "ᠪ": 44,
            "ᡝ": 33,
            "ᡳ": 70,
            "ᠨ": 36,
            "ᠵ": 12,
            "ᡠ": 15,
            "ᡥ": 22,
            "ᠠ": 185,
            "ᡨ": 3,
            "ᠯ": 17,
            "ᡵ": 27,
            "ᡴ": 12,
            "ᡡ": 7,
            "ᠴ": 20,
            "ᡩ": 47,
            "ᠸ": 9,
            "ᠰ": 9,
            "ᠮ": 26,
            "ᠩ": 6,
            "ᡤ": 10,
            "ᠣ": 16,
            "ᡶ": 3,
            "ᡧ": 4,
            "ᠶ": 9,
            "ᡮ": 2
        },
        "roman": {
            "B": 44,
            "E": 32,
            "I": 71,
            "N": 42,
            "J": 12,
            "U": 15,
            "H": 22,
            "A": 187,
            "T": 5,
            "L": 17,
            "R": 27,
            "K": 13,
            "Ū": 7,
            "C": 20,
            "D": 47,
            "F": 10,
            "S": 12,
            "M": 25,
            "G": 14,
            "O": 17,
            "Š": 4,
            "Y": 9,
            "W": 1
        }
    }
}