{
    "model_name": "qwen-25-3b",
    "checkpoint": 42000,
    "total_predictions": 218,
    "manchu_word_accuracy": 0.21559633027522937,
    "roman_word_accuracy": 0.21559633027522937,
    "manchu_cer": 0.3603851423805553,
    "roman_cer": 0.3560055006155925,
    "manchu_f1_score": 0.7110102233618157,
    "roman_f1_score": 0.714313026273361,
    "inference_time": 772.6381710909923,
    "frequent_error": {
        "manchu": {
            "ᡩ": 26,
            "ᠠ": 138,
            "ᠩ": 7,
            "ᠰ": 15,
            "ᡝ": 31,
            "ᠴ": 13,
            "ᠪ": 19,
            "ᡳ": 76,
            "ᠨ": 41,
            "ᠵ": 13,
            "ᡥ": 23,
            "ᡶ": 4,
            "ᡵ": 20,
            "ᠶ": 9,
            "ᡧ": 6,
            "ᡴ": 11,
            "ᡡ": 4,
            "ᠣ": 18,
            "ᠯ": 14,
            "ᠮ": 25,
            "ᡤ": 9,
            "ᠸ": 12,
            "ᡨ": 2,
            "ᡠ": 13,
            "ᡮ": 2
        },
        "roman": {
            "D": 26,
            "A": 141,
            "N": 52,
            "G": 14,
            "S": 17,
            "C": 13,
            "B": 19,
            "I": 78,
            "J": 15,
            "H": 23,
            "F": 13,
            "R": 20,
            "Y": 9,
            "Š": 6,
            "K": 12,
            "Ū": 4,
            "O": 18,
            "L": 14,
            "M": 25,
            "E": 31,
            "T": 4,
            "U": 14,
            "W": 2
        }
    }
}