{
    "model_name": "qwen-25-3b",
    "checkpoint": 6000,
    "total_predictions": 1000,
    "manchu_word_accuracy": 0.494,
    "roman_word_accuracy": 0.493,
    "manchu_cer": 0.1357578121225182,
    "roman_cer": 0.1349391667070461,
    "manchu_f1_score": 0.8921149209525538,
    "roman_f1_score": 0.892587342745626,
    "inference_time": 712.040935754776,
    "frequent_error": {
        "manchu": {
            "ᡝ": 262,
            "ᡠ": 91,
            "ᠨ": 119,
            "ᠣ": 84,
            "ᡵ": 77,
            "ᡨ": 60,
            "ᡥ": 146,
            "ᠩ": 72,
            "ᡤ": 92,
            "ᠯ": 77,
            "ᠠ": 361,
            "ᡴ": 101,
            "ᡳ": 254,
            "ᠰ": 14,
            "ᡡ": 62,
            "ᡧ": 47,
            "ᡩ": 42,
            "ᡶ": 6,
            "ᠮ": 63,
            "ᠪ": 98,
            "ᠵ": 31,
            "ᠴ": 58,
            "ᡦ": 4,
            "ᠶ": 29,
            "ᠸ": 18
        },
        "roman": {
            "E": 263,
            "U": 91,
            "N": 190,
            "O": 85,
            "R": 79,
            "T": 61,
            "H": 145,
            "G": 132,
            "L": 79,
            "A": 355,
            "K": 100,
            "I": 258,
            "S": 14,
            "Ū": 60,
            "Š": 47,
            "D": 43,
            "F": 27,
            "M": 63,
            "B": 97,
            "J": 32,
            "C": 58,
            "P": 4,
            "Y": 30,
            "W": 5
        }
    }
}