{
    "model_name": "qwen-25-3b",
    "checkpoint": 70000,
    "total_predictions": 218,
    "manchu_word_accuracy": 0.22018348623853212,
    "roman_word_accuracy": 0.22018348623853212,
    "manchu_cer": 0.40827574566106695,
    "roman_cer": 0.4063480479764886,
    "manchu_f1_score": 0.6912041292640322,
    "roman_f1_score": 0.6919858683620153,
    "inference_time": 790.563110911518,
    "frequent_error": {
        "manchu": {
            "ᡩ": 38,
            "ᠯ": 13,
            "ᠠ": 145,
            "ᠮ": 25,
            "ᡝ": 27,
            "ᡥ": 18,
            "ᠴ": 18,
            "ᡵ": 21,
            "ᠰ": 11,
            "ᠪ": 29,
            "ᠣ": 17,
            "ᡳ": 64,
            "ᡨ": 1,
            "ᡴ": 13,
            "ᡡ": 5,
            "ᡧ": 5,
            "ᠶ": 10,
            "ᡠ": 13,
            "ᠸ": 9,
            "ᠨ": 33,
            "ᡤ": 10,
            "ᡶ": 4,
            "ᠵ": 13,
            "ᠩ": 8,
            "ᡮ": 2
        },
        "roman": {
            "D": 38,
            "L": 13,
            "A": 145,
            "M": 25,
            "E": 27,
            "H": 18,
            "C": 18,
            "R": 21,
            "S": 14,
            "B": 29,
            "O": 17,
            "I": 64,
            "T": 3,
            "K": 13,
            "Ū": 5,
            "Š": 5,
            "Y": 10,
            "U": 13,
            "F": 10,
            "N": 41,
            "G": 16,
            "J": 13,
            "W": 2
        }
    }
}