{
    "model_name": "qwen-25-3b",
    "checkpoint": 49000,
    "total_predictions": 1000,
    "manchu_word_accuracy": 0.713,
    "roman_word_accuracy": 0.713,
    "manchu_cer": 0.06400492864978166,
    "roman_cer": 0.0638196888895419,
    "manchu_f1_score": 0.9473905181962126,
    "roman_f1_score": 0.947718608041716,
    "inference_time": 713.7232263088226,
    "frequent_error": {
        "manchu": {
            "ᡴ": 56,
            "ᠰ": 9,
            "ᡳ": 123,
            "ᠮ": 33,
            "ᠪ": 50,
            "ᡠ": 40,
            "ᡵ": 65,
            "ᡝ": 127,
            "ᠠ": 204,
            "ᡤ": 53,
            "ᠨ": 64,
            "ᠵ": 21,
            "ᠩ": 49,
            "ᠯ": 42,
            "ᡨ": 23,
            "ᠣ": 62,
            "ᡩ": 17,
            "ᡥ": 76,
            "ᡡ": 30,
            "ᠴ": 24,
            "ᡧ": 26,
            "ᠶ": 16,
            "ᡦ": 2,
            "ᠸ": 12,
            "ᡶ": 4
        },
        "roman": {
            "K": 54,
            "S": 9,
            "I": 127,
            "M": 33,
            "B": 53,
            "U": 41,
            "R": 65,
            "E": 133,
            "A": 208,
            "G": 81,
            "N": 112,
            "J": 21,
            "L": 42,
            "T": 24,
            "O": 62,
            "D": 16,
            "H": 79,
            "Ū": 29,
            "C": 26,
            "Š": 27,
            "Y": 17,
            "P": 2,
            "F": 13,
            "W": 7
        }
    }
}