{
    "model_name": "qwen-25-3b",
    "checkpoint": 100000,
    "total_predictions": 1000,
    "manchu_word_accuracy": 0.843,
    "roman_word_accuracy": 0.841,
    "manchu_cer": 0.03513338050838048,
    "roman_cer": 0.0351073562058856,
    "manchu_f1_score": 0.9712232196851446,
    "roman_f1_score": 0.9711729606316457,
    "inference_time": 712.0621812343597,
    "frequent_error": {
        "manchu": {
            "ᡩ": 11,
            "ᠠ": 101,
            "ᠨ": 45,
            "ᠮ": 15,
            "ᡝ": 75,
            "ᠰ": 8,
            "ᡠ": 31,
            "ᡤ": 30,
            "ᡳ": 54,
            "ᠴ": 14,
            "ᡡ": 20,
            "ᠯ": 23,
            "ᡥ": 48,
            "ᡵ": 33,
            "ᡴ": 33,
            "ᡨ": 12,
            "ᠣ": 12,
            "ᠩ": 21,
            "ᡧ": 10,
            "ᠪ": 16,
            "ᡮ": 1,
            "ᠶ": 5,
            "ᠸ": 8,
            "ᠵ": 13,
            "ᡯ": 2,
            "ᡦ": 1
        },
        "roman": {
            "D": 13,
            "A": 106,
            "N": 65,
            "M": 18,
            "E": 79,
            "S": 10,
            "U": 32,
            "G": 41,
            "I": 58,
            "C": 14,
            "Ū": 20,
            "L": 23,
            "H": 50,
            "R": 34,
            "K": 34,
            "T": 14,
            "O": 12,
            "Š": 10,
            "B": 20,
            "Y": 5,
            "W": 5,
            "J": 13,
            "F": 5,
            "Z": 2,
            "P": 1
        }
    }
}