{
    "model_name": "qwen-25-3b",
    "checkpoint": 63000,
    "total_predictions": 1000,
    "manchu_word_accuracy": 0.798,
    "roman_word_accuracy": 0.799,
    "manchu_cer": 0.04920233051262466,
    "roman_cer": 0.04877577453076683,
    "manchu_f1_score": 0.9619999509296876,
    "roman_f1_score": 0.962193428575286,
    "inference_time": 711.723760843277,
    "frequent_error": {
        "manchu": {
            "ᡴ": 41,
            "ᠨ": 45,
            "ᡳ": 74,
            "ᠪ": 30,
            "ᡠ": 32,
            "ᠰ": 8,
            "ᡥ": 50,
            "ᡡ": 31,
            "ᡨ": 25,
            "ᠠ": 140,
            "ᡝ": 90,
            "ᡧ": 14,
            "ᠵ": 17,
            "ᠩ": 34,
            "ᡤ": 40,
            "ᠸ": 7,
            "ᠣ": 25,
            "ᡵ": 32,
            "ᡩ": 7,
            "ᡦ": 2,
            "ᠶ": 9,
            "ᠴ": 16,
            "ᠮ": 12,
            "ᠯ": 29,
            "ᡶ": 5,
            "ᡯ": 1
        },
        "roman": {
            "K": 40,
            "N": 80,
            "I": 76,
            "B": 31,
            "U": 34,
            "S": 8,
            "H": 51,
            "Ū": 30,
            "T": 27,
            "A": 137,
            "E": 90,
            "Š": 13,
            "J": 18,
            "G": 66,
            "W": 4,
            "F": 10,
            "O": 25,
            "R": 31,
            "D": 8,
            "P": 2,
            "Y": 10,
            "C": 15,
            "M": 12,
            "L": 28,
            "Z": 1
        }
    }
}