{
    "model_name": "qwen-25-3b",
    "checkpoint": 93000,
    "total_predictions": 218,
    "manchu_word_accuracy": 0.22935779816513763,
    "roman_word_accuracy": 0.22935779816513763,
    "manchu_cer": 0.35621318029574917,
    "roman_cer": 0.3536228934164715,
    "manchu_f1_score": 0.7150804500710061,
    "roman_f1_score": 0.7174368934086465,
    "inference_time": 791.4632996287914,
    "frequent_error": {
        "manchu": {
            "ᡩ": 34,
            "ᠠ": 138,
            "ᠰ": 10,
            "ᡝ": 27,
            "ᠯ": 15,
            "ᠸ": 7,
            "ᡳ": 63,
            "ᠮ": 26,
            "ᡤ": 8,
            "ᠪ": 28,
            "ᡨ": 2,
            "ᡵ": 23,
            "ᡴ": 10,
            "ᡡ": 3,
            "ᠨ": 32,
            "ᠶ": 10,
            "ᡥ": 13,
            "ᠣ": 17,
            "ᡠ": 11,
            "ᠵ": 14,
            "ᡧ": 5,
            "ᠴ": 11,
            "ᠩ": 7,
            "ᡶ": 4,
            "ᡮ": 2
        },
        "roman": {
            "D": 34,
            "A": 139,
            "S": 12,
            "E": 27,
            "L": 15,
            "F": 9,
            "I": 63,
            "M": 26,
            "G": 12,
            "B": 28,
            "T": 4,
            "R": 23,
            "K": 10,
            "Ū": 3,
            "N": 39,
            "Y": 10,
            "H": 13,
            "O": 17,
            "U": 12,
            "J": 14,
            "W": 1,
            "Š": 5,
            "C": 11
        }
    }
}