{
    "model_name": "qwen-25-3b",
    "checkpoint": 7000,
    "total_predictions": 218,
    "manchu_word_accuracy": 0.0871559633027523,
    "roman_word_accuracy": 0.0871559633027523,
    "manchu_cer": 0.5916815600301841,
    "roman_cer": 0.5878645564425383,
    "manchu_f1_score": 0.6257500137626959,
    "roman_f1_score": 0.6256430645866695,
    "inference_time": 838.4924995789834,
    "frequent_error": {
        "manchu": {
            "ᡝ": 50,
            "ᠨ": 35,
            "ᡩ": 32,
            "ᡠ": 18,
            "ᠮ": 31,
            "ᡳ": 76,
            "ᠵ": 12,
            "ᡥ": 21,
            "ᠠ": 168,
            "ᡧ": 5,
            "ᠸ": 13,
            "ᠪ": 40,
            "ᠯ": 19,
            "ᠣ": 15,
            "ᠩ": 10,
            "ᡤ": 12,
            "ᡴ": 14,
            "ᡡ": 7,
            "ᠰ": 10,
            "ᡵ": 15,
            "ᠶ": 11,
            "ᠴ": 18,
            "ᡨ": 5,
            "ᡮ": 2,
            "ᡶ": 4
        },
        "roman": {
            "E": 50,
            "N": 46,
            "D": 32,
            "U": 19,
            "M": 30,
            "I": 73,
            "J": 12,
            "H": 21,
            "A": 170,
            "Š": 5,
            "F": 13,
            "B": 40,
            "L": 19,
            "O": 15,
            "G": 19,
            "K": 12,
            "Ū": 7,
            "S": 13,
            "R": 15,
            "Y": 11,
            "C": 18,
            "T": 7,
            "W": 2
        }
    }
}