{
    "model_name": "qwen-25-3b",
    "checkpoint": 73000,
    "total_predictions": 1000,
    "manchu_word_accuracy": 0.796,
    "roman_word_accuracy": 0.796,
    "manchu_cer": 0.046490119439384144,
    "roman_cer": 0.045958702327084676,
    "manchu_f1_score": 0.9622612885566644,
    "roman_f1_score": 0.9628607801855185,
    "inference_time": 715.5920150279999,
    "frequent_error": {
        "manchu": {
            "ᠴ": 22,
            "ᡥ": 61,
            "ᠠ": 117,
            "ᠯ": 33,
            "ᠪ": 41,
            "ᡳ": 89,
            "ᡝ": 102,
            "ᠨ": 41,
            "ᡩ": 20,
            "ᡠ": 35,
            "ᡴ": 33,
            "ᠵ": 10,
            "ᡧ": 13,
            "ᠮ": 27,
            "ᠩ": 25,
            "ᡡ": 26,
            "ᡵ": 37,
            "ᡶ": 7,
            "ᡨ": 29,
            "ᠶ": 10,
            "ᠰ": 8,
            "ᠣ": 27,
            "ᡤ": 32,
            "ᠸ": 6,
            "ᡦ": 2,
            "ᡯ": 1
        },
        "roman": {
            "C": 22,
            "H": 61,
            "A": 120,
            "L": 35,
            "B": 41,
            "I": 90,
            "E": 100,
            "N": 67,
            "D": 21,
            "U": 35,
            "K": 34,
            "J": 11,
            "Š": 13,
            "M": 27,
            "G": 40,
            "Ū": 27,
            "R": 38,
            "F": 12,
            "T": 29,
            "Y": 10,
            "S": 9,
            "O": 27,
            "W": 1,
            "P": 2,
            "Z": 1
        }
    }
}