{
    "model_name": "qwen-25-3b",
    "checkpoint": 98000,
    "total_predictions": 218,
    "manchu_word_accuracy": 0.24311926605504589,
    "roman_word_accuracy": 0.24311926605504589,
    "manchu_cer": 0.3732710459774681,
    "roman_cer": 0.37387174497266257,
    "manchu_f1_score": 0.703697909094563,
    "roman_f1_score": 0.7054836333509608,
    "inference_time": 785.0523027805013,
    "frequent_error": {
        "manchu": {
            "ᠵ": 14,
            "ᡳ": 66,
            "ᡩ": 34,
            "ᠣ": 17,
            "ᠰ": 10,
            "ᡵ": 22,
            "ᠯ": 17,
            "ᠠ": 145,
            "ᡝ": 31,
            "ᠨ": 30,
            "ᠩ": 7,
            "ᡴ": 8,
            "ᡤ": 7,
            "ᠪ": 30,
            "ᡡ": 4,
            "ᠮ": 26,
            "ᠶ": 10,
            "ᡧ": 5,
            "ᠴ": 12,
            "ᡥ": 17,
            "ᡠ": 12,
            "ᠸ": 8,
            "ᡶ": 3,
            "ᡮ": 2,
            "ᡨ": 2
        },
        "roman": {
            "J": 14,
            "I": 67,
            "D": 34,
            "O": 17,
            "S": 12,
            "R": 22,
            "L": 17,
            "A": 145,
            "E": 31,
            "N": 37,
            "G": 11,
            "K": 8,
            "B": 30,
            "Ū": 4,
            "M": 26,
            "Y": 10,
            "Š": 5,
            "C": 12,
            "H": 17,
            "U": 13,
            "F": 9,
            "T": 4,
            "W": 1
        }
    }
}