{
    "model_name": "qwen-25-3b",
    "checkpoint": 72000,
    "total_predictions": 1000,
    "manchu_word_accuracy": 0.782,
    "roman_word_accuracy": 0.782,
    "manchu_cer": 0.05114708485958494,
    "roman_cer": 0.051642316872154405,
    "manchu_f1_score": 0.9574307251580089,
    "roman_f1_score": 0.956775817207066,
    "inference_time": 708.3340995311737,
    "frequent_error": {
        "manchu": {
            "ᠰ": 13,
            "ᡳ": 80,
            "ᠨ": 36,
            "ᠠ": 114,
            "ᠴ": 15,
            "ᡥ": 59,
            "ᡤ": 34,
            "ᡝ": 114,
            "ᠩ": 29,
            "ᠣ": 38,
            "ᡧ": 12,
            "ᡦ": 5,
            "ᡨ": 32,
            "ᡠ": 37,
            "ᠶ": 10,
            "ᡵ": 38,
            "ᠵ": 9,
            "ᠯ": 30,
            "ᡴ": 42,
            "ᡡ": 20,
            "ᠮ": 24,
            "ᠪ": 28,
            "ᡩ": 15,
            "ᠸ": 11,
            "ᡶ": 2
        },
        "roman": {
            "S": 16,
            "I": 83,
            "N": 64,
            "A": 120,
            "C": 15,
            "H": 60,
            "G": 47,
            "E": 117,
            "O": 38,
            "Š": 13,
            "P": 5,
            "T": 33,
            "U": 37,
            "Y": 10,
            "R": 40,
            "J": 10,
            "L": 31,
            "K": 42,
            "Ū": 20,
            "M": 27,
            "B": 30,
            "D": 14,
            "F": 17,
            "W": 1
        }
    }
}