{
    "model_name": "qwen-25-3b",
    "checkpoint": 12000,
    "total_predictions": 218,
    "manchu_word_accuracy": 0.16972477064220184,
    "roman_word_accuracy": 0.16972477064220184,
    "manchu_cer": 0.4922948356434594,
    "roman_cer": 0.490791267855488,
    "manchu_f1_score": 0.656353834756212,
    "roman_f1_score": 0.6579262002991658,
    "inference_time": 819.7860356864579,
    "frequent_error": {
        "manchu": {
            "ᠨ": 39,
            "ᠠ": 160,
            "ᡵ": 21,
            "ᡳ": 71,
            "ᠮ": 24,
            "ᠩ": 8,
            "ᠪ": 28,
            "ᡠ": 11,
            "ᠯ": 17,
            "ᡩ": 37,
            "ᠴ": 15,
            "ᠸ": 9,
            "ᡴ": 8,
            "ᡝ": 32,
            "ᠣ": 15,
            "ᠵ": 11,
            "ᡥ": 20,
            "ᡤ": 9,
            "ᡶ": 5,
            "ᡧ": 4,
            "ᠰ": 10,
            "ᠶ": 10,
            "ᡨ": 2,
            "ᡮ": 2,
            "ᡡ": 4
        },
        "roman": {
            "N": 48,
            "A": 163,
            "R": 21,
            "I": 72,
            "M": 24,
            "G": 16,
            "B": 28,
            "U": 12,
            "L": 17,
            "D": 37,
            "C": 15,
            "F": 12,
            "K": 9,
            "E": 32,
            "O": 15,
            "J": 11,
            "H": 20,
            "Š": 4,
            "S": 12,
            "Y": 10,
            "T": 4,
            "Ū": 4,
            "W": 1
        }
    }
}