{
    "model_name": "qwen-25-3b",
    "checkpoint": 79000,
    "total_predictions": 1000,
    "manchu_word_accuracy": 0.813,
    "roman_word_accuracy": 0.813,
    "manchu_cer": 0.04472757544742842,
    "roman_cer": 0.04445551735845855,
    "manchu_f1_score": 0.9643924369152639,
    "roman_f1_score": 0.9646194313151666,
    "inference_time": 712.5619208812714,
    "frequent_error": {
        "manchu": {
            "ᡳ": 66,
            "ᠩ": 24,
            "ᠠ": 100,
            "ᡨ": 14,
            "ᡤ": 30,
            "ᠯ": 27,
            "ᡵ": 38,
            "ᡴ": 33,
            "ᡥ": 51,
            "ᡝ": 74,
            "ᡧ": 5,
            "ᠪ": 27,
            "ᠣ": 28,
            "ᠰ": 13,
            "ᠨ": 28,
            "ᡡ": 25,
            "ᠶ": 11,
            "ᡠ": 26,
            "ᠵ": 10,
            "ᠮ": 12,
            "ᡶ": 4,
            "ᠴ": 9,
            "ᠸ": 9,
            "ᡩ": 8
        },
        "roman": {
            "I": 67,
            "N": 51,
            "G": 40,
            "S": 14,
            "K": 32,
            "A": 98,
            "T": 15,
            "L": 27,
            "R": 38,
            "H": 52,
            "E": 76,
            "Š": 6,
            "B": 26,
            "O": 28,
            "Ū": 25,
            "Y": 11,
            "U": 26,
            "J": 10,
            "M": 12,
            "F": 8,
            "C": 11,
            "W": 4,
            "D": 8
        }
    }
}