{
    "model_name": "qwen-25-3b",
    "checkpoint": 99000,
    "total_predictions": 1000,
    "manchu_word_accuracy": 0.84,
    "roman_word_accuracy": 0.84,
    "manchu_cer": 0.035012939837939835,
    "roman_cer": 0.03497867549117548,
    "manchu_f1_score": 0.971584792149988,
    "roman_f1_score": 0.9717866401496662,
    "inference_time": 714.6055812835693,
    "frequent_error": {
        "manchu": {
            "ᠣ": 24,
            "ᡥ": 48,
            "ᠠ": 93,
            "ᡳ": 61,
            "ᡝ": 68,
            "ᠨ": 33,
            "ᠩ": 18,
            "ᠪ": 29,
            "ᠴ": 13,
            "ᡵ": 30,
            "ᡴ": 24,
            "ᡡ": 12,
            "ᡠ": 32,
            "ᠸ": 8,
            "ᡨ": 17,
            "ᠵ": 6,
            "ᠯ": 19,
            "ᠮ": 20,
            "ᡩ": 8,
            "ᡤ": 25,
            "ᡶ": 5,
            "ᠶ": 9,
            "ᡧ": 15,
            "᠋": 1,
            "ᠰ": 5,
            "ᡦ": 1
        },
        "roman": {
            "O": 24,
            "H": 46,
            "A": 91,
            "I": 61,
            "E": 66,
            "N": 50,
            "G": 34,
            "S": 6,
            "B": 28,
            "C": 13,
            "R": 30,
            "K": 25,
            "Ū": 12,
            "U": 31,
            "F": 14,
            "T": 17,
            "J": 6,
            "L": 19,
            "M": 20,
            "D": 8,
            "Y": 9,
            "Š": 15,
            "'": 1,
            "W": 1,
            "P": 1
        }
    }
}