{
    "model_name": "qwen-25-3b",
    "checkpoint": 85000,
    "total_predictions": 1000,
    "manchu_word_accuracy": 0.832,
    "roman_word_accuracy": 0.832,
    "manchu_cer": 0.03614187756687759,
    "roman_cer": 0.03584870570605865,
    "manchu_f1_score": 0.9703163316968859,
    "roman_f1_score": 0.9705795877356385,
    "inference_time": 712.4431138038635,
    "frequent_error": {
        "manchu": {
            "ᡝ": 80,
            "ᠪ": 24,
            "ᡠ": 33,
            "ᠴ": 17,
            "ᠸ": 7,
            "ᡡ": 18,
            "ᡥ": 52,
            "ᠠ": 100,
            "ᡴ": 34,
            "ᡳ": 73,
            "ᠨ": 29,
            "ᡨ": 11,
            "ᡤ": 24,
            "ᠩ": 19,
            "ᠯ": 24,
            "ᡩ": 9,
            "ᡧ": 9,
            "ᠮ": 13,
            "ᡵ": 29,
            "ᠶ": 11,
            "ᡶ": 1,
            "ᠰ": 8,
            "ᠵ": 14,
            "ᠣ": 11,
            "ᡦ": 2,
            "᠋": 1
        },
        "roman": {
            "E": 80,
            "B": 24,
            "U": 33,
            "C": 17,
            "F": 7,
            "Ū": 17,
            "H": 51,
            "A": 102,
            "K": 34,
            "I": 74,
            "N": 47,
            "T": 12,
            "G": 33,
            "L": 26,
            "D": 9,
            "Š": 8,
            "M": 13,
            "R": 29,
            "Y": 11,
            "S": 8,
            "J": 15,
            "O": 11,
            "W": 2,
            "P": 2,
            "'": 1
        }
    }
}