{
    "model_name": "qwen-25-3b",
    "checkpoint": 40000,
    "total_predictions": 218,
    "manchu_word_accuracy": 0.1651376146788991,
    "roman_word_accuracy": 0.1651376146788991,
    "manchu_cer": 0.4454495810000395,
    "roman_cer": 0.45030978196115784,
    "manchu_f1_score": 0.6531616431778334,
    "roman_f1_score": 0.6536923463596428,
    "inference_time": 788.6756122659106,
    "frequent_error": {
        "manchu": {
            "ᡧ": 5,
            "ᠨ": 38,
            "ᠴ": 17,
            "ᡳ": 73,
            "ᡩ": 40,
            "ᡵ": 21,
            "ᡝ": 35,
            "ᠠ": 177,
            "ᡤ": 8,
            "ᠮ": 28,
            "ᠰ": 14,
            "ᠸ": 11,
            "ᠪ": 36,
            "ᡮ": 2,
            "ᠵ": 16,
            "ᠶ": 9,
            "ᠩ": 5,
            "ᠯ": 18,
            "ᠣ": 17,
            "ᡥ": 18,
            "ᡶ": 4,
            "ᡠ": 16,
            "ᡴ": 12,
            "ᡡ": 5,
            "ᡨ": 2
        },
        "roman": {
            "Š": 5,
            "N": 46,
            "C": 17,
            "I": 73,
            "D": 40,
            "R": 21,
            "E": 36,
            "A": 179,
            "G": 12,
            "M": 27,
            "S": 16,
            "F": 13,
            "B": 36,
            "T": 4,
            "J": 16,
            "Y": 9,
            "L": 18,
            "O": 17,
            "H": 18,
            "U": 16,
            "K": 11,
            "Ū": 5,
            "W": 2
        }
    }
}