{
    "model_name": "qwen-25-3b",
    "checkpoint": 85000,
    "total_predictions": 218,
    "manchu_word_accuracy": 0.22477064220183487,
    "roman_word_accuracy": 0.22477064220183487,
    "manchu_cer": 0.364149853714074,
    "roman_cer": 0.358550610958868,
    "manchu_f1_score": 0.7117773714432486,
    "roman_f1_score": 0.7138323306352828,
    "inference_time": 812.6234002069596,
    "frequent_error": {
        "manchu": {
            "ᠣ": 20,
            "ᡠ": 10,
            "ᠵ": 13,
            "ᡳ": 63,
            "ᡥ": 17,
            "ᡝ": 27,
            "ᠠ": 148,
            "ᠨ": 32,
            "ᡵ": 23,
            "ᠪ": 28,
            "ᡩ": 30,
            "ᠴ": 13,
            "ᠮ": 24,
            "ᠶ": 8,
            "ᠸ": 7,
            "ᡴ": 10,
            "ᠯ": 15,
            "ᡮ": 2,
            "ᠩ": 5,
            "ᡤ": 9,
            "ᡡ": 5,
            "ᡶ": 4,
            "ᠰ": 9,
            "ᡧ": 3,
            "ᡨ": 2
        },
        "roman": {
            "O": 20,
            "U": 11,
            "J": 15,
            "I": 66,
            "H": 17,
            "E": 27,
            "A": 151,
            "N": 43,
            "R": 23,
            "B": 28,
            "D": 30,
            "C": 13,
            "M": 24,
            "Y": 8,
            "F": 9,
            "K": 10,
            "L": 15,
            "W": 1,
            "T": 4,
            "S": 11,
            "G": 13,
            "Ū": 5,
            "Š": 3
        }
    }
}