{
    "model_name": "qwen-25-3b",
    "checkpoint": 1000,
    "total_predictions": 218,
    "manchu_word_accuracy": 0.03211009174311927,
    "roman_word_accuracy": 0.03211009174311927,
    "manchu_cer": 0.6881467029402802,
    "roman_cer": 0.6903264294319335,
    "manchu_f1_score": 0.48315195178390036,
    "roman_f1_score": 0.48331553723982823,
    "inference_time": 431.77195863986236,
    "frequent_error": {
        "manchu": {
            "ᠠ": 204,
            "ᠵ": 18,
            "ᡳ": 90,
            "ᡤ": 15,
            "ᠨ": 46,
            "ᠴ": 18,
            "ᠪ": 65,
            "ᠮ": 39,
            "ᠰ": 23,
            "ᠣ": 26,
            "ᠸ": 11,
            "ᡩ": 27,
            "ᠯ": 27,
            "ᡥ": 34,
            "ᡝ": 56,
            "ᡵ": 28,
            "ᠶ": 15,
            "ᡠ": 21,
            "ᡴ": 16,
            "ᡡ": 7,
            "ᡨ": 3,
            "ᡶ": 6,
            "ᠩ": 11,
            "ᡮ": 2,
            "ᡧ": 4
        },
        "roman": {
            "A": 205,
            "J": 18,
            "I": 91,
            "G": 26,
            "N": 58,
            "C": 20,
            "B": 65,
            "M": 39,
            "S": 25,
            "O": 26,
            "F": 14,
            "D": 27,
            "L": 27,
            "H": 34,
            "E": 57,
            "R": 28,
            "Y": 15,
            "U": 22,
            "K": 17,
            "Ū": 7,
            "T": 5,
            "Š": 4,
            "W": 2
        }
    }
}