{
    "model_name": "qwen-25-3b",
    "checkpoint": 50000,
    "total_predictions": 218,
    "manchu_word_accuracy": 0.18807339449541285,
    "roman_word_accuracy": 0.18807339449541285,
    "manchu_cer": 0.4589907925917101,
    "roman_cer": 0.4543945351284802,
    "manchu_f1_score": 0.6605749702417273,
    "roman_f1_score": 0.6611572779986521,
    "inference_time": 810.8370129121553,
    "frequent_error": {
        "manchu": {
            "ᡳ": 71,
            "ᠰ": 14,
            "ᡝ": 28,
            "ᡴ": 9,
            "ᠠ": 163,
            "ᠮ": 22,
            "ᠪ": 34,
            "ᡩ": 34,
            "ᠣ": 26,
            "ᠩ": 8,
            "ᡵ": 16,
            "ᠨ": 37,
            "ᠯ": 17,
            "ᠸ": 10,
            "ᡡ": 3,
            "ᠴ": 15,
            "ᡠ": 17,
            "ᠵ": 14,
            "ᡥ": 20,
            "ᡤ": 8,
            "ᡶ": 4,
            "ᡨ": 2,
            "ᡮ": 2,
            "ᠶ": 10,
            "ᡧ": 4
        },
        "roman": {
            "I": 71,
            "S": 15,
            "E": 27,
            "K": 9,
            "A": 165,
            "M": 21,
            "B": 34,
            "D": 34,
            "O": 26,
            "N": 44,
            "G": 15,
            "R": 16,
            "L": 17,
            "F": 13,
            "Ū": 3,
            "C": 15,
            "U": 17,
            "J": 14,
            "H": 20,
            "T": 4,
            "Y": 10,
            "W": 1,
            "Š": 4
        }
    }
}