{
    "model_name": "qwen-25-3b",
    "checkpoint": 31000,
    "total_predictions": 218,
    "manchu_word_accuracy": 0.14220183486238533,
    "roman_word_accuracy": 0.14220183486238533,
    "manchu_cer": 0.4645046467294174,
    "roman_cer": 0.4639148695341356,
    "manchu_f1_score": 0.6281757233592102,
    "roman_f1_score": 0.6291209481274672,
    "inference_time": 780.7016678906361,
    "frequent_error": {
        "manchu": {
            "ᠠ": 193,
            "ᠮ": 35,
            "ᡳ": 79,
            "ᠨ": 41,
            "ᡴ": 14,
            "ᠪ": 55,
            "ᡵ": 22,
            "ᡝ": 39,
            "ᠴ": 19,
            "ᡠ": 17,
            "ᡩ": 36,
            "ᡥ": 26,
            "ᠰ": 12,
            "ᠣ": 16,
            "ᡡ": 3,
            "ᡤ": 10,
            "ᡮ": 2,
            "ᠵ": 15,
            "ᠶ": 7,
            "ᠩ": 7,
            "ᡨ": 2,
            "ᠯ": 21,
            "ᠸ": 9,
            "ᡶ": 5,
            "ᡧ": 4
        },
        "roman": {
            "A": 196,
            "M": 35,
            "I": 80,
            "N": 49,
            "K": 15,
            "B": 55,
            "R": 22,
            "E": 39,
            "C": 19,
            "U": 18,
            "D": 36,
            "H": 26,
            "S": 14,
            "O": 16,
            "Ū": 3,
            "G": 17,
            "T": 4,
            "J": 15,
            "Y": 7,
            "L": 21,
            "F": 12,
            "Š": 4,
            "W": 1
        }
    }
}