{
    "model_name": "qwen-25-3b",
    "checkpoint": 43000,
    "total_predictions": 1000,
    "manchu_word_accuracy": 0.689,
    "roman_word_accuracy": 0.689,
    "manchu_cer": 0.07909094377844389,
    "roman_cer": 0.07683399598767246,
    "manchu_f1_score": 0.9384830268159342,
    "roman_f1_score": 0.9394386423037923,
    "inference_time": 712.9732904434204,
    "frequent_error": {
        "manchu": {
            "ᠠ": 196,
            "ᠪ": 69,
            "ᡠ": 54,
            "ᠯ": 59,
            "ᡵ": 57,
            "ᡴ": 59,
            "ᡡ": 52,
            "ᠶ": 13,
            "ᡳ": 138,
            "ᡥ": 98,
            "ᡝ": 138,
            "ᡩ": 15,
            "ᠮ": 32,
            "ᠣ": 39,
            "ᠨ": 54,
            "ᡧ": 25,
            "ᠩ": 41,
            "ᡤ": 43,
            "ᠰ": 15,
            "ᡨ": 39,
            "ᠵ": 24,
            "ᡶ": 8,
            "ᠸ": 18,
            "ᠴ": 18,
            "ᡦ": 1
        },
        "roman": {
            "A": 194,
            "B": 70,
            "U": 53,
            "L": 57,
            "R": 58,
            "K": 59,
            "Ū": 52,
            "Y": 13,
            "I": 137,
            "H": 99,
            "D": 15,
            "E": 136,
            "M": 31,
            "O": 40,
            "N": 87,
            "Š": 25,
            "G": 70,
            "S": 16,
            "T": 39,
            "J": 25,
            "F": 22,
            "W": 4,
            "C": 18,
            "P": 1
        }
    }
}