{
    "model_name": "qwen-25-3b",
    "checkpoint": 102000,
    "total_predictions": 1000,
    "manchu_word_accuracy": 0.835,
    "roman_word_accuracy": 0.835,
    "manchu_cer": 0.03658400806709628,
    "roman_cer": 0.03665908525598927,
    "manchu_f1_score": 0.969731299956522,
    "roman_f1_score": 0.9697067317355046,
    "inference_time": 711.7499549388885,
    "frequent_error": {
        "manchu": {
            "ᠨ": 36,
            "ᡝ": 82,
            "ᠩ": 16,
            "ᡤ": 24,
            "ᠯ": 29,
            "ᡨ": 19,
            "ᡳ": 65,
            "ᠣ": 14,
            "ᡥ": 48,
            "ᠠ": 87,
            "ᠮ": 16,
            "ᡴ": 33,
            "ᡡ": 16,
            "ᡵ": 26,
            "ᠪ": 25,
            "ᡩ": 8,
            "ᡠ": 33,
            "ᠶ": 6,
            "ᡧ": 9,
            "ᠴ": 19,
            "ᠰ": 6,
            "ᠵ": 6,
            "ᡮ": 1,
            "ᡯ": 2,
            "ᡶ": 2,
            "ᠸ": 6,
            "ᡦ": 6
        },
        "roman": {
            "N": 53,
            "E": 81,
            "G": 29,
            "L": 29,
            "T": 20,
            "F": 10,
            "I": 66,
            "O": 14,
            "H": 48,
            "A": 89,
            "M": 16,
            "K": 34,
            "Ū": 16,
            "R": 26,
            "B": 25,
            "D": 10,
            "U": 34,
            "Y": 6,
            "Š": 9,
            "C": 19,
            "S": 7,
            "J": 6,
            "Z": 2,
            "W": 2,
            "P": 6
        }
    }
}