{
    "model_name": "qwen-25-3b",
    "checkpoint": 22000,
    "total_predictions": 218,
    "manchu_word_accuracy": 0.1743119266055046,
    "roman_word_accuracy": 0.17889908256880735,
    "manchu_cer": 0.4143300634126322,
    "roman_cer": 0.4102871771449753,
    "manchu_f1_score": 0.6891836447885393,
    "roman_f1_score": 0.6925325924170337,
    "inference_time": 793.9837208581627,
    "frequent_error": {
        "manchu": {
            "ᠠ": 160,
            "ᡩ": 35,
            "ᠪ": 27,
            "ᡠ": 16,
            "ᠸ": 8,
            "ᡳ": 66,
            "ᠯ": 17,
            "ᠮ": 26,
            "ᠩ": 8,
            "ᡵ": 25,
            "ᡤ": 10,
            "ᡝ": 30,
            "ᠴ": 15,
            "ᠰ": 11,
            "ᡶ": 4,
            "ᠣ": 21,
            "ᡴ": 11,
            "ᡥ": 22,
            "ᡨ": 2,
            "ᡡ": 5,
            "ᠨ": 36,
            "ᠵ": 11,
            "ᠶ": 10,
            "ᡧ": 6,
            "ᡮ": 2
        },
        "roman": {
            "A": 163,
            "D": 34,
            "B": 27,
            "U": 18,
            "F": 10,
            "I": 67,
            "L": 17,
            "M": 25,
            "N": 47,
            "G": 14,
            "R": 25,
            "E": 29,
            "C": 15,
            "S": 14,
            "O": 21,
            "K": 11,
            "H": 22,
            "T": 4,
            "Ū": 5,
            "J": 12,
            "Y": 10,
            "W": 1,
            "Š": 6
        }
    }
}