{
    "model_name": "qwen-25-3b",
    "checkpoint": 58000,
    "total_predictions": 218,
    "manchu_word_accuracy": 0.15137614678899083,
    "roman_word_accuracy": 0.15137614678899083,
    "manchu_cer": 0.447621198882667,
    "roman_cer": 0.44182172312906276,
    "manchu_f1_score": 0.6654326477923354,
    "roman_f1_score": 0.6664487720410552,
    "inference_time": 803.984702180285,
    "frequent_error": {
        "manchu": {
            "ᡳ": 65,
            "ᠶ": 9,
            "ᠠ": 170,
            "ᡶ": 5,
            "ᠨ": 34,
            "ᠵ": 14,
            "ᡥ": 23,
            "ᠪ": 26,
            "ᠣ": 19,
            "ᠴ": 11,
            "ᠰ": 17,
            "ᡩ": 44,
            "ᠮ": 28,
            "ᡨ": 2,
            "ᡠ": 16,
            "ᡴ": 13,
            "ᠸ": 12,
            "ᠩ": 8,
            "ᡮ": 2,
            "ᡵ": 18,
            "ᡝ": 35,
            "ᠯ": 14,
            "ᡡ": 5,
            "ᡧ": 3,
            "ᡤ": 8
        },
        "roman": {
            "I": 63,
            "Y": 9,
            "A": 172,
            "F": 14,
            "N": 43,
            "J": 14,
            "H": 23,
            "B": 26,
            "O": 19,
            "C": 11,
            "S": 19,
            "D": 44,
            "M": 27,
            "T": 4,
            "U": 17,
            "K": 13,
            "G": 15,
            "R": 18,
            "E": 34,
            "L": 14,
            "Ū": 5,
            "Š": 3,
            "W": 2
        }
    }
}