{
    "model_name": "qwen-25-3b",
    "checkpoint": 17000,
    "total_predictions": 1000,
    "manchu_word_accuracy": 0.741,
    "roman_word_accuracy": 0.741,
    "manchu_cer": 0.06564809398118227,
    "roman_cer": 0.06478593946902775,
    "manchu_f1_score": 0.9476817585743258,
    "roman_f1_score": 0.9479638435777288,
    "inference_time": 704.3242311477661,
    "frequent_error": {
        "manchu": {
            "ᡳ": 109,
            "ᠪ": 47,
            "ᡠ": 54,
            "ᠴ": 16,
            "ᠨ": 58,
            "ᠠ": 174,
            "ᡨ": 30,
            "ᠵ": 34,
            "ᠯ": 43,
            "ᠣ": 46,
            "ᡵ": 46,
            "ᡴ": 48,
            "ᡡ": 31,
            "ᠩ": 25,
            "ᡤ": 35,
            "ᠮ": 25,
            "ᠰ": 13,
            "ᡥ": 68,
            "ᡝ": 109,
            "ᠸ": 12,
            "ᠶ": 15,
            "ᡦ": 4,
            "ᡩ": 20,
            "᠋": 1,
            "ᡶ": 4,
            "ᡮ": 1,
            "ᡧ": 20,
            "ᡯ": 1
        },
        "roman": {
            "I": 109,
            "B": 47,
            "U": 54,
            "C": 16,
            "N": 83,
            "A": 168,
            "T": 31,
            "J": 34,
            "L": 43,
            "O": 46,
            "R": 46,
            "K": 48,
            "Ū": 31,
            "G": 43,
            "M": 25,
            "S": 15,
            "H": 68,
            "E": 114,
            "W": 6,
            "Y": 15,
            "P": 4,
            "D": 21,
            "F": 14,
            "'": 1,
            "Š": 19,
            "Z": 1
        }
    }
}