{
    "model_name": "qwen-25-3b",
    "checkpoint": 56000,
    "total_predictions": 218,
    "manchu_word_accuracy": 0.1834862385321101,
    "roman_word_accuracy": 0.1834862385321101,
    "manchu_cer": 0.4448070151051801,
    "roman_cer": 0.43934793544885276,
    "manchu_f1_score": 0.6616531995916782,
    "roman_f1_score": 0.663548158084046,
    "inference_time": 804.640981035495,
    "frequent_error": {
        "manchu": {
            "ᠪ": 30,
            "ᡴ": 13,
            "ᠠ": 160,
            "ᡩ": 40,
            "ᡠ": 16,
            "ᠯ": 11,
            "ᠮ": 28,
            "ᡝ": 32,
            "ᡳ": 66,
            "ᠩ": 8,
            "ᡤ": 10,
            "ᡵ": 25,
            "ᡧ": 4,
            "ᠣ": 17,
            "ᠶ": 9,
            "ᠴ": 15,
            "ᡥ": 21,
            "ᡨ": 2,
            "ᠰ": 11,
            "ᠨ": 43,
            "ᠵ": 15,
            "ᠸ": 9,
            "ᡶ": 5,
            "ᡡ": 6,
            "ᡮ": 2
        },
        "roman": {
            "B": 30,
            "K": 11,
            "A": 162,
            "D": 40,
            "U": 17,
            "L": 11,
            "M": 27,
            "E": 31,
            "I": 64,
            "N": 53,
            "G": 16,
            "R": 25,
            "Š": 4,
            "O": 17,
            "Y": 9,
            "C": 15,
            "H": 21,
            "T": 4,
            "S": 13,
            "J": 15,
            "F": 10,
            "W": 2,
            "Ū": 6
        }
    }
}