{
    "model_name": "qwen-25-3b",
    "checkpoint": 20000,
    "total_predictions": 1000,
    "manchu_word_accuracy": 0.791,
    "roman_word_accuracy": 0.791,
    "manchu_cer": 0.0445521740514388,
    "roman_cer": 0.04432413738222565,
    "manchu_f1_score": 0.9631786589533907,
    "roman_f1_score": 0.963745755567417,
    "inference_time": 709.849684715271,
    "frequent_error": {
        "manchu": {
            "ᡥ": 51,
            "ᠵ": 11,
            "ᡵ": 33,
            "ᠠ": 154,
            "ᠪ": 35,
            "ᡠ": 38,
            "ᡨ": 26,
            "ᠯ": 34,
            "ᡝ": 106,
            "ᠰ": 8,
            "ᡳ": 92,
            "ᡡ": 18,
            "ᠨ": 43,
            "ᠶ": 11,
            "ᡤ": 26,
            "ᡦ": 4,
            "ᡩ": 16,
            "ᠮ": 14,
            "ᠣ": 15,
            "ᡧ": 20,
            "ᠩ": 20,
            "ᡴ": 36,
            "ᠴ": 27,
            "ᠸ": 11
        },
        "roman": {
            "H": 51,
            "J": 11,
            "R": 33,
            "A": 159,
            "B": 36,
            "U": 39,
            "T": 27,
            "L": 34,
            "E": 107,
            "S": 8,
            "I": 96,
            "F": 10,
            "Ū": 18,
            "N": 63,
            "Y": 11,
            "G": 31,
            "P": 4,
            "D": 16,
            "M": 14,
            "O": 15,
            "Š": 20,
            "K": 38,
            "C": 27,
            "W": 2
        }
    }
}