{
    "model_name": "qwen-25-3b",
    "checkpoint": 64000,
    "total_predictions": 1000,
    "manchu_word_accuracy": 0.776,
    "roman_word_accuracy": 0.776,
    "manchu_cer": 0.05311142329892335,
    "roman_cer": 0.052588150003591225,
    "manchu_f1_score": 0.9565845534766148,
    "roman_f1_score": 0.957085595204695,
    "inference_time": 709.6549954414368,
    "frequent_error": {
        "manchu": {
            "ᡠ": 41,
            "ᠠ": 143,
            "ᠵ": 15,
            "ᡶ": 2,
            "ᠣ": 25,
            "ᠯ": 43,
            "ᠪ": 40,
            "ᡵ": 41,
            "ᡴ": 38,
            "ᠴ": 19,
            "ᡳ": 105,
            "ᠩ": 35,
            "ᡤ": 46,
            "ᡝ": 93,
            "ᡥ": 69,
            "ᠨ": 35,
            "ᠮ": 26,
            "ᠰ": 14,
            "ᡨ": 21,
            "ᠶ": 12,
            "ᡩ": 12,
            "ᡧ": 15,
            "ᠸ": 7,
            "ᡡ": 19,
            "ᡦ": 6
        },
        "roman": {
            "U": 41,
            "A": 138,
            "J": 15,
            "F": 5,
            "O": 25,
            "L": 40,
            "B": 37,
            "R": 40,
            "K": 38,
            "C": 20,
            "I": 103,
            "N": 68,
            "G": 58,
            "E": 90,
            "H": 65,
            "S": 14,
            "T": 21,
            "Y": 12,
            "D": 11,
            "M": 24,
            "Š": 15,
            "Ū": 19,
            "W": 3,
            "P": 6
        }
    }
}