{
    "model_name": "qwen-25-3b",
    "checkpoint": 89000,
    "total_predictions": 1000,
    "manchu_word_accuracy": 0.821,
    "roman_word_accuracy": 0.821,
    "manchu_cer": 0.039092764180264174,
    "roman_cer": 0.0389906336310748,
    "manchu_f1_score": 0.9676986785439009,
    "roman_f1_score": 0.9681470417079823,
    "inference_time": 705.8640429973602,
    "frequent_error": {
        "manchu": {
            "ᡳ": 83,
            "ᡧ": 8,
            "ᡝ": 86,
            "ᡥ": 59,
            "ᠠ": 120,
            "ᡴ": 39,
            "ᡡ": 26,
            "ᠣ": 14,
            "ᠯ": 18,
            "ᠴ": 17,
            "ᠮ": 18,
            "ᡨ": 22,
            "ᠨ": 41,
            "ᡶ": 4,
            "ᠪ": 38,
            "ᡠ": 35,
            "ᡵ": 27,
            "ᠩ": 22,
            "ᡤ": 26,
            "ᠵ": 15,
            "ᡩ": 10,
            "ᠰ": 10,
            "ᠶ": 8,
            "ᡦ": 2,
            "ᠸ": 4
        },
        "roman": {
            "I": 83,
            "Š": 8,
            "E": 85,
            "H": 57,
            "A": 119,
            "K": 39,
            "Ū": 27,
            "O": 14,
            "L": 18,
            "C": 17,
            "M": 18,
            "T": 22,
            "N": 62,
            "F": 8,
            "B": 37,
            "U": 35,
            "R": 27,
            "G": 34,
            "J": 15,
            "D": 10,
            "S": 10,
            "Y": 8,
            "P": 2
        }
    }
}