{
    "model_name": "qwen-25-3b",
    "checkpoint": 55000,
    "total_predictions": 218,
    "manchu_word_accuracy": 0.21100917431192662,
    "roman_word_accuracy": 0.20642201834862386,
    "manchu_cer": 0.3749544925003641,
    "roman_cer": 0.3701762050385904,
    "manchu_f1_score": 0.7041330483991034,
    "roman_f1_score": 0.7067679180266874,
    "inference_time": 1092.7678335697278,
    "frequent_error": {
        "manchu": {
            "ᠠ": 161,
            "ᠨ": 38,
            "ᡳ": 74,
            "ᡩ": 39,
            "ᠵ": 15,
            "ᠮ": 26,
            "ᠪ": 32,
            "ᡵ": 19,
            "ᡥ": 22,
            "ᠰ": 8,
            "ᡨ": 1,
            "ᠣ": 15,
            "ᠴ": 13,
            "ᡠ": 13,
            "ᠶ": 9,
            "ᡝ": 27,
            "ᡴ": 11,
            "ᡡ": 3,
            "ᠸ": 6,
            "ᠯ": 15,
            "ᡤ": 9,
            "ᠩ": 10,
            "ᡧ": 4,
            "ᡶ": 5,
            "ᡮ": 2
        },
        "roman": {
            "A": 163,
            "N": 49,
            "I": 71,
            "D": 39,
            "J": 15,
            "M": 26,
            "B": 32,
            "R": 18,
            "H": 22,
            "S": 11,
            "T": 3,
            "O": 15,
            "C": 13,
            "U": 15,
            "Y": 9,
            "E": 27,
            "K": 10,
            "Ū": 3,
            "F": 10,
            "L": 15,
            "G": 17,
            "Š": 4,
            "W": 1
        }
    }
}