{
    "model_name": "qwen-25-3b",
    "checkpoint": 75000,
    "total_predictions": 1000,
    "manchu_word_accuracy": 0.807,
    "roman_word_accuracy": 0.806,
    "manchu_cer": 0.04284872211122216,
    "roman_cer": 0.042366075999164296,
    "manchu_f1_score": 0.9656287573202886,
    "roman_f1_score": 0.965901154716382,
    "inference_time": 708.8433592319489,
    "frequent_error": {
        "manchu": {
            "ᡠ": 39,
            "ᡵ": 36,
            "ᡤ": 39,
            "ᠨ": 42,
            "ᠵ": 19,
            "ᡝ": 101,
            "ᠮ": 17,
            "ᠪ": 30,
            "ᡳ": 81,
            "ᡥ": 54,
            "ᡴ": 37,
            "ᡡ": 25,
            "ᠠ": 109,
            "ᠩ": 28,
            "ᠴ": 20,
            "ᠯ": 25,
            "ᠣ": 13,
            "ᠸ": 13,
            "ᡧ": 6,
            "ᡨ": 19,
            "ᠶ": 8,
            "ᠰ": 5,
            "ᡩ": 9,
            "ᡶ": 3,
            "ᡦ": 2
        },
        "roman": {
            "U": 40,
            "R": 36,
            "G": 58,
            "N": 69,
            "J": 19,
            "E": 98,
            "M": 17,
            "B": 30,
            "I": 80,
            "H": 54,
            "K": 38,
            "Ū": 26,
            "A": 112,
            "F": 13,
            "C": 20,
            "L": 25,
            "O": 12,
            "W": 4,
            "Š": 7,
            "T": 19,
            "Y": 8,
            "S": 5,
            "D": 8,
            "P": 2
        }
    }
}