{
    "model_name": "qwen-25-3b",
    "checkpoint": 35000,
    "total_predictions": 218,
    "manchu_word_accuracy": 0.13761467889908258,
    "roman_word_accuracy": 0.13761467889908258,
    "manchu_cer": 0.5028876577041717,
    "roman_cer": 0.49837331374028654,
    "manchu_f1_score": 0.6602388157920902,
    "roman_f1_score": 0.6648625574638622,
    "inference_time": 819.7007332373103,
    "frequent_error": {
        "manchu": {
            "ᠠ": 161,
            "ᠮ": 26,
            "ᡳ": 77,
            "ᠨ": 30,
            "ᡶ": 6,
            "ᠸ": 10,
            "ᠩ": 9,
            "ᠰ": 14,
            "ᡝ": 32,
            "ᠯ": 14,
            "ᡩ": 32,
            "ᡴ": 13,
            "ᡠ": 11,
            "ᡵ": 24,
            "ᡤ": 10,
            "ᠶ": 9,
            "ᠪ": 28,
            "ᡥ": 22,
            "ᡮ": 2,
            "ᠵ": 12,
            "ᠣ": 18,
            "ᠴ": 13,
            "ᡡ": 7,
            "ᡨ": 2,
            "ᡧ": 5
        },
        "roman": {
            "A": 163,
            "M": 26,
            "I": 77,
            "N": 39,
            "F": 15,
            "S": 16,
            "E": 30,
            "L": 14,
            "D": 32,
            "K": 14,
            "U": 11,
            "R": 23,
            "G": 17,
            "Y": 9,
            "B": 28,
            "H": 22,
            "T": 4,
            "J": 12,
            "O": 18,
            "C": 13,
            "Ū": 7,
            "W": 1,
            "Š": 5
        }
    }
}