{
    "model_name": "qwen-25-3b",
    "checkpoint": 63000,
    "total_predictions": 218,
    "manchu_word_accuracy": 0.13761467889908258,
    "roman_word_accuracy": 0.13761467889908258,
    "manchu_cer": 0.4378352661609542,
    "roman_cer": 0.43761683016270175,
    "manchu_f1_score": 0.6632416760250003,
    "roman_f1_score": 0.6626772557358094,
    "inference_time": 791.8607379318378,
    "frequent_error": {
        "manchu": {
            "ᡳ": 75,
            "ᠨ": 39,
            "ᡝ": 32,
            "ᠩ": 9,
            "ᡴ": 12,
            "ᠠ": 181,
            "ᠯ": 18,
            "ᠴ": 15,
            "ᠪ": 37,
            "ᡩ": 34,
            "ᠣ": 17,
            "ᡤ": 9,
            "ᡵ": 19,
            "ᡠ": 15,
            "ᠸ": 10,
            "ᠰ": 9,
            "ᠵ": 14,
            "ᠮ": 29,
            "ᡥ": 18,
            "ᡶ": 5,
            "ᡨ": 2,
            "ᠶ": 10,
            "ᡮ": 2,
            "ᡡ": 6,
            "ᡧ": 3
        },
        "roman": {
            "I": 73,
            "N": 49,
            "E": 33,
            "G": 16,
            "K": 11,
            "A": 182,
            "L": 18,
            "C": 15,
            "B": 37,
            "D": 34,
            "O": 17,
            "R": 19,
            "U": 16,
            "F": 12,
            "S": 13,
            "J": 14,
            "M": 29,
            "H": 18,
            "T": 4,
            "Y": 10,
            "Ū": 6,
            "Š": 3,
            "W": 1
        }
    }
}