{
    "model_name": "qwen-25-3b",
    "checkpoint": 5000,
    "total_predictions": 1000,
    "manchu_word_accuracy": 0.425,
    "roman_word_accuracy": 0.425,
    "manchu_cer": 0.1552014979215832,
    "roman_cer": 0.15460244591579744,
    "manchu_f1_score": 0.8735248534894527,
    "roman_f1_score": 0.8745083292458292,
    "inference_time": 718.9966084957123,
    "frequent_error": {
        "manchu": {
            "ᡝ": 362,
            "ᠴ": 42,
            "ᡳ": 261,
            "ᡩ": 48,
            "ᠨ": 116,
            "ᠠ": 337,
            "ᡥ": 139,
            "ᡵ": 111,
            "ᡴ": 100,
            "ᡡ": 59,
            "ᠣ": 95,
            "ᠯ": 89,
            "ᠪ": 119,
            "ᡠ": 121,
            "ᠩ": 71,
            "ᡤ": 102,
            "ᠰ": 23,
            "ᠶ": 38,
            "ᠸ": 32,
            "ᠮ": 66,
            "ᡨ": 59,
            "ᠵ": 45,
            "ᡦ": 6,
            "ᡧ": 38,
            "ᡶ": 7,
            "ᡯ": 1,
            "᠋": 1
        },
        "roman": {
            "E": 364,
            "C": 42,
            "I": 264,
            "D": 52,
            "N": 188,
            "A": 355,
            "H": 146,
            "R": 112,
            "K": 102,
            "Ū": 61,
            "O": 94,
            "W": 6,
            "L": 90,
            "B": 123,
            "U": 123,
            "G": 134,
            "S": 24,
            "Y": 39,
            "F": 34,
            "M": 69,
            "T": 59,
            "J": 45,
            "P": 6,
            "Š": 40,
            "Z": 1,
            "'": 1
        }
    }
}