{
    "model_name": "qwen-25-3b",
    "checkpoint": 52000,
    "total_predictions": 1000,
    "manchu_word_accuracy": 0.745,
    "roman_word_accuracy": 0.746,
    "manchu_cer": 0.058894219097895655,
    "roman_cer": 0.05827688487982612,
    "manchu_f1_score": 0.952771603907143,
    "roman_f1_score": 0.9531751489971035,
    "inference_time": 713.8824236392975,
    "frequent_error": {
        "manchu": {
            "ᠠ": 163,
            "ᡨ": 20,
            "ᠯ": 25,
            "ᡤ": 36,
            "᠋": 1,
            "ᠣ": 22,
            "ᡳ": 129,
            "ᠨ": 50,
            "ᡥ": 91,
            "ᡝ": 116,
            "ᡴ": 45,
            "ᡡ": 26,
            "ᡠ": 48,
            "ᡧ": 19,
            "ᡶ": 4,
            "ᠪ": 55,
            "ᠩ": 28,
            "ᡩ": 22,
            "ᡵ": 51,
            "ᠴ": 21,
            "ᠰ": 13,
            "ᠮ": 37,
            "ᠸ": 6,
            "ᠶ": 16,
            "ᡦ": 3,
            "ᠵ": 18
        },
        "roman": {
            "A": 168,
            "T": 21,
            "L": 24,
            "G": 48,
            "'": 1,
            "O": 22,
            "I": 132,
            "N": 75,
            "H": 94,
            "E": 117,
            "K": 47,
            "Ū": 27,
            "U": 48,
            "Š": 20,
            "F": 9,
            "B": 55,
            "D": 22,
            "R": 52,
            "C": 21,
            "S": 15,
            "M": 37,
            "W": 2,
            "Y": 17,
            "P": 3,
            "J": 18
        }
    }
}