{
    "model_name": "qwen-25-3b",
    "checkpoint": 9000,
    "total_predictions": 1000,
    "manchu_word_accuracy": 0.602,
    "roman_word_accuracy": 0.6,
    "manchu_cer": 0.09536694106547058,
    "roman_cer": 0.09520811876032473,
    "manchu_f1_score": 0.9219360666741583,
    "roman_f1_score": 0.9223473274311779,
    "inference_time": 705.7863185405731,
    "frequent_error": {
        "manchu": {
            "ᠨ": 73,
            "ᡠ": 48,
            "ᡤ": 80,
            "ᠣ": 64,
            "ᠩ": 47,
            "ᠵ": 38,
            "ᡝ": 171,
            "ᡥ": 118,
            "ᡳ": 178,
            "ᠶ": 30,
            "ᠠ": 240,
            "ᡵ": 75,
            "ᠮ": 51,
            "ᡴ": 62,
            "ᡡ": 47,
            "ᡨ": 30,
            "ᠰ": 26,
            "ᠪ": 66,
            "ᡶ": 2,
            "ᠯ": 49,
            "ᡧ": 26,
            "ᠴ": 21,
            "ᡩ": 24,
            "ᠸ": 21,
            "ᡦ": 2
        },
        "roman": {
            "N": 118,
            "U": 48,
            "G": 107,
            "O": 66,
            "I": 183,
            "L": 51,
            "J": 38,
            "F": 20,
            "Y": 30,
            "A": 239,
            "R": 75,
            "E": 173,
            "M": 51,
            "H": 113,
            "K": 64,
            "Ū": 45,
            "T": 31,
            "S": 25,
            "B": 65,
            "Š": 28,
            "C": 21,
            "D": 25,
            "W": 5,
            "P": 2
        }
    }
}