{
    "model_name": "qwen-25-3b",
    "checkpoint": 48000,
    "total_predictions": 218,
    "manchu_word_accuracy": 0.2018348623853211,
    "roman_word_accuracy": 0.2018348623853211,
    "manchu_cer": 0.40812085468048753,
    "roman_cer": 0.4086906085759295,
    "manchu_f1_score": 0.671882617592278,
    "roman_f1_score": 0.6736475538013589,
    "inference_time": 790.0822643839984,
    "frequent_error": {
        "manchu": {
            "ᠪ": 35,
            "ᡳ": 70,
            "ᡤ": 7,
            "ᡠ": 15,
            "ᠸ": 11,
            "ᠠ": 169,
            "ᠨ": 35,
            "ᠯ": 13,
            "ᡥ": 14,
            "ᡝ": 27,
            "ᠮ": 26,
            "ᡧ": 5,
            "ᠴ": 14,
            "ᡴ": 12,
            "ᡩ": 31,
            "ᡵ": 20,
            "ᠵ": 14,
            "ᠰ": 12,
            "ᡶ": 6,
            "ᠣ": 23,
            "ᠩ": 5,
            "ᡡ": 5,
            "ᠶ": 10,
            "ᡨ": 3,
            "ᡮ": 2
        },
        "roman": {
            "B": 35,
            "I": 71,
            "G": 11,
            "U": 15,
            "W": 2,
            "A": 171,
            "N": 44,
            "L": 13,
            "H": 14,
            "E": 27,
            "M": 25,
            "Š": 5,
            "C": 14,
            "K": 13,
            "D": 31,
            "R": 20,
            "J": 14,
            "F": 14,
            "S": 14,
            "O": 23,
            "Ū": 5,
            "Y": 10,
            "T": 5
        }
    }
}