{
    "model_name": "qwen-25-3b",
    "checkpoint": 67000,
    "total_predictions": 218,
    "manchu_word_accuracy": 0.18807339449541285,
    "roman_word_accuracy": 0.18807339449541285,
    "manchu_cer": 0.3949020016680568,
    "roman_cer": 0.39291241378397357,
    "manchu_f1_score": 0.6818493800077716,
    "roman_f1_score": 0.6849303391936957,
    "inference_time": 789.6781153635147,
    "frequent_error": {
        "manchu": {
            "ᡩ": 37,
            "ᠨ": 37,
            "ᠪ": 32,
            "ᡳ": 64,
            "ᠠ": 158,
            "ᠴ": 16,
            "ᠰ": 13,
            "ᡵ": 20,
            "ᠶ": 11,
            "ᡠ": 13,
            "ᡤ": 9,
            "ᡴ": 11,
            "ᡝ": 32,
            "ᡥ": 15,
            "ᠵ": 13,
            "ᠯ": 16,
            "ᠮ": 27,
            "ᠸ": 8,
            "ᠣ": 16,
            "ᡨ": 3,
            "ᠩ": 8,
            "ᡶ": 4,
            "ᡧ": 4,
            "ᡡ": 6,
            "ᡮ": 2
        },
        "roman": {
            "D": 37,
            "N": 46,
            "B": 32,
            "I": 65,
            "A": 161,
            "C": 16,
            "S": 16,
            "R": 20,
            "Y": 11,
            "U": 14,
            "G": 16,
            "K": 12,
            "E": 32,
            "H": 15,
            "J": 13,
            "L": 16,
            "M": 27,
            "F": 10,
            "W": 1,
            "O": 16,
            "T": 5,
            "Š": 4,
            "Ū": 6
        }
    }
}