{
    "model_name": "qwen-25-3b",
    "checkpoint": 75000,
    "total_predictions": 218,
    "manchu_word_accuracy": 0.23394495412844038,
    "roman_word_accuracy": 0.23394495412844038,
    "manchu_cer": 0.38179517984563865,
    "roman_cer": 0.3774592252803263,
    "manchu_f1_score": 0.7026466622661987,
    "roman_f1_score": 0.7042490835869997,
    "inference_time": 784.2167572143975,
    "frequent_error": {
        "manchu": {
            "ᠶ": 11,
            "ᠠ": 129,
            "ᠪ": 25,
            "ᠴ": 11,
            "ᠨ": 37,
            "ᠵ": 14,
            "ᡳ": 65,
            "ᠸ": 11,
            "ᡤ": 9,
            "ᡠ": 13,
            "ᡩ": 34,
            "ᠰ": 12,
            "ᠯ": 14,
            "ᡝ": 36,
            "ᠩ": 9,
            "ᡴ": 10,
            "ᡵ": 18,
            "ᡥ": 13,
            "ᡮ": 2,
            "ᠮ": 24,
            "ᡡ": 5,
            "ᠣ": 16,
            "ᡧ": 4,
            "ᡶ": 4,
            "ᡨ": 1
        },
        "roman": {
            "Y": 11,
            "A": 129,
            "B": 25,
            "C": 11,
            "N": 47,
            "J": 14,
            "I": 64,
            "F": 12,
            "G": 15,
            "U": 14,
            "W": 2,
            "D": 34,
            "S": 14,
            "L": 14,
            "E": 37,
            "K": 9,
            "R": 18,
            "H": 13,
            "T": 3,
            "M": 24,
            "Ū": 5,
            "O": 16,
            "Š": 4
        }
    }
}