{
    "model_name": "qwen-25-3b",
    "checkpoint": 30000,
    "total_predictions": 1000,
    "manchu_word_accuracy": 0.654,
    "roman_word_accuracy": 0.654,
    "manchu_cer": 0.08100850122100141,
    "roman_cer": 0.08111322974411225,
    "manchu_f1_score": 0.9339681294910569,
    "roman_f1_score": 0.934091532887886,
    "inference_time": 708.9209971427917,
    "frequent_error": {
        "manchu": {
            "ᡥ": 82,
            "ᠠ": 203,
            "ᠣ": 71,
            "ᠮ": 29,
            "ᠨ": 54,
            "ᠪ": 55,
            "ᡠ": 48,
            "ᡵ": 75,
            "ᡩ": 25,
            "ᡴ": 59,
            "ᡳ": 116,
            "ᠯ": 67,
            "ᡡ": 35,
            "ᠩ": 44,
            "ᠶ": 20,
            "ᡤ": 62,
            "ᡝ": 166,
            "ᠵ": 20,
            "ᠸ": 23,
            "ᡨ": 31,
            "ᡧ": 15,
            "ᠴ": 25,
            "ᠰ": 16,
            "ᡶ": 5,
            "ᡦ": 1,
            "᠋": 1
        },
        "roman": {
            "H": 82,
            "A": 201,
            "O": 75,
            "M": 28,
            "N": 98,
            "B": 53,
            "U": 47,
            "R": 75,
            "D": 25,
            "K": 60,
            "I": 116,
            "L": 68,
            "Ū": 35,
            "G": 87,
            "Y": 20,
            "E": 162,
            "J": 20,
            "W": 9,
            "T": 31,
            "Š": 15,
            "C": 25,
            "S": 18,
            "F": 20,
            "P": 1,
            "'": 1
        }
    }
}