{
    "model_name": "qwen-25-3b",
    "checkpoint": 81000,
    "total_predictions": 218,
    "manchu_word_accuracy": 0.19724770642201836,
    "roman_word_accuracy": 0.19724770642201836,
    "manchu_cer": 0.4064023260124177,
    "roman_cer": 0.4027417027417028,
    "manchu_f1_score": 0.6903031990795073,
    "roman_f1_score": 0.690770742868692,
    "inference_time": 789.1461203951354,
    "frequent_error": {
        "manchu": {
            "ᠪ": 32,
            "ᡩ": 36,
            "ᠠ": 163,
            "ᡥ": 21,
            "ᠣ": 20,
            "ᡳ": 63,
            "ᠰ": 12,
            "ᠮ": 26,
            "ᡝ": 31,
            "ᠨ": 34,
            "ᡵ": 21,
            "ᠴ": 12,
            "ᡠ": 14,
            "ᠯ": 18,
            "ᠶ": 9,
            "ᡡ": 3,
            "ᠵ": 14,
            "ᠸ": 8,
            "ᡶ": 5,
            "ᡧ": 5,
            "ᡴ": 9,
            "ᠩ": 8,
            "ᡤ": 7,
            "ᡨ": 2
        },
        "roman": {
            "B": 32,
            "D": 36,
            "A": 165,
            "H": 21,
            "O": 20,
            "I": 63,
            "S": 14,
            "M": 26,
            "N": 43,
            "R": 21,
            "E": 31,
            "C": 12,
            "U": 15,
            "L": 18,
            "Y": 9,
            "Ū": 3,
            "J": 14,
            "F": 11,
            "Š": 5,
            "K": 8,
            "G": 13,
            "W": 1,
            "T": 2
        }
    }
}