{
    "model_name": "qwen-25-3b",
    "checkpoint": 79000,
    "total_predictions": 218,
    "manchu_word_accuracy": 0.23394495412844038,
    "roman_word_accuracy": 0.23394495412844038,
    "manchu_cer": 0.3797145769622833,
    "roman_cer": 0.37446119120431054,
    "manchu_f1_score": 0.7070790215960211,
    "roman_f1_score": 0.7093280993141107,
    "inference_time": 794.6378025439901,
    "frequent_error": {
        "manchu": {
            "ᡳ": 69,
            "ᠠ": 141,
            "ᡩ": 34,
            "ᡵ": 25,
            "ᠮ": 24,
            "ᡝ": 26,
            "ᠪ": 30,
            "ᠣ": 16,
            "ᡥ": 15,
            "ᠨ": 31,
            "ᠶ": 12,
            "ᠯ": 14,
            "ᠩ": 8,
            "ᡤ": 9,
            "ᠴ": 13,
            "ᠰ": 11,
            "ᡴ": 7,
            "ᡠ": 11,
            "ᡧ": 4,
            "ᠸ": 8,
            "ᡶ": 5,
            "ᠵ": 11,
            "ᡡ": 3,
            "ᡮ": 2,
            "ᡨ": 1
        },
        "roman": {
            "I": 69,
            "A": 143,
            "D": 34,
            "R": 25,
            "M": 24,
            "E": 26,
            "B": 30,
            "O": 16,
            "H": 15,
            "N": 39,
            "Y": 12,
            "L": 14,
            "G": 14,
            "C": 13,
            "S": 13,
            "K": 7,
            "U": 13,
            "Š": 4,
            "F": 11,
            "J": 11,
            "Ū": 3,
            "W": 1,
            "T": 3
        }
    }
}