{
    "model_name": "qwen-25-3b",
    "checkpoint": 99000,
    "total_predictions": 218,
    "manchu_word_accuracy": 0.22935779816513763,
    "roman_word_accuracy": 0.22935779816513763,
    "manchu_cer": 0.3816753710102334,
    "roman_cer": 0.3820139468075248,
    "manchu_f1_score": 0.6967209246351175,
    "roman_f1_score": 0.6985170742459773,
    "inference_time": 785.6394074378758,
    "frequent_error": {
        "manchu": {
            "ᠠ": 149,
            "ᡵ": 22,
            "ᡩ": 34,
            "ᠯ": 16,
            "ᠸ": 8,
            "ᡳ": 70,
            "ᠨ": 32,
            "ᡝ": 30,
            "ᠩ": 7,
            "ᡴ": 8,
            "ᠮ": 26,
            "ᠵ": 14,
            "ᠪ": 31,
            "ᠣ": 18,
            "ᠶ": 10,
            "ᠴ": 12,
            "ᡥ": 19,
            "ᡠ": 13,
            "ᡮ": 2,
            "ᡶ": 4,
            "ᡤ": 7,
            "ᡡ": 4,
            "ᡨ": 2,
            "ᠰ": 10,
            "ᡧ": 5
        },
        "roman": {
            "A": 149,
            "R": 22,
            "D": 34,
            "L": 16,
            "F": 10,
            "I": 71,
            "N": 39,
            "E": 30,
            "G": 11,
            "K": 8,
            "M": 26,
            "J": 14,
            "B": 31,
            "O": 18,
            "Y": 10,
            "C": 12,
            "H": 19,
            "U": 14,
            "T": 4,
            "S": 12,
            "Ū": 4,
            "Š": 5,
            "W": 1
        }
    }
}