{
    "model_name": "qwen-25-3b",
    "checkpoint": 42000,
    "total_predictions": 1000,
    "manchu_word_accuracy": 0.711,
    "roman_word_accuracy": 0.71,
    "manchu_cer": 0.06695605309722966,
    "roman_cer": 0.06601804674084095,
    "manchu_f1_score": 0.9451656550766959,
    "roman_f1_score": 0.9460259059955032,
    "inference_time": 703.2779297828674,
    "frequent_error": {
        "manchu": {
            "ᠣ": 43,
            "ᠯ": 33,
            "ᡳ": 128,
            "ᠮ": 29,
            "ᠪ": 48,
            "ᡥ": 81,
            "ᡝ": 120,
            "ᠠ": 159,
            "ᡵ": 50,
            "ᠨ": 60,
            "ᡤ": 46,
            "ᡨ": 27,
            "ᡴ": 49,
            "ᡡ": 29,
            "ᠸ": 13,
            "ᡩ": 16,
            "ᡧ": 15,
            "ᠩ": 31,
            "ᡠ": 53,
            "ᠴ": 27,
            "ᠶ": 14,
            "ᠰ": 12,
            "ᠵ": 16,
            "᠋": 1,
            "ᡶ": 4,
            "ᡦ": 2
        },
        "roman": {
            "O": 43,
            "L": 33,
            "I": 130,
            "M": 29,
            "B": 48,
            "H": 82,
            "E": 125,
            "A": 163,
            "R": 53,
            "N": 93,
            "G": 65,
            "T": 26,
            "K": 52,
            "Ū": 30,
            "W": 5,
            "D": 15,
            "Š": 15,
            "U": 53,
            "C": 30,
            "Y": 14,
            "S": 15,
            "F": 11,
            "J": 16,
            "'": 1,
            "P": 2
        }
    }
}