{
    "model_name": "qwen-25-3b",
    "checkpoint": 77000,
    "total_predictions": 218,
    "manchu_word_accuracy": 0.22935779816513763,
    "roman_word_accuracy": 0.22935779816513763,
    "manchu_cer": 0.36574046493771256,
    "roman_cer": 0.3662920158333002,
    "manchu_f1_score": 0.7124270929046969,
    "roman_f1_score": 0.7122932984714734,
    "inference_time": 783.342153654186,
    "frequent_error": {
        "manchu": {
            "ᠠ": 149,
            "ᠮ": 27,
            "ᠯ": 16,
            "ᠵ": 13,
            "ᡳ": 67,
            "ᠪ": 28,
            "ᡶ": 5,
            "ᠩ": 8,
            "ᡩ": 33,
            "ᠣ": 18,
            "ᡵ": 21,
            "ᡥ": 17,
            "ᡤ": 9,
            "ᠨ": 30,
            "ᠴ": 11,
            "ᡝ": 30,
            "ᠸ": 8,
            "ᡴ": 12,
            "ᡠ": 15,
            "ᡮ": 2,
            "ᠶ": 9,
            "ᠰ": 13,
            "ᡧ": 3,
            "ᡡ": 6,
            "ᡨ": 3
        },
        "roman": {
            "A": 149,
            "M": 27,
            "L": 16,
            "J": 13,
            "I": 67,
            "B": 28,
            "F": 12,
            "N": 38,
            "D": 33,
            "O": 18,
            "R": 21,
            "H": 17,
            "G": 14,
            "C": 11,
            "E": 32,
            "K": 12,
            "U": 16,
            "S": 16,
            "T": 5,
            "Y": 9,
            "Š": 3,
            "Ū": 6,
            "W": 1
        }
    }
}