{
    "model_name": "qwen-25-3b",
    "checkpoint": 91000,
    "total_predictions": 1000,
    "manchu_word_accuracy": 0.836,
    "roman_word_accuracy": 0.836,
    "manchu_cer": 0.03673120164149575,
    "roman_cer": 0.03639307024674672,
    "manchu_f1_score": 0.9694975024850918,
    "roman_f1_score": 0.9699681419716585,
    "inference_time": 708.8464331626892,
    "frequent_error": {
        "manchu": {
            "ᡳ": 67,
            "ᠠ": 88,
            "ᠴ": 14,
            "ᡴ": 34,
            "ᡠ": 37,
            "ᠣ": 24,
            "ᠯ": 14,
            "ᠮ": 18,
            "ᡥ": 46,
            "ᠪ": 34,
            "ᠨ": 33,
            "ᠵ": 11,
            "ᡝ": 74,
            "ᠶ": 8,
            "ᠰ": 11,
            "ᡵ": 38,
            "ᠩ": 25,
            "ᡤ": 31,
            "ᠸ": 12,
            "ᡩ": 12,
            "ᡧ": 13,
            "ᡡ": 22,
            "ᡨ": 11,
            "ᡦ": 1,
            "ᡶ": 4
        },
        "roman": {
            "I": 68,
            "A": 89,
            "C": 14,
            "K": 33,
            "U": 37,
            "O": 25,
            "L": 14,
            "M": 18,
            "H": 49,
            "B": 34,
            "N": 56,
            "J": 11,
            "E": 77,
            "Y": 9,
            "S": 11,
            "R": 38,
            "G": 39,
            "F": 13,
            "D": 12,
            "Š": 14,
            "Ū": 22,
            "T": 11,
            "W": 3,
            "P": 1
        }
    }
}