{
    "model_name": "qwen-25-3b",
    "checkpoint": 88000,
    "total_predictions": 218,
    "manchu_word_accuracy": 0.22935779816513763,
    "roman_word_accuracy": 0.22935779816513763,
    "manchu_cer": 0.36664846366681236,
    "roman_cer": 0.3648991553808068,
    "manchu_f1_score": 0.709914517334917,
    "roman_f1_score": 0.7102344049187012,
    "inference_time": 778.3061255008803,
    "frequent_error": {
        "manchu": {
            "ᠣ": 16,
            "ᡵ": 24,
            "ᠠ": 146,
            "ᠮ": 26,
            "ᡳ": 66,
            "ᠨ": 34,
            "ᠯ": 15,
            "ᡩ": 37,
            "ᠸ": 7,
            "ᡥ": 13,
            "ᠪ": 27,
            "ᡴ": 11,
            "ᠵ": 13,
            "ᡝ": 31,
            "ᠶ": 10,
            "ᡮ": 2,
            "ᠩ": 8,
            "ᠰ": 9,
            "ᡠ": 15,
            "ᡶ": 5,
            "ᠴ": 13,
            "ᡤ": 10,
            "ᡡ": 5,
            "ᡧ": 5,
            "ᡨ": 1
        },
        "roman": {
            "O": 16,
            "R": 24,
            "A": 147,
            "M": 26,
            "I": 68,
            "N": 44,
            "L": 15,
            "D": 37,
            "F": 10,
            "H": 13,
            "B": 27,
            "K": 12,
            "J": 13,
            "E": 31,
            "Y": 10,
            "T": 3,
            "S": 11,
            "G": 16,
            "U": 16,
            "C": 13,
            "W": 1,
            "Ū": 5,
            "Š": 5
        }
    }
}