{
    "model_name": "qwen-25-3b",
    "checkpoint": 49000,
    "total_predictions": 218,
    "manchu_word_accuracy": 0.17889908256880735,
    "roman_word_accuracy": 0.17889908256880735,
    "manchu_cer": 0.3976430424824922,
    "roman_cer": 0.39615221679441887,
    "manchu_f1_score": 0.6919756773777281,
    "roman_f1_score": 0.6935760647579322,
    "inference_time": 781.1717724581378,
    "frequent_error": {
        "manchu": {
            "ᠠ": 152,
            "ᠯ": 18,
            "ᠪ": 39,
            "ᡳ": 81,
            "ᡝ": 31,
            "ᠣ": 26,
            "ᡩ": 30,
            "ᠸ": 12,
            "ᠰ": 9,
            "ᠮ": 27,
            "ᠨ": 33,
            "ᠵ": 15,
            "ᡴ": 11,
            "ᡡ": 6,
            "ᡥ": 17,
            "ᡠ": 13,
            "ᡵ": 22,
            "ᠴ": 15,
            "ᠶ": 10,
            "ᡧ": 5,
            "ᡮ": 2,
            "ᠩ": 8,
            "ᡶ": 4,
            "ᡤ": 8,
            "ᡨ": 2
        },
        "roman": {
            "A": 154,
            "L": 18,
            "B": 39,
            "I": 82,
            "E": 32,
            "O": 26,
            "D": 30,
            "F": 13,
            "S": 12,
            "M": 27,
            "N": 44,
            "J": 15,
            "K": 12,
            "Ū": 6,
            "W": 2,
            "H": 17,
            "U": 14,
            "R": 22,
            "C": 15,
            "Y": 10,
            "Š": 5,
            "T": 4,
            "G": 14
        }
    }
}