{
    "model_name": "qwen-25-3b",
    "checkpoint": 82000,
    "total_predictions": 1000,
    "manchu_word_accuracy": 0.815,
    "roman_word_accuracy": 0.815,
    "manchu_cer": 0.03871986346986348,
    "roman_cer": 0.038034705000881505,
    "manchu_f1_score": 0.9693761508196603,
    "roman_f1_score": 0.9699696808574453,
    "inference_time": 711.1283831596375,
    "frequent_error": {
        "manchu": {
            "ᠵ": 18,
            "ᡥ": 55,
            "ᡴ": 30,
            "ᠰ": 5,
            "ᡠ": 32,
            "ᠠ": 110,
            "ᡡ": 19,
            "ᠩ": 20,
            "ᡤ": 25,
            "ᡝ": 96,
            "ᠣ": 11,
            "ᠨ": 37,
            "ᡳ": 66,
            "ᠮ": 23,
            "ᠪ": 35,
            "ᡵ": 29,
            "ᠴ": 14,
            "ᠯ": 18,
            "ᠸ": 9,
            "ᡧ": 6,
            "ᡨ": 15,
            "ᠶ": 7,
            "ᡩ": 11,
            "ᡶ": 3,
            "ᡦ": 1
        },
        "roman": {
            "J": 18,
            "H": 54,
            "K": 30,
            "S": 5,
            "U": 32,
            "A": 111,
            "Ū": 19,
            "N": 58,
            "G": 36,
            "E": 96,
            "O": 11,
            "I": 66,
            "M": 23,
            "B": 34,
            "R": 29,
            "C": 15,
            "L": 19,
            "W": 3,
            "Š": 6,
            "F": 9,
            "T": 15,
            "Y": 7,
            "D": 12,
            "P": 1
        }
    }
}