{
    "model_name": "qwen-25-3b",
    "checkpoint": 5000,
    "total_predictions": 218,
    "manchu_word_accuracy": 0.045871559633027525,
    "roman_word_accuracy": 0.045871559633027525,
    "manchu_cer": 0.6309163059163058,
    "roman_cer": 0.6247092484477803,
    "manchu_f1_score": 0.5840286057188947,
    "roman_f1_score": 0.5867593117820346,
    "inference_time": 853.2147287228786,
    "frequent_error": {
        "manchu": {
            "ᠠ": 211,
            "ᠩ": 9,
            "ᡤ": 12,
            "ᡵ": 23,
            "ᡳ": 85,
            "ᠰ": 12,
            "ᡝ": 44,
            "ᡩ": 34,
            "ᠣ": 25,
            "ᠯ": 25,
            "ᡥ": 28,
            "ᠨ": 44,
            "ᠮ": 38,
            "ᠪ": 47,
            "ᡶ": 6,
            "ᠵ": 13,
            "ᡴ": 15,
            "ᡡ": 8,
            "ᠴ": 16,
            "ᠶ": 8,
            "ᡠ": 16,
            "ᠸ": 9,
            "ᡮ": 2,
            "ᡧ": 6,
            "ᡨ": 3
        },
        "roman": {
            "A": 211,
            "N": 54,
            "G": 18,
            "R": 23,
            "I": 84,
            "S": 14,
            "E": 44,
            "D": 34,
            "O": 25,
            "L": 25,
            "H": 28,
            "M": 38,
            "B": 47,
            "F": 12,
            "J": 13,
            "K": 14,
            "Ū": 8,
            "C": 16,
            "Y": 8,
            "U": 17,
            "W": 1,
            "T": 5,
            "Š": 6
        }
    }
}