{
    "model_name": "qwen-25-3b",
    "checkpoint": 3000,
    "total_predictions": 218,
    "manchu_word_accuracy": 0.0963302752293578,
    "roman_word_accuracy": 0.0963302752293578,
    "manchu_cer": 0.5694413002899241,
    "roman_cer": 0.5690227967750904,
    "manchu_f1_score": 0.5964195118606885,
    "roman_f1_score": 0.5985499232733449,
    "inference_time": 847.9660016681077,
    "frequent_error": {
        "manchu": {
            "ᡩ": 35,
            "ᡥ": 28,
            "ᠠ": 159,
            "ᠴ": 17,
            "ᡳ": 76,
            "ᡝ": 35,
            "ᡵ": 20,
            "ᠮ": 28,
            "ᠪ": 38,
            "ᠨ": 40,
            "ᡧ": 4,
            "ᠩ": 8,
            "ᠸ": 11,
            "ᠰ": 13,
            "ᡴ": 11,
            "ᡠ": 15,
            "ᠣ": 24,
            "ᠯ": 12,
            "ᠵ": 14,
            "ᡤ": 9,
            "ᠶ": 9,
            "ᡶ": 6,
            "ᡨ": 2,
            "ᡡ": 4,
            "ᡮ": 2
        },
        "roman": {
            "D": 35,
            "H": 28,
            "A": 163,
            "C": 17,
            "I": 76,
            "E": 34,
            "R": 20,
            "M": 28,
            "B": 38,
            "N": 51,
            "Š": 4,
            "G": 17,
            "F": 16,
            "S": 15,
            "K": 11,
            "U": 16,
            "O": 24,
            "L": 12,
            "J": 14,
            "Y": 9,
            "T": 4,
            "Ū": 4,
            "W": 1
        }
    }
}