{
    "model_name": "qwen-25-3b",
    "checkpoint": 24000,
    "total_predictions": 218,
    "manchu_word_accuracy": 0.0963302752293578,
    "roman_word_accuracy": 0.0963302752293578,
    "manchu_cer": 0.5183764247984435,
    "roman_cer": 0.5179905212015306,
    "manchu_f1_score": 0.6150072224556705,
    "roman_f1_score": 0.6175187841685273,
    "inference_time": 822.5927057616208,
    "frequent_error": {
        "manchu": {
            "ᠪ": 46,
            "ᠣ": 23,
            "ᠠ": 205,
            "ᠯ": 23,
            "ᠸ": 13,
            "ᡳ": 75,
            "ᠮ": 30,
            "ᠴ": 21,
            "ᡝ": 31,
            "ᠶ": 13,
            "ᡩ": 41,
            "ᡵ": 23,
            "ᠰ": 13,
            "ᠨ": 44,
            "ᠵ": 14,
            "ᡥ": 25,
            "ᡤ": 10,
            "ᡧ": 6,
            "ᠩ": 9,
            "ᡠ": 16,
            "ᡴ": 13,
            "ᡡ": 4,
            "ᡮ": 2,
            "ᡶ": 4,
            "ᡨ": 3
        },
        "roman": {
            "B": 46,
            "O": 23,
            "A": 208,
            "L": 23,
            "F": 14,
            "I": 76,
            "M": 30,
            "C": 21,
            "E": 32,
            "Y": 13,
            "D": 41,
            "R": 23,
            "S": 16,
            "N": 54,
            "J": 14,
            "H": 25,
            "G": 17,
            "Š": 6,
            "U": 16,
            "K": 13,
            "Ū": 4,
            "T": 5,
            "W": 2
        }
    }
}