{
    "model_name": "qwen-25-3b",
    "checkpoint": 4000,
    "total_predictions": 1000,
    "manchu_word_accuracy": 0.389,
    "roman_word_accuracy": 0.388,
    "manchu_cer": 0.17620937795864297,
    "roman_cer": 0.17541776248347493,
    "manchu_f1_score": 0.8596640235329703,
    "roman_f1_score": 0.8597349464940647,
    "inference_time": 712.0620834827423,
    "frequent_error": {
        "manchu": {
            "ᠠ": 456,
            "ᡥ": 171,
            "ᡠ": 140,
            "ᠯ": 92,
            "ᠮ": 61,
            "ᠪ": 140,
            "ᡳ": 306,
            "ᡝ": 341,
            "ᡵ": 155,
            "ᠵ": 57,
            "ᠣ": 73,
            "ᠩ": 92,
            "ᡤ": 116,
            "ᡴ": 173,
            "ᡨ": 66,
            "ᠨ": 134,
            "ᠴ": 64,
            "ᡧ": 58,
            "ᡡ": 87,
            "ᡩ": 53,
            "ᠸ": 38,
            "ᠰ": 29,
            "ᡦ": 3,
            "ᠶ": 22,
            "ᡶ": 8,
            "ᡯ": 1
        },
        "roman": {
            "A": 459,
            "H": 171,
            "U": 144,
            "L": 93,
            "M": 62,
            "B": 143,
            "I": 308,
            "E": 339,
            "R": 156,
            "J": 58,
            "O": 75,
            "N": 223,
            "G": 171,
            "K": 174,
            "T": 65,
            "C": 62,
            "Š": 58,
            "Ū": 88,
            "D": 55,
            "F": 40,
            "W": 17,
            "S": 29,
            "P": 3,
            "Y": 22,
            "Z": 1
        }
    }
}