{
    "model_name": "qwen-25-3b",
    "checkpoint": 22000,
    "total_predictions": 1000,
    "manchu_word_accuracy": 0.764,
    "roman_word_accuracy": 0.764,
    "manchu_cer": 0.05593079836829844,
    "roman_cer": 0.05533413849222676,
    "manchu_f1_score": 0.9534857187289543,
    "roman_f1_score": 0.9539840393322002,
    "inference_time": 705.7674462795258,
    "frequent_error": {
        "manchu": {
            "ᡧ": 12,
            "ᠯ": 35,
            "ᠮ": 24,
            "ᡳ": 107,
            "ᠶ": 11,
            "ᡝ": 97,
            "ᠪ": 35,
            "ᡠ": 37,
            "ᠩ": 36,
            "ᡤ": 46,
            "ᡡ": 25,
            "ᡵ": 41,
            "ᠨ": 51,
            "ᠠ": 167,
            "ᠴ": 20,
            "ᠣ": 32,
            "ᡥ": 69,
            "ᠵ": 19,
            "ᠰ": 7,
            "ᡴ": 46,
            "ᡨ": 24,
            "ᡩ": 10,
            "ᠸ": 11,
            "ᡶ": 4,
            "ᡦ": 3
        },
        "roman": {
            "Š": 12,
            "L": 38,
            "M": 25,
            "I": 104,
            "Y": 10,
            "E": 95,
            "B": 35,
            "U": 37,
            "N": 85,
            "G": 66,
            "Ū": 25,
            "R": 41,
            "A": 167,
            "C": 20,
            "O": 32,
            "H": 70,
            "J": 19,
            "S": 7,
            "K": 46,
            "T": 23,
            "D": 9,
            "W": 2,
            "F": 13,
            "P": 3
        }
    }
}