{
    "model_name": "qwen-25-3b",
    "checkpoint": 77000,
    "total_predictions": 1000,
    "manchu_word_accuracy": 0.796,
    "roman_word_accuracy": 0.796,
    "manchu_cer": 0.0474229344185227,
    "roman_cer": 0.046532478877331855,
    "manchu_f1_score": 0.9606811115569337,
    "roman_f1_score": 0.9614492402009364,
    "inference_time": 712.2558398246765,
    "frequent_error": {
        "manchu": {
            "ᠮ": 21,
            "ᠠ": 111,
            "ᡵ": 42,
            "ᡳ": 80,
            "ᡝ": 89,
            "ᠨ": 34,
            "ᠣ": 25,
            "ᡴ": 41,
            "ᠴ": 15,
            "ᡥ": 55,
            "ᠪ": 26,
            "ᡠ": 31,
            "ᡨ": 21,
            "ᠯ": 22,
            "ᡤ": 33,
            "ᡶ": 4,
            "ᠰ": 11,
            "ᠵ": 8,
            "ᠶ": 6,
            "ᠩ": 23,
            "ᡧ": 16,
            "ᡩ": 11,
            "ᡡ": 22,
            "ᠸ": 10,
            "ᡦ": 2
        },
        "roman": {
            "M": 21,
            "A": 113,
            "R": 43,
            "I": 81,
            "E": 91,
            "N": 57,
            "O": 25,
            "K": 41,
            "C": 15,
            "H": 55,
            "B": 27,
            "U": 30,
            "T": 22,
            "L": 22,
            "G": 43,
            "F": 12,
            "S": 11,
            "J": 8,
            "Y": 6,
            "Š": 16,
            "D": 11,
            "Ū": 22,
            "W": 3,
            "P": 2
        }
    }
}