{
    "model_name": "qwen-25-3b",
    "checkpoint": 112000,
    "total_predictions": 218,
    "manchu_word_accuracy": 0.23853211009174313,
    "roman_word_accuracy": 0.23853211009174313,
    "manchu_cer": 0.37353465851172274,
    "roman_cer": 0.3703764380369885,
    "manchu_f1_score": 0.7068544230848602,
    "roman_f1_score": 0.7087420242375224,
    "inference_time": 786.6425339235078,
    "frequent_error": {
        "manchu": {
            "ᠪ": 28,
            "ᠠ": 149,
            "ᠨ": 34,
            "ᡳ": 67,
            "ᠶ": 10,
            "ᠰ": 11,
            "ᡵ": 21,
            "ᠵ": 14,
            "ᡝ": 30,
            "ᡩ": 33,
            "ᠮ": 26,
            "ᡠ": 13,
            "ᠯ": 16,
            "ᡴ": 8,
            "ᠴ": 11,
            "ᠸ": 8,
            "ᡶ": 4,
            "ᡧ": 5,
            "ᡨ": 1,
            "ᠣ": 15,
            "ᡥ": 18,
            "ᡤ": 7,
            "ᠩ": 8,
            "ᡡ": 4,
            "ᡮ": 2
        },
        "roman": {
            "B": 28,
            "A": 148,
            "N": 42,
            "I": 68,
            "Y": 10,
            "S": 13,
            "R": 21,
            "J": 14,
            "E": 30,
            "D": 33,
            "M": 26,
            "U": 14,
            "L": 16,
            "K": 8,
            "C": 11,
            "F": 10,
            "Š": 5,
            "T": 3,
            "O": 15,
            "H": 18,
            "G": 11,
            "Ū": 4,
            "W": 1
        }
    }
}