{
    "model_name": "qwen-25-3b",
    "checkpoint": 17000,
    "total_predictions": 218,
    "manchu_word_accuracy": 0.1834862385321101,
    "roman_word_accuracy": 0.1834862385321101,
    "manchu_cer": 0.4210961184585039,
    "roman_cer": 0.4216167242543391,
    "manchu_f1_score": 0.6923186146936117,
    "roman_f1_score": 0.6935706755787002,
    "inference_time": 797.95267275714,
    "frequent_error": {
        "manchu": {
            "ᠠ": 161,
            "ᠮ": 29,
            "ᠴ": 13,
            "ᠪ": 28,
            "ᠣ": 16,
            "ᡳ": 69,
            "ᠯ": 17,
            "ᡥ": 22,
            "ᡝ": 36,
            "ᠰ": 12,
            "ᡶ": 4,
            "ᠨ": 39,
            "ᠵ": 12,
            "ᡵ": 24,
            "ᠩ": 9,
            "ᡤ": 10,
            "ᠶ": 10,
            "ᡧ": 6,
            "ᠸ": 8,
            "ᡴ": 11,
            "ᡩ": 35,
            "ᡠ": 14,
            "ᡮ": 2,
            "ᡨ": 3,
            "ᡡ": 5
        },
        "roman": {
            "A": 163,
            "M": 28,
            "C": 13,
            "B": 28,
            "O": 16,
            "I": 70,
            "L": 17,
            "H": 22,
            "E": 35,
            "S": 15,
            "F": 10,
            "N": 49,
            "J": 12,
            "R": 24,
            "G": 17,
            "Y": 10,
            "Š": 6,
            "K": 12,
            "D": 35,
            "U": 16,
            "T": 5,
            "Ū": 5,
            "W": 1
        }
    }
}