{
    "model_name": "qwen-25-3b",
    "checkpoint": 107000,
    "total_predictions": 1000,
    "manchu_word_accuracy": 0.833,
    "roman_word_accuracy": 0.833,
    "manchu_cer": 0.03732409241085713,
    "roman_cer": 0.03675181901431901,
    "manchu_f1_score": 0.9690593393494945,
    "roman_f1_score": 0.9694829549730702,
    "inference_time": 716.3310616016388,
    "frequent_error": {
        "manchu": {
            "ᠰ": 14,
            "ᡳ": 52,
            "ᡨ": 15,
            "ᠮ": 17,
            "ᡝ": 63,
            "ᠠ": 108,
            "ᠯ": 20,
            "ᡥ": 48,
            "ᡴ": 31,
            "ᡡ": 24,
            "ᠩ": 22,
            "ᡤ": 32,
            "ᠣ": 20,
            "ᡠ": 42,
            "ᠪ": 28,
            "ᠸ": 5,
            "ᠨ": 43,
            "ᡵ": 32,
            "ᠵ": 13,
            "ᠴ": 15,
            "ᡩ": 12,
            "ᠶ": 6,
            "ᡦ": 1,
            "ᡯ": 1,
            "ᡧ": 10,
            "᠋": 1
        },
        "roman": {
            "S": 14,
            "I": 55,
            "T": 15,
            "M": 19,
            "E": 64,
            "A": 110,
            "L": 19,
            "H": 50,
            "K": 31,
            "Ū": 24,
            "N": 63,
            "G": 43,
            "O": 20,
            "U": 41,
            "B": 29,
            "F": 6,
            "R": 32,
            "J": 13,
            "C": 15,
            "D": 13,
            "Y": 6,
            "P": 1,
            "Z": 1,
            "Š": 10,
            "'": 1,
            "W": 2
        }
    }
}