{
    "model_name": "qwen-25-3b",
    "checkpoint": 37000,
    "total_predictions": 218,
    "manchu_word_accuracy": 0.1559633027522936,
    "roman_word_accuracy": 0.1559633027522936,
    "manchu_cer": 0.45687378370864606,
    "roman_cer": 0.45247792472563125,
    "manchu_f1_score": 0.6496834377770698,
    "roman_f1_score": 0.6515844846524825,
    "inference_time": 787.1318935254299,
    "frequent_error": {
        "manchu": {
            "ᠠ": 173,
            "ᠯ": 17,
            "ᠣ": 23,
            "ᡵ": 25,
            "ᡥ": 16,
            "ᠪ": 29,
            "ᡳ": 72,
            "ᠮ": 31,
            "ᡶ": 5,
            "ᡧ": 5,
            "ᡝ": 34,
            "ᡮ": 2,
            "ᠨ": 42,
            "ᠵ": 13,
            "ᠶ": 11,
            "ᠩ": 9,
            "ᠰ": 17,
            "ᡩ": 33,
            "ᡠ": 19,
            "ᠴ": 15,
            "ᡤ": 9,
            "ᠸ": 9,
            "ᡴ": 14,
            "ᡡ": 7,
            "ᡨ": 2
        },
        "roman": {
            "A": 176,
            "L": 17,
            "O": 23,
            "R": 25,
            "H": 16,
            "B": 29,
            "I": 73,
            "M": 30,
            "Š": 5,
            "E": 34,
            "T": 4,
            "S": 19,
            "N": 51,
            "J": 13,
            "Y": 11,
            "G": 17,
            "K": 15,
            "D": 33,
            "U": 21,
            "C": 15,
            "F": 12,
            "Ū": 7,
            "W": 1
        }
    }
}