{
    "model_name": "qwen-25-3b",
    "checkpoint": 56000,
    "total_predictions": 1000,
    "manchu_word_accuracy": 0.777,
    "roman_word_accuracy": 0.776,
    "manchu_cer": 0.04799621350871353,
    "roman_cer": 0.04727981928202519,
    "manchu_f1_score": 0.9613737314206163,
    "roman_f1_score": 0.9620934576846273,
    "inference_time": 705.9993877410889,
    "frequent_error": {
        "manchu": {
            "ᡝ": 94,
            "ᠨ": 56,
            "ᠣ": 24,
            "ᠮ": 18,
            "ᡠ": 49,
            "ᠯ": 36,
            "ᠠ": 125,
            "ᡴ": 38,
            "ᡳ": 80,
            "ᡵ": 38,
            "ᡨ": 22,
            "ᠴ": 26,
            "ᡧ": 14,
            "ᠸ": 9,
            "ᡡ": 23,
            "ᠪ": 32,
            "ᡥ": 54,
            "ᡩ": 16,
            "ᠰ": 11,
            "ᠶ": 9,
            "ᠵ": 13,
            "ᠩ": 14,
            "ᡤ": 21,
            "ᡶ": 1,
            "ᡦ": 1
        },
        "roman": {
            "E": 96,
            "N": 70,
            "O": 24,
            "M": 18,
            "U": 50,
            "L": 37,
            "A": 124,
            "K": 40,
            "I": 83,
            "R": 38,
            "T": 22,
            "C": 26,
            "Š": 14,
            "F": 10,
            "Ū": 23,
            "B": 34,
            "H": 55,
            "D": 16,
            "S": 11,
            "Y": 9,
            "J": 13,
            "G": 31,
            "W": 2,
            "P": 1
        }
    }
}