{
    "model_name": "qwen-25-3b",
    "checkpoint": 44000,
    "total_predictions": 1000,
    "manchu_word_accuracy": 0.736,
    "roman_word_accuracy": 0.735,
    "manchu_cer": 0.057506982968012474,
    "roman_cer": 0.057146859431418326,
    "manchu_f1_score": 0.9523877377114289,
    "roman_f1_score": 0.952708889217181,
    "inference_time": 705.8901641368866,
    "frequent_error": {
        "manchu": {
            "ᠠ": 149,
            "ᠨ": 53,
            "ᡝ": 122,
            "ᠩ": 25,
            "ᡤ": 38,
            "ᡨ": 29,
            "ᡳ": 138,
            "ᡠ": 48,
            "ᠴ": 27,
            "ᡵ": 54,
            "ᡴ": 34,
            "ᡡ": 21,
            "ᠪ": 60,
            "ᠮ": 38,
            "ᡥ": 87,
            "ᡧ": 19,
            "ᠵ": 13,
            "ᠯ": 37,
            "ᠸ": 8,
            "ᠶ": 26,
            "ᠰ": 14,
            "ᡩ": 20,
            "ᠣ": 37,
            "ᡶ": 3
        },
        "roman": {
            "A": 158,
            "N": 81,
            "G": 51,
            "I": 142,
            "L": 43,
            "R": 55,
            "E": 126,
            "T": 31,
            "U": 49,
            "C": 27,
            "K": 35,
            "Ū": 22,
            "B": 61,
            "M": 39,
            "H": 89,
            "Š": 19,
            "J": 13,
            "D": 23,
            "F": 12,
            "Y": 26,
            "S": 14,
            "O": 36,
            "W": 1
        }
    }
}