{
    "model_name": "qwen-25-3b",
    "checkpoint": 108000,
    "total_predictions": 1000,
    "manchu_word_accuracy": 0.843,
    "roman_word_accuracy": 0.843,
    "manchu_cer": 0.033751042013542,
    "roman_cer": 0.03383895312204135,
    "manchu_f1_score": 0.972665210625368,
    "roman_f1_score": 0.9727412326366695,
    "inference_time": 722.535530090332,
    "frequent_error": {
        "manchu": {
            "ᠨ": 28,
            "ᠴ": 14,
            "ᠠ": 97,
            "ᠪ": 25,
            "ᡠ": 25,
            "ᡥ": 40,
            "ᠩ": 22,
            "ᡤ": 27,
            "ᡝ": 68,
            "ᠵ": 17,
            "ᠶ": 14,
            "ᡴ": 29,
            "ᡡ": 25,
            "ᠣ": 26,
            "ᠯ": 29,
            "ᡵ": 27,
            "ᠸ": 4,
            "ᡨ": 17,
            "ᡳ": 59,
            "ᡦ": 1,
            "ᡶ": 4,
            "ᠮ": 17,
            "ᡧ": 9,
            "ᡩ": 6,
            "ᠰ": 5,
            "᠋": 1
        },
        "roman": {
            "N": 48,
            "C": 14,
            "A": 99,
            "B": 27,
            "U": 25,
            "H": 42,
            "G": 37,
            "E": 69,
            "J": 17,
            "Y": 15,
            "K": 29,
            "Ū": 25,
            "O": 26,
            "L": 29,
            "R": 27,
            "F": 6,
            "T": 17,
            "I": 62,
            "P": 1,
            "M": 18,
            "W": 4,
            "Š": 10,
            "D": 6,
            "S": 5,
            "'": 1
        }
    }
}