{
    "model_name": "qwen-25-3b",
    "checkpoint": 59000,
    "total_predictions": 218,
    "manchu_word_accuracy": 0.17889908256880735,
    "roman_word_accuracy": 0.17889908256880735,
    "manchu_cer": 0.4225796629466356,
    "roman_cer": 0.42023147596542104,
    "manchu_f1_score": 0.6712900796211644,
    "roman_f1_score": 0.6716048911812539,
    "inference_time": 780.8393032178966,
    "frequent_error": {
        "manchu": {
            "ᠠ": 172,
            "ᠨ": 38,
            "ᡵ": 21,
            "ᡩ": 35,
            "ᠩ": 7,
            "ᠰ": 9,
            "ᡝ": 28,
            "ᡥ": 17,
            "ᡴ": 12,
            "ᡡ": 6,
            "ᠣ": 16,
            "ᠯ": 13,
            "ᡳ": 64,
            "ᡮ": 2,
            "ᠵ": 13,
            "ᠶ": 9,
            "ᠴ": 16,
            "ᡨ": 3,
            "ᠮ": 25,
            "ᠪ": 26,
            "ᡧ": 5,
            "ᠸ": 9,
            "ᡶ": 5,
            "ᡠ": 13,
            "ᡤ": 8
        },
        "roman": {
            "A": 178,
            "N": 45,
            "R": 21,
            "D": 35,
            "G": 14,
            "S": 13,
            "E": 27,
            "H": 17,
            "K": 12,
            "Ū": 6,
            "O": 16,
            "L": 13,
            "I": 64,
            "T": 5,
            "J": 13,
            "Y": 9,
            "C": 16,
            "M": 25,
            "B": 26,
            "Š": 5,
            "F": 12,
            "U": 14,
            "W": 1
        }
    }
}