{
    "model_name": "qwen-25-3b",
    "checkpoint": 34000,
    "total_predictions": 218,
    "manchu_word_accuracy": 0.1651376146788991,
    "roman_word_accuracy": 0.1651376146788991,
    "manchu_cer": 0.4565297470113985,
    "roman_cer": 0.4542853171293539,
    "manchu_f1_score": 0.652121616915195,
    "roman_f1_score": 0.6540157834279031,
    "inference_time": 796.4489514674616,
    "frequent_error": {
        "manchu": {
            "ᡤ": 9,
            "ᡩ": 45,
            "ᡝ": 39,
            "ᡠ": 16,
            "ᡳ": 74,
            "ᠨ": 32,
            "ᠠ": 188,
            "ᡴ": 12,
            "ᠯ": 19,
            "ᠮ": 27,
            "ᠴ": 12,
            "ᠪ": 29,
            "ᡥ": 22,
            "ᠩ": 7,
            "ᠰ": 10,
            "ᡵ": 23,
            "ᠣ": 16,
            "ᠸ": 11,
            "ᠵ": 12,
            "ᡮ": 2,
            "ᠶ": 10,
            "ᡧ": 5,
            "ᡶ": 5,
            "ᡡ": 5,
            "ᡨ": 4
        },
        "roman": {
            "G": 15,
            "D": 45,
            "E": 38,
            "U": 16,
            "I": 75,
            "N": 40,
            "A": 188,
            "K": 13,
            "L": 19,
            "M": 26,
            "C": 12,
            "B": 29,
            "H": 22,
            "S": 12,
            "R": 23,
            "O": 16,
            "F": 14,
            "J": 12,
            "T": 6,
            "Y": 10,
            "Š": 5,
            "Ū": 5,
            "W": 1
        }
    }
}