{
    "model_name": "qwen-25-3b",
    "checkpoint": 8000,
    "total_predictions": 218,
    "manchu_word_accuracy": 0.13761467889908258,
    "roman_word_accuracy": 0.13761467889908258,
    "manchu_cer": 0.4837217191574991,
    "roman_cer": 0.4792437811933225,
    "manchu_f1_score": 0.6473644465675598,
    "roman_f1_score": 0.6487782056513134,
    "inference_time": 796.6333266791947,
    "frequent_error": {
        "manchu": {
            "ᠠ": 153,
            "ᡴ": 8,
            "ᡩ": 38,
            "ᡠ": 11,
            "ᠨ": 34,
            "ᠩ": 7,
            "ᡤ": 10,
            "ᡳ": 67,
            "ᠸ": 9,
            "ᡵ": 24,
            "ᠪ": 34,
            "ᡶ": 5,
            "ᡝ": 45,
            "ᠴ": 14,
            "ᠯ": 16,
            "ᠵ": 12,
            "ᠮ": 30,
            "ᠣ": 19,
            "ᡥ": 23,
            "ᠶ": 15,
            "ᡧ": 5,
            "ᡮ": 2,
            "ᡡ": 4,
            "ᠰ": 7,
            "ᡨ": 4
        },
        "roman": {
            "A": 156,
            "K": 9,
            "D": 38,
            "U": 12,
            "N": 41,
            "G": 15,
            "I": 67,
            "F": 13,
            "R": 24,
            "B": 34,
            "E": 45,
            "C": 14,
            "L": 16,
            "J": 12,
            "M": 29,
            "O": 19,
            "H": 23,
            "Y": 15,
            "Š": 5,
            "T": 6,
            "S": 9,
            "Ū": 4,
            "W": 1
        }
    }
}