{
    "model_name": "qwen-25-3b",
    "checkpoint": 50000,
    "total_predictions": 1000,
    "manchu_word_accuracy": 0.727,
    "roman_word_accuracy": 0.728,
    "manchu_cer": 0.0689214063714065,
    "roman_cer": 0.0682533102518398,
    "manchu_f1_score": 0.9447087470195729,
    "roman_f1_score": 0.9454999007012119,
    "inference_time": 710.4554212093353,
    "frequent_error": {
        "manchu": {
            "ᡧ": 13,
            "ᠨ": 48,
            "ᡝ": 106,
            "ᠴ": 28,
            "ᡳ": 121,
            "ᠵ": 15,
            "ᡵ": 49,
            "ᠩ": 30,
            "ᡤ": 48,
            "ᠰ": 15,
            "ᡠ": 50,
            "ᡥ": 71,
            "ᡴ": 46,
            "ᠸ": 9,
            "ᡨ": 30,
            "ᠠ": 162,
            "ᡡ": 22,
            "ᠶ": 7,
            "ᠯ": 47,
            "ᠣ": 52,
            "ᠪ": 38,
            "ᠮ": 27,
            "ᡩ": 25,
            "ᡦ": 3,
            "᠋": 2,
            "ᡶ": 2
        },
        "roman": {
            "Š": 13,
            "N": 74,
            "E": 107,
            "C": 28,
            "I": 122,
            "J": 15,
            "R": 49,
            "G": 58,
            "S": 16,
            "U": 51,
            "H": 72,
            "K": 46,
            "F": 10,
            "T": 30,
            "A": 157,
            "Ū": 22,
            "Y": 7,
            "L": 48,
            "O": 52,
            "B": 39,
            "W": 2,
            "M": 27,
            "D": 24,
            "P": 3,
            "'": 2
        }
    }
}