{
    "model_name": "qwen-25-3b",
    "checkpoint": 108000,
    "total_predictions": 218,
    "manchu_word_accuracy": 0.23394495412844038,
    "roman_word_accuracy": 0.23394495412844038,
    "manchu_cer": 0.3835936362312508,
    "roman_cer": 0.3811999417504006,
    "manchu_f1_score": 0.7002092835808433,
    "roman_f1_score": 0.7020154328413339,
    "inference_time": 789.1569323495987,
    "frequent_error": {
        "manchu": {
            "ᠠ": 144,
            "ᡩ": 32,
            "ᡵ": 21,
            "ᠮ": 26,
            "ᡝ": 30,
            "ᡮ": 2,
            "ᠵ": 14,
            "ᡳ": 66,
            "ᠶ": 9,
            "ᠩ": 8,
            "ᡥ": 16,
            "ᠨ": 34,
            "ᡡ": 5,
            "ᡨ": 1,
            "ᠪ": 28,
            "ᡴ": 8,
            "ᠰ": 11,
            "ᠯ": 16,
            "ᠸ": 7,
            "ᡤ": 7,
            "ᡧ": 5,
            "ᠴ": 12,
            "ᡶ": 4,
            "ᡠ": 12,
            "ᠣ": 17
        },
        "roman": {
            "A": 143,
            "D": 32,
            "R": 21,
            "M": 26,
            "E": 30,
            "T": 3,
            "S": 13,
            "J": 14,
            "I": 66,
            "Y": 9,
            "N": 42,
            "G": 11,
            "H": 16,
            "Ū": 5,
            "B": 28,
            "K": 8,
            "L": 16,
            "F": 9,
            "Š": 5,
            "C": 12,
            "U": 13,
            "O": 17,
            "W": 1
        }
    }
}