{
    "model_name": "qwen-25-3b",
    "checkpoint": 87000,
    "total_predictions": 1000,
    "manchu_word_accuracy": 0.81,
    "roman_word_accuracy": 0.81,
    "manchu_cer": 0.04237941780441782,
    "roman_cer": 0.04228593555137676,
    "manchu_f1_score": 0.9652948700282294,
    "roman_f1_score": 0.9651347059664583,
    "inference_time": 708.7584359645844,
    "frequent_error": {
        "manchu": {
            "ᡩ": 17,
            "ᠠ": 106,
            "ᠩ": 22,
            "ᠰ": 5,
            "ᡳ": 83,
            "ᡴ": 36,
            "ᡡ": 18,
            "ᠮ": 18,
            "ᡵ": 29,
            "ᡦ": 6,
            "ᡨ": 15,
            "ᠨ": 37,
            "ᡥ": 54,
            "ᡝ": 78,
            "ᠪ": 31,
            "ᠯ": 24,
            "ᠴ": 15,
            "ᠸ": 8,
            "ᡧ": 8,
            "ᡠ": 30,
            "ᠶ": 14,
            "ᠣ": 34,
            "ᡤ": 28,
            "ᠵ": 9,
            "ᡶ": 2
        },
        "roman": {
            "D": 17,
            "A": 103,
            "N": 58,
            "G": 42,
            "S": 5,
            "Ū": 18,
            "M": 18,
            "R": 29,
            "K": 35,
            "I": 79,
            "P": 6,
            "T": 15,
            "H": 51,
            "E": 77,
            "B": 28,
            "L": 23,
            "C": 15,
            "F": 8,
            "Š": 8,
            "U": 28,
            "W": 8,
            "O": 33,
            "J": 9,
            "Y": 13
        }
    }
}