{
    "model_name": "qwen-25-3b",
    "checkpoint": 19000,
    "total_predictions": 1000,
    "manchu_word_accuracy": 0.786,
    "roman_word_accuracy": 0.785,
    "manchu_cer": 0.05112179209679214,
    "roman_cer": 0.050383066606596076,
    "manchu_f1_score": 0.9585348505534145,
    "roman_f1_score": 0.9588619388291817,
    "inference_time": 712.8454809188843,
    "frequent_error": {
        "manchu": {
            "ᠣ": 32,
            "ᠸ": 16,
            "ᡠ": 45,
            "ᠨ": 42,
            "ᠠ": 151,
            "ᠶ": 14,
            "ᠯ": 28,
            "ᡥ": 57,
            "ᠪ": 36,
            "ᡳ": 83,
            "ᡝ": 84,
            "ᡤ": 33,
            "ᠴ": 20,
            "ᠰ": 8,
            "ᡴ": 42,
            "ᠵ": 21,
            "ᠩ": 25,
            "ᡨ": 18,
            "ᡵ": 42,
            "ᡧ": 18,
            "ᠮ": 22,
            "ᡡ": 31,
            "ᡩ": 15,
            "ᡯ": 1,
            "ᡶ": 1
        },
        "roman": {
            "O": 32,
            "F": 13,
            "U": 45,
            "N": 67,
            "A": 152,
            "Y": 14,
            "L": 28,
            "H": 59,
            "B": 37,
            "I": 85,
            "E": 89,
            "G": 51,
            "C": 20,
            "S": 8,
            "K": 42,
            "J": 21,
            "T": 18,
            "R": 43,
            "Š": 18,
            "M": 23,
            "Ū": 31,
            "D": 16,
            "W": 4,
            "Z": 1
        }
    }
}