{
    "model_name": "qwen-25-3b",
    "checkpoint": 58000,
    "total_predictions": 1000,
    "manchu_word_accuracy": 0.779,
    "roman_word_accuracy": 0.779,
    "manchu_cer": 0.053344150294150336,
    "roman_cer": 0.05266712059869959,
    "manchu_f1_score": 0.9582360727316738,
    "roman_f1_score": 0.9583410669811326,
    "inference_time": 707.4445323944092,
    "frequent_error": {
        "manchu": {
            "ᠨ": 27,
            "ᠵ": 19,
            "ᠠ": 125,
            "ᡥ": 60,
            "ᠩ": 32,
            "ᡤ": 37,
            "ᡝ": 93,
            "ᡳ": 89,
            "ᡨ": 22,
            "ᡴ": 51,
            "ᡡ": 25,
            "ᠣ": 43,
            "ᡵ": 34,
            "ᡧ": 9,
            "ᡠ": 27,
            "ᠯ": 30,
            "ᠪ": 33,
            "ᠮ": 28,
            "ᠰ": 11,
            "ᠴ": 16,
            "ᠶ": 9,
            "ᡶ": 3,
            "ᡩ": 18,
            "ᠸ": 3,
            "ᡦ": 2
        },
        "roman": {
            "N": 62,
            "J": 19,
            "A": 133,
            "H": 64,
            "G": 56,
            "E": 98,
            "I": 99,
            "T": 22,
            "K": 55,
            "Ū": 25,
            "O": 43,
            "R": 35,
            "Š": 10,
            "U": 28,
            "L": 31,
            "B": 38,
            "M": 31,
            "S": 11,
            "C": 16,
            "Y": 10,
            "F": 6,
            "D": 18,
            "W": 2,
            "P": 2
        }
    }
}