{
    "model_name": "qwen-25-3b",
    "checkpoint": 109000,
    "total_predictions": 218,
    "manchu_word_accuracy": 0.23394495412844038,
    "roman_word_accuracy": 0.23394495412844038,
    "manchu_cer": 0.3881738419582458,
    "roman_cer": 0.3870033890676094,
    "manchu_f1_score": 0.698417674847788,
    "roman_f1_score": 0.7003276305091287,
    "inference_time": 790.9062400870367,
    "frequent_error": {
        "manchu": {
            "ᠴ": 11,
            "ᡩ": 33,
            "ᠠ": 147,
            "ᠮ": 26,
            "ᡥ": 16,
            "ᡝ": 30,
            "ᡴ": 8,
            "ᡡ": 4,
            "ᠨ": 34,
            "ᠵ": 14,
            "ᡳ": 66,
            "ᠪ": 29,
            "ᡵ": 21,
            "ᠩ": 8,
            "ᡠ": 13,
            "ᡮ": 2,
            "ᠶ": 10,
            "ᠣ": 18,
            "ᠯ": 17,
            "ᠰ": 10,
            "ᡶ": 4,
            "ᡧ": 5,
            "ᠸ": 8,
            "ᡤ": 7,
            "ᡨ": 2
        },
        "roman": {
            "C": 11,
            "D": 33,
            "A": 147,
            "M": 26,
            "H": 16,
            "E": 30,
            "K": 8,
            "Ū": 4,
            "N": 43,
            "J": 14,
            "I": 67,
            "B": 29,
            "R": 21,
            "G": 12,
            "U": 14,
            "T": 4,
            "S": 12,
            "Y": 10,
            "O": 18,
            "L": 17,
            "Š": 5,
            "F": 10,
            "W": 1
        }
    }
}