{
    "model_name": "qwen-25-3b",
    "checkpoint": 40000,
    "total_predictions": 1000,
    "manchu_word_accuracy": 0.733,
    "roman_word_accuracy": 0.732,
    "manchu_cer": 0.06543122057680886,
    "roman_cer": 0.06581025779775786,
    "manchu_f1_score": 0.9472043899616619,
    "roman_f1_score": 0.9472417681459491,
    "inference_time": 713.167980670929,
    "frequent_error": {
        "manchu": {
            "ᠠ": 173,
            "ᡝ": 151,
            "ᡥ": 89,
            "ᡴ": 48,
            "ᡡ": 31,
            "ᡧ": 22,
            "ᠮ": 51,
            "ᡳ": 129,
            "ᡵ": 43,
            "ᠨ": 44,
            "ᡩ": 17,
            "ᠪ": 68,
            "ᠴ": 27,
            "ᠣ": 31,
            "ᠵ": 19,
            "ᡨ": 26,
            "ᠯ": 35,
            "ᠩ": 32,
            "ᡤ": 47,
            "ᡠ": 58,
            "ᠰ": 12,
            "ᠶ": 16,
            "ᠸ": 16,
            "ᡶ": 1,
            "ᡦ": 2
        },
        "roman": {
            "A": 178,
            "E": 150,
            "H": 92,
            "K": 49,
            "Ū": 32,
            "Š": 22,
            "M": 50,
            "I": 133,
            "R": 44,
            "N": 77,
            "D": 17,
            "B": 69,
            "C": 27,
            "O": 33,
            "J": 20,
            "T": 27,
            "L": 37,
            "G": 59,
            "U": 59,
            "S": 13,
            "Y": 16,
            "F": 17,
            "P": 2,
            "W": 3
        }
    }
}