{
    "model_name": "qwen-25-3b",
    "checkpoint": 32000,
    "total_predictions": 1000,
    "manchu_word_accuracy": 0.675,
    "roman_word_accuracy": 0.669,
    "manchu_cer": 0.0828600374298905,
    "roman_cer": 0.0835138709329887,
    "manchu_f1_score": 0.9306861020801446,
    "roman_f1_score": 0.9304011057122644,
    "inference_time": 706.8160526752472,
    "frequent_error": {
        "manchu": {
            "ᡳ": 163,
            "ᠯ": 49,
            "ᡵ": 65,
            "ᡥ": 101,
            "ᡡ": 40,
            "ᠠ": 244,
            "ᡴ": 53,
            "ᠨ": 58,
            "ᠣ": 34,
            "ᠴ": 27,
            "ᡧ": 24,
            "ᡠ": 54,
            "ᡩ": 24,
            "ᡨ": 39,
            "ᠪ": 57,
            "ᠰ": 12,
            "ᠵ": 18,
            "ᡝ": 133,
            "ᡤ": 59,
            "ᠩ": 47,
            "ᠮ": 29,
            "ᠶ": 18,
            "ᠸ": 12,
            "ᡶ": 3,
            "ᡦ": 2
        },
        "roman": {
            "I": 164,
            "L": 48,
            "R": 62,
            "H": 100,
            "Ū": 44,
            "A": 248,
            "K": 57,
            "N": 106,
            "O": 31,
            "C": 28,
            "G": 89,
            "E": 134,
            "Š": 25,
            "U": 56,
            "D": 24,
            "T": 39,
            "B": 59,
            "S": 13,
            "J": 18,
            "M": 31,
            "Y": 18,
            "F": 14,
            "P": 2,
            "W": 1
        }
    }
}