{
    "model_name": "qwen-25-3b",
    "checkpoint": 86000,
    "total_predictions": 218,
    "manchu_word_accuracy": 0.19724770642201836,
    "roman_word_accuracy": 0.19724770642201836,
    "manchu_cer": 0.38071458358155613,
    "roman_cer": 0.37669900181368077,
    "manchu_f1_score": 0.6992888270628249,
    "roman_f1_score": 0.7016777390442898,
    "inference_time": 795.9235447262405,
    "frequent_error": {
        "manchu": {
            "ᡳ": 63,
            "ᠠ": 157,
            "ᠪ": 29,
            "ᠮ": 29,
            "ᠴ": 13,
            "ᡝ": 29,
            "ᡶ": 5,
            "ᡩ": 33,
            "ᠯ": 16,
            "ᡠ": 11,
            "ᠨ": 38,
            "ᡧ": 4,
            "ᡵ": 24,
            "ᡴ": 11,
            "ᡡ": 5,
            "ᠣ": 21,
            "ᠰ": 12,
            "ᡥ": 19,
            "ᡤ": 9,
            "ᠩ": 9,
            "ᠸ": 6,
            "ᠵ": 15,
            "ᠶ": 10,
            "ᡮ": 2,
            "ᡨ": 2
        },
        "roman": {
            "I": 63,
            "A": 159,
            "B": 29,
            "M": 29,
            "C": 13,
            "E": 29,
            "F": 9,
            "D": 33,
            "L": 16,
            "U": 12,
            "N": 46,
            "Š": 4,
            "R": 24,
            "K": 11,
            "Ū": 5,
            "O": 21,
            "S": 14,
            "H": 19,
            "G": 15,
            "J": 15,
            "Y": 10,
            "T": 4,
            "W": 1
        }
    }
}