{
    "model_name": "qwen-25-3b",
    "checkpoint": 46000,
    "total_predictions": 1000,
    "manchu_word_accuracy": 0.734,
    "roman_word_accuracy": 0.735,
    "manchu_cer": 0.06522010212010217,
    "roman_cer": 0.0641501373626374,
    "manchu_f1_score": 0.9479935692073611,
    "roman_f1_score": 0.9489018699908113,
    "inference_time": 711.388635635376,
    "frequent_error": {
        "manchu": {
            "ᡴ": 55,
            "ᡳ": 117,
            "ᠨ": 53,
            "ᠮ": 23,
            "ᠠ": 160,
            "ᡥ": 84,
            "ᠪ": 49,
            "ᠣ": 51,
            "ᠵ": 16,
            "ᠩ": 36,
            "ᡤ": 43,
            "ᡨ": 36,
            "ᠯ": 39,
            "ᡝ": 139,
            "ᡩ": 18,
            "ᡵ": 48,
            "ᠴ": 27,
            "ᡡ": 38,
            "ᠰ": 12,
            "ᠸ": 14,
            "ᡧ": 22,
            "ᡠ": 33,
            "ᡶ": 3,
            "ᠶ": 8,
            "ᡯ": 1,
            "ᡦ": 2
        },
        "roman": {
            "K": 54,
            "I": 112,
            "N": 86,
            "M": 22,
            "A": 159,
            "H": 82,
            "B": 48,
            "O": 50,
            "J": 16,
            "G": 61,
            "T": 37,
            "L": 39,
            "E": 139,
            "D": 19,
            "R": 48,
            "C": 27,
            "Ū": 37,
            "S": 12,
            "F": 13,
            "Š": 22,
            "U": 34,
            "Y": 6,
            "W": 3,
            "Z": 1,
            "P": 2
        }
    }
}