{
    "model_name": "qwen-25-3b",
    "checkpoint": 96000,
    "total_predictions": 1000,
    "manchu_word_accuracy": 0.823,
    "roman_word_accuracy": 0.823,
    "manchu_cer": 0.04042892107892111,
    "roman_cer": 0.04007120240870244,
    "manchu_f1_score": 0.9679391044135555,
    "roman_f1_score": 0.9681466907077477,
    "inference_time": 717.2114071846008,
    "frequent_error": {
        "manchu": {
            "ᡠ": 32,
            "ᡦ": 3,
            "ᠸ": 9,
            "ᡥ": 50,
            "ᠪ": 28,
            "ᡳ": 67,
            "ᠣ": 18,
            "ᡩ": 12,
            "ᠠ": 116,
            "ᠮ": 21,
            "ᡨ": 15,
            "ᠯ": 18,
            "ᡝ": 69,
            "ᡵ": 35,
            "ᡴ": 41,
            "ᡡ": 30,
            "ᠨ": 42,
            "ᠩ": 20,
            "ᡤ": 27,
            "ᠵ": 9,
            "ᠶ": 9,
            "ᠰ": 7,
            "ᠴ": 14,
            "ᡧ": 10,
            "ᡶ": 5
        },
        "roman": {
            "U": 32,
            "P": 3,
            "F": 12,
            "H": 50,
            "B": 26,
            "I": 67,
            "O": 18,
            "D": 12,
            "A": 117,
            "M": 20,
            "T": 15,
            "L": 18,
            "E": 66,
            "R": 35,
            "K": 41,
            "Ū": 30,
            "N": 61,
            "G": 36,
            "J": 9,
            "Y": 10,
            "S": 7,
            "C": 14,
            "Š": 11,
            "W": 3
        }
    }
}