{
    "model_name": "qwen-25-3b",
    "checkpoint": 36000,
    "total_predictions": 218,
    "manchu_word_accuracy": 0.1559633027522936,
    "roman_word_accuracy": 0.1559633027522936,
    "manchu_cer": 0.49064216873849925,
    "roman_cer": 0.4930977534188544,
    "manchu_f1_score": 0.6363075932014638,
    "roman_f1_score": 0.6382650998402127,
    "inference_time": 796.0333539805281,
    "frequent_error": {
        "manchu": {
            "ᠠ": 194,
            "ᡳ": 70,
            "ᠨ": 39,
            "ᡵ": 23,
            "ᡩ": 42,
            "ᠰ": 11,
            "ᡝ": 32,
            "ᡮ": 2,
            "ᠵ": 13,
            "ᠶ": 12,
            "ᠩ": 8,
            "ᠯ": 21,
            "ᠮ": 25,
            "ᠪ": 32,
            "ᡠ": 13,
            "ᡥ": 18,
            "ᠸ": 7,
            "ᠣ": 12,
            "ᠴ": 16,
            "ᡤ": 10,
            "ᡴ": 13,
            "ᡡ": 7,
            "ᡶ": 5,
            "ᡧ": 5,
            "ᡨ": 2
        },
        "roman": {
            "A": 195,
            "I": 73,
            "N": 47,
            "R": 23,
            "D": 42,
            "S": 14,
            "E": 32,
            "T": 4,
            "J": 13,
            "Y": 12,
            "G": 16,
            "L": 21,
            "M": 23,
            "B": 32,
            "U": 13,
            "H": 18,
            "W": 1,
            "O": 12,
            "C": 16,
            "K": 14,
            "F": 11,
            "Ū": 7,
            "Š": 5
        }
    }
}