{
    "model_name": "qwen-25-3b",
    "checkpoint": 39000,
    "total_predictions": 218,
    "manchu_word_accuracy": 0.22935779816513763,
    "roman_word_accuracy": 0.22935779816513763,
    "manchu_cer": 0.3711431152944913,
    "roman_cer": 0.3700837007029666,
    "manchu_f1_score": 0.7181673066994164,
    "roman_f1_score": 0.7183293995085681,
    "inference_time": 792.6108454345563,
    "frequent_error": {
        "manchu": {
            "ᡩ": 33,
            "ᠰ": 8,
            "ᠠ": 127,
            "ᠮ": 24,
            "ᡝ": 27,
            "ᡤ": 7,
            "ᡵ": 22,
            "ᠴ": 12,
            "ᡳ": 68,
            "ᠨ": 33,
            "ᠩ": 4,
            "ᡴ": 8,
            "ᠪ": 21,
            "ᠶ": 10,
            "ᠯ": 18,
            "ᡥ": 21,
            "ᡡ": 4,
            "ᡠ": 11,
            "ᠣ": 19,
            "ᡮ": 2,
            "ᠵ": 13,
            "ᠸ": 10,
            "ᡶ": 4,
            "ᡨ": 2,
            "ᡧ": 6
        },
        "roman": {
            "D": 33,
            "S": 10,
            "A": 131,
            "E": 28,
            "G": 9,
            "R": 22,
            "M": 23,
            "C": 12,
            "I": 71,
            "N": 42,
            "K": 8,
            "B": 21,
            "Y": 10,
            "L": 18,
            "H": 21,
            "Ū": 4,
            "U": 12,
            "O": 19,
            "T": 4,
            "J": 15,
            "F": 13,
            "W": 1,
            "Š": 6
        }
    }
}