{
    "model_name": "qwen-25-3b",
    "checkpoint": 54000,
    "total_predictions": 1000,
    "manchu_word_accuracy": 0.758,
    "roman_word_accuracy": 0.758,
    "manchu_cer": 0.05554032576900224,
    "roman_cer": 0.0551532579348756,
    "manchu_f1_score": 0.955172373183047,
    "roman_f1_score": 0.955543826893996,
    "inference_time": 712.7910008430481,
    "frequent_error": {
        "manchu": {
            "ᠠ": 163,
            "ᡴ": 40,
            "ᠪ": 32,
            "ᡠ": 36,
            "ᠴ": 17,
            "ᡳ": 83,
            "ᠨ": 42,
            "ᡥ": 59,
            "ᡝ": 93,
            "ᠩ": 36,
            "ᡤ": 48,
            "ᠯ": 34,
            "ᠣ": 38,
            "ᡩ": 14,
            "ᠮ": 25,
            "ᠰ": 8,
            "ᡡ": 31,
            "ᡵ": 51,
            "ᠸ": 6,
            "ᡨ": 22,
            "ᠵ": 14,
            "ᡧ": 21,
            "᠋": 2,
            "ᠶ": 16,
            "ᡦ": 2,
            "ᡶ": 4
        },
        "roman": {
            "A": 166,
            "K": 42,
            "B": 33,
            "U": 36,
            "C": 17,
            "I": 90,
            "N": 79,
            "H": 59,
            "E": 86,
            "G": 65,
            "L": 32,
            "O": 41,
            "D": 14,
            "M": 25,
            "S": 10,
            "Ū": 31,
            "R": 52,
            "W": 4,
            "T": 22,
            "J": 15,
            "Š": 21,
            "F": 5,
            "'": 2,
            "Y": 16,
            "P": 2
        }
    }
}