{
    "model_name": "qwen-25-3b",
    "checkpoint": 64000,
    "total_predictions": 218,
    "manchu_word_accuracy": 0.23853211009174313,
    "roman_word_accuracy": 0.23853211009174313,
    "manchu_cer": 0.39730463216701734,
    "roman_cer": 0.3945286746892249,
    "manchu_f1_score": 0.6987383052277818,
    "roman_f1_score": 0.7008442550465445,
    "inference_time": 798.1105966305514,
    "frequent_error": {
        "manchu": {
            "ᠠ": 139,
            "ᡩ": 36,
            "ᡵ": 23,
            "ᠮ": 20,
            "ᡝ": 26,
            "ᠯ": 17,
            "ᠨ": 29,
            "ᡳ": 72,
            "ᠴ": 15,
            "ᠣ": 19,
            "ᡤ": 8,
            "ᠵ": 11,
            "ᡥ": 22,
            "ᠪ": 27,
            "ᠶ": 10,
            "ᡠ": 12,
            "ᠰ": 11,
            "ᠸ": 7,
            "ᡴ": 12,
            "ᡨ": 3,
            "ᠩ": 8,
            "ᡡ": 6,
            "ᡶ": 4,
            "ᡮ": 2,
            "ᡧ": 3
        },
        "roman": {
            "A": 140,
            "D": 36,
            "R": 23,
            "M": 20,
            "E": 26,
            "L": 17,
            "N": 38,
            "I": 70,
            "C": 15,
            "O": 19,
            "G": 14,
            "J": 11,
            "H": 22,
            "B": 28,
            "Y": 10,
            "U": 12,
            "S": 13,
            "F": 7,
            "K": 11,
            "T": 5,
            "Ū": 6,
            "W": 2,
            "Š": 3
        }
    }
}