{
    "model_name": "qwen-25-3b",
    "checkpoint": 41000,
    "total_predictions": 218,
    "manchu_word_accuracy": 0.17889908256880735,
    "roman_word_accuracy": 0.1743119266055046,
    "manchu_cer": 0.3939281411758476,
    "roman_cer": 0.3950166805671393,
    "manchu_f1_score": 0.6876585315805499,
    "roman_f1_score": 0.6884054313766447,
    "inference_time": 770.3644059119969,
    "frequent_error": {
        "manchu": {
            "ᡩ": 40,
            "ᠰ": 15,
            "ᡵ": 21,
            "ᠠ": 158,
            "ᠨ": 39,
            "ᡳ": 65,
            "ᡴ": 11,
            "ᡠ": 15,
            "ᠯ": 16,
            "ᠮ": 27,
            "ᡝ": 31,
            "ᠵ": 15,
            "ᠪ": 29,
            "ᠶ": 9,
            "ᡶ": 4,
            "ᡥ": 22,
            "ᡤ": 10,
            "ᠴ": 14,
            "ᠸ": 10,
            "ᡮ": 2,
            "ᠩ": 7,
            "ᠣ": 19,
            "ᡡ": 5,
            "ᡧ": 4,
            "ᡨ": 2
        },
        "roman": {
            "D": 41,
            "S": 17,
            "R": 21,
            "A": 160,
            "N": 47,
            "I": 66,
            "K": 12,
            "U": 16,
            "L": 16,
            "M": 26,
            "E": 30,
            "J": 15,
            "B": 29,
            "Y": 9,
            "F": 12,
            "H": 23,
            "G": 14,
            "C": 14,
            "T": 4,
            "O": 19,
            "Ū": 5,
            "Š": 4,
            "W": 1
        }
    }
}