{
    "model_name": "qwen-25-3b",
    "checkpoint": 60000,
    "total_predictions": 1000,
    "manchu_word_accuracy": 0.773,
    "roman_word_accuracy": 0.774,
    "manchu_cer": 0.0515507966706496,
    "roman_cer": 0.0513298987776929,
    "manchu_f1_score": 0.9584025397381983,
    "roman_f1_score": 0.9586374589602638,
    "inference_time": 712.1544938087463,
    "frequent_error": {
        "manchu": {
            "ᠣ": 23,
            "ᠰ": 7,
            "ᡳ": 90,
            "ᠯ": 37,
            "ᡥ": 77,
            "ᠠ": 143,
            "ᠪ": 45,
            "ᡝ": 95,
            "ᡤ": 45,
            "ᠨ": 44,
            "ᡴ": 47,
            "ᡧ": 17,
            "ᠴ": 15,
            "ᠩ": 28,
            "ᠵ": 19,
            "ᡵ": 45,
            "ᡡ": 29,
            "ᠮ": 19,
            "ᠸ": 16,
            "ᡠ": 40,
            "ᡨ": 14,
            "ᡩ": 22,
            "ᠶ": 8,
            "ᡶ": 5,
            "ᡯ": 2,
            "ᡦ": 5
        },
        "roman": {
            "O": 22,
            "S": 7,
            "I": 89,
            "L": 37,
            "H": 77,
            "A": 143,
            "B": 46,
            "E": 99,
            "G": 61,
            "N": 71,
            "K": 47,
            "Š": 17,
            "C": 16,
            "J": 19,
            "R": 46,
            "Ū": 29,
            "M": 19,
            "F": 16,
            "U": 41,
            "T": 14,
            "D": 24,
            "Y": 8,
            "W": 6,
            "Z": 2,
            "P": 5
        }
    }
}