{
    "model_name": "qwen-25-3b",
    "checkpoint": 104000,
    "total_predictions": 1000,
    "manchu_word_accuracy": 0.84,
    "roman_word_accuracy": 0.84,
    "manchu_cer": 0.03591361971361972,
    "roman_cer": 0.03585907425907426,
    "manchu_f1_score": 0.9706040022176357,
    "roman_f1_score": 0.9709314097211693,
    "inference_time": 717.14222240448,
    "frequent_error": {
        "manchu": {
            "ᠨ": 38,
            "ᠴ": 10,
            "ᠶ": 10,
            "ᠯ": 16,
            "ᡝ": 71,
            "ᠪ": 26,
            "ᡠ": 29,
            "ᡥ": 50,
            "ᠵ": 12,
            "ᡵ": 32,
            "ᠠ": 95,
            "ᡴ": 32,
            "ᡡ": 16,
            "ᠰ": 5,
            "ᠮ": 21,
            "ᡳ": 66,
            "ᡨ": 11,
            "ᠣ": 25,
            "ᡩ": 9,
            "ᡧ": 9,
            "ᡶ": 3,
            "ᠩ": 19,
            "ᡤ": 30,
            "ᠸ": 8,
            "ᡦ": 1
        },
        "roman": {
            "N": 57,
            "C": 10,
            "Y": 10,
            "L": 17,
            "E": 74,
            "B": 27,
            "U": 29,
            "H": 52,
            "J": 12,
            "R": 33,
            "A": 99,
            "K": 33,
            "Ū": 17,
            "S": 7,
            "M": 22,
            "I": 68,
            "T": 11,
            "O": 24,
            "D": 10,
            "Š": 9,
            "F": 10,
            "G": 41,
            "P": 1,
            "W": 2
        }
    }
}