{
    "model_name": "qwen-25-3b",
    "checkpoint": 38000,
    "total_predictions": 1000,
    "manchu_word_accuracy": 0.734,
    "roman_word_accuracy": 0.734,
    "manchu_cer": 0.06342501885369542,
    "roman_cer": 0.06352134279119583,
    "manchu_f1_score": 0.9485200968835598,
    "roman_f1_score": 0.9487258223070313,
    "inference_time": 859.2916760444641,
    "frequent_error": {
        "manchu": {
            "ᠴ": 29,
            "ᡥ": 59,
            "ᡳ": 117,
            "ᡵ": 51,
            "ᡝ": 110,
            "ᠪ": 41,
            "ᠨ": 60,
            "ᠶ": 11,
            "ᠠ": 152,
            "ᡴ": 53,
            "ᡡ": 24,
            "ᡨ": 20,
            "ᡧ": 28,
            "ᠵ": 24,
            "ᡠ": 42,
            "ᠮ": 25,
            "ᠩ": 32,
            "ᡤ": 44,
            "ᠯ": 32,
            "ᠸ": 10,
            "ᠣ": 43,
            "ᡩ": 15,
            "ᠰ": 9,
            "ᡶ": 3
        },
        "roman": {
            "C": 29,
            "H": 60,
            "I": 115,
            "R": 54,
            "E": 112,
            "B": 41,
            "N": 96,
            "Y": 10,
            "A": 155,
            "K": 57,
            "Ū": 26,
            "T": 19,
            "Š": 30,
            "J": 25,
            "U": 42,
            "M": 25,
            "G": 64,
            "L": 31,
            "F": 11,
            "O": 42,
            "D": 15,
            "S": 11,
            "W": 3
        }
    }
}