{
    "model_name": "qwen-25-3b",
    "checkpoint": 44000,
    "total_predictions": 218,
    "manchu_word_accuracy": 0.12844036697247707,
    "roman_word_accuracy": 0.12844036697247707,
    "manchu_cer": 0.457166521042668,
    "roman_cer": 0.45346767147225864,
    "manchu_f1_score": 0.6677166869827419,
    "roman_f1_score": 0.6704931124520979,
    "inference_time": 807.843677494504,
    "frequent_error": {
        "manchu": {
            "ᠶ": 9,
            "ᠠ": 157,
            "ᡵ": 22,
            "ᡩ": 40,
            "ᠰ": 16,
            "ᠨ": 40,
            "ᠴ": 20,
            "ᠪ": 27,
            "ᡠ": 17,
            "ᠮ": 24,
            "ᡝ": 32,
            "ᡤ": 9,
            "ᡥ": 19,
            "ᡳ": 72,
            "ᠯ": 18,
            "ᠵ": 15,
            "ᠩ": 8,
            "ᠸ": 10,
            "ᡨ": 2,
            "ᡡ": 4,
            "ᡴ": 11,
            "ᡧ": 5,
            "ᠣ": 18,
            "ᡮ": 2,
            "ᡶ": 5
        },
        "roman": {
            "Y": 9,
            "A": 160,
            "R": 22,
            "D": 40,
            "S": 18,
            "N": 47,
            "C": 20,
            "B": 27,
            "U": 19,
            "M": 23,
            "E": 31,
            "G": 15,
            "H": 19,
            "I": 72,
            "L": 18,
            "J": 15,
            "F": 13,
            "T": 4,
            "Ū": 4,
            "K": 11,
            "Š": 5,
            "O": 18,
            "W": 1
        }
    }
}