{
    "model_name": "qwen-25-3b",
    "checkpoint": 12000,
    "total_predictions": 1000,
    "manchu_word_accuracy": 0.665,
    "roman_word_accuracy": 0.665,
    "manchu_cer": 0.07984309962912917,
    "roman_cer": 0.07856058394220168,
    "manchu_f1_score": 0.9357269371780745,
    "roman_f1_score": 0.9367377139704965,
    "inference_time": 707.8641657829285,
    "frequent_error": {
        "manchu": {
            "ᠠ": 227,
            "ᠮ": 31,
            "ᡥ": 99,
            "ᠪ": 46,
            "ᡳ": 142,
            "ᡝ": 136,
            "ᡵ": 60,
            "ᡨ": 35,
            "ᠯ": 41,
            "ᡴ": 64,
            "ᡡ": 37,
            "ᠴ": 26,
            "ᡦ": 4,
            "ᡧ": 24,
            "ᠨ": 60,
            "ᠵ": 30,
            "ᠣ": 31,
            "ᠰ": 13,
            "ᠩ": 42,
            "ᡤ": 56,
            "ᡠ": 46,
            "ᡩ": 31,
            "ᠶ": 17,
            "ᠸ": 10,
            "ᡶ": 5,
            "ᡮ": 1,
            "ᡯ": 1
        },
        "roman": {
            "A": 224,
            "M": 32,
            "H": 99,
            "B": 46,
            "I": 146,
            "E": 138,
            "R": 60,
            "T": 36,
            "L": 40,
            "K": 65,
            "Ū": 38,
            "C": 26,
            "P": 4,
            "Š": 25,
            "N": 100,
            "J": 30,
            "O": 30,
            "S": 14,
            "G": 77,
            "U": 45,
            "D": 31,
            "Y": 18,
            "F": 11,
            "W": 4,
            "Z": 1
        }
    }
}