{
    "model_name": "qwen-25-3b",
    "checkpoint": 73000,
    "total_predictions": 218,
    "manchu_word_accuracy": 0.22018348623853212,
    "roman_word_accuracy": 0.21559633027522937,
    "manchu_cer": 0.4167379893297324,
    "roman_cer": 0.41408217165097905,
    "manchu_f1_score": 0.6726459268080964,
    "roman_f1_score": 0.6731525647405305,
    "inference_time": 789.9339549038389,
    "frequent_error": {
        "manchu": {
            "ᡵ": 18,
            "ᡳ": 75,
            "ᡩ": 37,
            "ᠰ": 10,
            "ᡝ": 33,
            "ᠠ": 156,
            "ᠮ": 27,
            "ᡨ": 2,
            "ᠨ": 42,
            "ᠴ": 16,
            "ᡠ": 12,
            "ᠵ": 14,
            "ᡤ": 9,
            "ᡶ": 5,
            "ᠣ": 19,
            "ᠪ": 32,
            "ᡥ": 22,
            "ᡴ": 9,
            "ᡮ": 2,
            "ᠶ": 9,
            "ᠩ": 10,
            "ᠯ": 16,
            "ᡧ": 5,
            "ᡡ": 3,
            "ᠸ": 6
        },
        "roman": {
            "R": 18,
            "I": 74,
            "D": 37,
            "S": 13,
            "E": 33,
            "A": 157,
            "M": 26,
            "T": 4,
            "N": 52,
            "C": 16,
            "U": 14,
            "J": 14,
            "G": 17,
            "F": 8,
            "O": 19,
            "B": 32,
            "H": 22,
            "K": 8,
            "Y": 9,
            "L": 16,
            "Š": 5,
            "Ū": 3,
            "W": 2
        }
    }
}