{
    "model_name": "qwen-25-3b",
    "checkpoint": 16000,
    "total_predictions": 218,
    "manchu_word_accuracy": 0.1834862385321101,
    "roman_word_accuracy": 0.1834862385321101,
    "manchu_cer": 0.4415595999311597,
    "roman_cer": 0.4438513576128257,
    "manchu_f1_score": 0.6720036199933662,
    "roman_f1_score": 0.6704166261573167,
    "inference_time": 806.0650661451007,
    "frequent_error": {
        "manchu": {
            "ᡩ": 36,
            "ᠠ": 162,
            "ᡳ": 67,
            "ᡥ": 21,
            "ᡡ": 7,
            "ᠨ": 34,
            "ᠮ": 25,
            "ᠯ": 14,
            "ᡝ": 31,
            "ᠩ": 9,
            "ᡴ": 14,
            "ᠣ": 23,
            "ᡵ": 23,
            "ᡮ": 2,
            "ᠵ": 12,
            "ᠶ": 9,
            "ᡤ": 9,
            "ᠪ": 25,
            "ᠰ": 11,
            "ᠴ": 12,
            "ᡠ": 10,
            "ᠸ": 8,
            "ᡧ": 6,
            "ᡶ": 4,
            "ᡨ": 2
        },
        "roman": {
            "D": 36,
            "A": 168,
            "I": 66,
            "H": 21,
            "Ū": 7,
            "N": 43,
            "M": 25,
            "L": 14,
            "E": 32,
            "G": 16,
            "K": 13,
            "O": 23,
            "R": 23,
            "T": 4,
            "S": 15,
            "J": 12,
            "Y": 9,
            "B": 25,
            "C": 12,
            "U": 12,
            "F": 10,
            "Š": 6,
            "W": 1
        }
    }
}