{
    "model_name": "qwen-25-3b",
    "checkpoint": 103000,
    "total_predictions": 218,
    "manchu_word_accuracy": 0.23853211009174313,
    "roman_word_accuracy": 0.23853211009174313,
    "manchu_cer": 0.3794200193282763,
    "roman_cer": 0.3764147040523188,
    "manchu_f1_score": 0.704205416368126,
    "roman_f1_score": 0.7066225695812857,
    "inference_time": 794.9420049649859,
    "frequent_error": {
        "manchu": {
            "ᠠ": 144,
            "ᠮ": 25,
            "ᡨ": 2,
            "ᠨ": 32,
            "ᡩ": 32,
            "ᡵ": 21,
            "ᡝ": 30,
            "ᡳ": 64,
            "ᠰ": 11,
            "ᠶ": 10,
            "ᠪ": 28,
            "ᡠ": 12,
            "ᠵ": 14,
            "ᠸ": 8,
            "ᡥ": 15,
            "ᡡ": 4,
            "ᡧ": 5,
            "ᠴ": 11,
            "ᡴ": 8,
            "ᠩ": 7,
            "ᡤ": 7,
            "ᠯ": 17,
            "ᡶ": 4,
            "ᠣ": 18,
            "ᡮ": 2
        },
        "roman": {
            "A": 145,
            "M": 25,
            "T": 4,
            "N": 41,
            "D": 32,
            "R": 21,
            "E": 30,
            "I": 65,
            "S": 13,
            "Y": 10,
            "B": 28,
            "U": 13,
            "J": 14,
            "F": 10,
            "H": 15,
            "Ū": 4,
            "Š": 5,
            "C": 11,
            "K": 8,
            "G": 11,
            "L": 17,
            "O": 18,
            "W": 1
        }
    }
}