{
    "model_name": "qwen-25-3b",
    "checkpoint": 21000,
    "total_predictions": 218,
    "manchu_word_accuracy": 0.17889908256880735,
    "roman_word_accuracy": 0.1834862385321101,
    "manchu_cer": 0.4163433151965263,
    "roman_cer": 0.41087513404027176,
    "manchu_f1_score": 0.6895771687856798,
    "roman_f1_score": 0.6928626702363188,
    "inference_time": 796.141346660229,
    "frequent_error": {
        "manchu": {
            "ᡩ": 36,
            "ᡳ": 63,
            "ᠠ": 157,
            "ᠯ": 18,
            "ᠴ": 11,
            "ᠮ": 27,
            "ᠨ": 35,
            "ᠪ": 27,
            "ᠣ": 19,
            "ᡵ": 25,
            "ᠸ": 10,
            "ᡠ": 15,
            "ᡶ": 4,
            "ᠵ": 10,
            "ᡥ": 20,
            "ᡮ": 2,
            "ᠶ": 10,
            "ᠩ": 7,
            "ᠰ": 12,
            "ᡝ": 31,
            "ᡴ": 10,
            "ᡡ": 5,
            "ᡧ": 6,
            "ᡤ": 10,
            "ᡨ": 2
        },
        "roman": {
            "D": 35,
            "I": 66,
            "A": 161,
            "L": 18,
            "C": 11,
            "M": 26,
            "N": 47,
            "B": 27,
            "O": 19,
            "R": 25,
            "F": 12,
            "U": 17,
            "J": 12,
            "H": 20,
            "T": 4,
            "S": 13,
            "Y": 10,
            "G": 14,
            "E": 30,
            "K": 11,
            "Ū": 5,
            "Š": 6,
            "W": 1
        }
    }
}