{
    "model_name": "qwen-25-3b",
    "checkpoint": 15000,
    "total_predictions": 1000,
    "manchu_word_accuracy": 0.722,
    "roman_word_accuracy": 0.722,
    "manchu_cer": 0.06625559383427039,
    "roman_cer": 0.0655915495452261,
    "manchu_f1_score": 0.9463674011205631,
    "roman_f1_score": 0.9469237302132378,
    "inference_time": 710.5302579402924,
    "frequent_error": {
        "manchu": {
            "ᠣ": 46,
            "ᠯ": 47,
            "ᡝ": 114,
            "ᡥ": 71,
            "ᠠ": 174,
            "ᡧ": 15,
            "ᠨ": 46,
            "ᡩ": 26,
            "ᡠ": 41,
            "ᠸ": 12,
            "ᡳ": 101,
            "ᠮ": 28,
            "ᠪ": 42,
            "ᠴ": 31,
            "ᠰ": 6,
            "ᡨ": 26,
            "ᡵ": 57,
            "ᡴ": 39,
            "ᡡ": 24,
            "ᠩ": 27,
            "ᡤ": 37,
            "ᠶ": 11,
            "ᠵ": 13,
            "ᡦ": 2,
            "ᡶ": 2
        },
        "roman": {
            "O": 47,
            "L": 48,
            "E": 113,
            "H": 71,
            "A": 175,
            "Š": 16,
            "N": 71,
            "D": 26,
            "U": 40,
            "F": 10,
            "I": 97,
            "M": 28,
            "B": 41,
            "C": 31,
            "S": 6,
            "T": 28,
            "R": 59,
            "K": 40,
            "Ū": 24,
            "G": 52,
            "Y": 10,
            "J": 13,
            "W": 2,
            "P": 2
        }
    }
}