{
    "model_name": "qwen-25-3b",
    "checkpoint": 70000,
    "total_predictions": 1000,
    "manchu_word_accuracy": 0.789,
    "roman_word_accuracy": 0.789,
    "manchu_cer": 0.05004457070707076,
    "roman_cer": 0.050198398823398875,
    "manchu_f1_score": 0.9590099521238828,
    "roman_f1_score": 0.9592168452058021,
    "inference_time": 703.5679309368134,
    "frequent_error": {
        "manchu": {
            "ᡳ": 75,
            "ᡩ": 20,
            "ᠠ": 147,
            "ᡥ": 60,
            "ᠪ": 34,
            "ᡝ": 77,
            "ᠮ": 24,
            "ᡴ": 48,
            "ᡵ": 37,
            "ᡡ": 30,
            "ᠩ": 22,
            "ᡤ": 33,
            "ᡨ": 29,
            "ᠨ": 44,
            "ᠸ": 9,
            "ᡠ": 37,
            "ᡧ": 16,
            "ᠯ": 25,
            "ᠴ": 13,
            "ᠰ": 13,
            "ᠣ": 30,
            "ᡶ": 5,
            "ᠶ": 13,
            "ᠵ": 11,
            "᠋": 1,
            "ᡦ": 1
        },
        "roman": {
            "I": 74,
            "D": 20,
            "A": 148,
            "H": 60,
            "B": 35,
            "E": 76,
            "M": 25,
            "K": 46,
            "R": 37,
            "Ū": 29,
            "N": 63,
            "G": 45,
            "T": 29,
            "F": 12,
            "U": 37,
            "Š": 17,
            "L": 25,
            "C": 13,
            "S": 14,
            "O": 30,
            "Y": 13,
            "J": 11,
            "W": 3,
            "'": 1,
            "P": 1
        }
    }
}