{
    "model_name": "qwen-25-3b",
    "checkpoint": 38000,
    "total_predictions": 218,
    "manchu_word_accuracy": 0.16055045871559634,
    "roman_word_accuracy": 0.16055045871559634,
    "manchu_cer": 0.42317291526007095,
    "roman_cer": 0.4286265340164421,
    "manchu_f1_score": 0.674546034705236,
    "roman_f1_score": 0.6720547022085068,
    "inference_time": 781.9899440905369,
    "frequent_error": {
        "manchu": {
            "ᠮ": 25,
            "ᠠ": 160,
            "ᡳ": 72,
            "ᠨ": 34,
            "ᠰ": 10,
            "ᡠ": 16,
            "ᠵ": 15,
            "ᡩ": 41,
            "ᠸ": 10,
            "ᡵ": 21,
            "ᡝ": 27,
            "ᠴ": 16,
            "ᠪ": 38,
            "ᡥ": 22,
            "ᠣ": 21,
            "ᡤ": 7,
            "ᠩ": 5,
            "ᡶ": 5,
            "ᡧ": 4,
            "ᠯ": 14,
            "ᡴ": 13,
            "ᡮ": 2,
            "ᠶ": 8,
            "ᡡ": 6,
            "ᡨ": 3
        },
        "roman": {
            "M": 23,
            "A": 162,
            "I": 73,
            "N": 40,
            "S": 12,
            "U": 17,
            "J": 15,
            "D": 41,
            "F": 14,
            "R": 21,
            "E": 27,
            "C": 16,
            "B": 38,
            "H": 23,
            "O": 21,
            "G": 10,
            "Š": 4,
            "L": 14,
            "K": 14,
            "T": 5,
            "Y": 8,
            "W": 1,
            "Ū": 6
        }
    }
}