{
    "model_name": "qwen-25-3b",
    "checkpoint": 61000,
    "total_predictions": 1000,
    "manchu_word_accuracy": 0.797,
    "roman_word_accuracy": 0.796,
    "manchu_cer": 0.04843497140114793,
    "roman_cer": 0.04830834088082544,
    "manchu_f1_score": 0.9609286387536451,
    "roman_f1_score": 0.9610147667829051,
    "inference_time": 706.5042757987976,
    "frequent_error": {
        "manchu": {
            "ᠣ": 29,
            "ᠵ": 10,
            "ᠠ": 143,
            "ᠩ": 29,
            "ᡤ": 37,
            "ᠯ": 34,
            "ᡴ": 35,
            "ᡳ": 86,
            "ᠶ": 8,
            "ᡝ": 94,
            "ᡥ": 69,
            "ᡡ": 17,
            "ᠨ": 45,
            "ᡨ": 23,
            "ᠪ": 33,
            "ᡵ": 43,
            "ᡧ": 7,
            "ᠮ": 22,
            "ᠰ": 11,
            "ᡦ": 3,
            "ᡶ": 5,
            "ᡩ": 13,
            "ᡠ": 22,
            "ᠴ": 18,
            "ᠸ": 3
        },
        "roman": {
            "F": 9,
            "O": 30,
            "J": 10,
            "A": 145,
            "N": 72,
            "G": 50,
            "L": 35,
            "K": 35,
            "I": 88,
            "Y": 8,
            "E": 91,
            "T": 23,
            "H": 68,
            "B": 33,
            "R": 43,
            "Š": 7,
            "M": 22,
            "Ū": 16,
            "S": 11,
            "P": 3,
            "D": 13,
            "U": 22,
            "C": 18
        }
    }
}