{
    "model_name": "qwen-25-3b",
    "checkpoint": 80000,
    "total_predictions": 1000,
    "manchu_word_accuracy": 0.796,
    "roman_word_accuracy": 0.796,
    "manchu_cer": 0.045851579466285396,
    "roman_cer": 0.04518396464646465,
    "manchu_f1_score": 0.9628524781591716,
    "roman_f1_score": 0.9633572799807962,
    "inference_time": 715.6497921943665,
    "frequent_error": {
        "manchu": {
            "ᡝ": 114,
            "ᡴ": 39,
            "ᠨ": 37,
            "ᡠ": 43,
            "ᠴ": 9,
            "ᠯ": 26,
            "ᠵ": 15,
            "ᡳ": 73,
            "ᡵ": 39,
            "ᠠ": 103,
            "ᡡ": 28,
            "ᠪ": 40,
            "ᡥ": 65,
            "ᡨ": 19,
            "ᠮ": 21,
            "ᠰ": 11,
            "ᠩ": 35,
            "ᡤ": 48,
            "ᡩ": 17,
            "ᡶ": 4,
            "ᠶ": 6,
            "ᡧ": 12,
            "ᠣ": 23,
            "ᡦ": 1,
            "ᠸ": 2
        },
        "roman": {
            "E": 115,
            "K": 41,
            "N": 72,
            "U": 43,
            "C": 9,
            "L": 26,
            "J": 15,
            "I": 76,
            "R": 40,
            "A": 105,
            "Ū": 29,
            "W": 3,
            "B": 40,
            "H": 66,
            "T": 19,
            "M": 21,
            "S": 12,
            "G": 67,
            "D": 18,
            "F": 6,
            "Y": 6,
            "Š": 13,
            "O": 23,
            "P": 1
        }
    }
}