{
    "model_name": "qwen-25-3b",
    "checkpoint": 9000,
    "total_predictions": 218,
    "manchu_word_accuracy": 0.11009174311926606,
    "roman_word_accuracy": 0.11009174311926606,
    "manchu_cer": 0.5126677985622939,
    "roman_cer": 0.5122418483657015,
    "manchu_f1_score": 0.6249012373067958,
    "roman_f1_score": 0.6257363251966598,
    "inference_time": 788.2738408692386,
    "frequent_error": {
        "manchu": {
            "ᠠ": 166,
            "ᠯ": 20,
            "ᡝ": 38,
            "ᡵ": 22,
            "ᠴ": 16,
            "ᡳ": 73,
            "ᠨ": 44,
            "ᠰ": 16,
            "ᡠ": 12,
            "ᠮ": 30,
            "ᠪ": 38,
            "ᡥ": 22,
            "ᠣ": 26,
            "ᡡ": 7,
            "ᡩ": 41,
            "ᡴ": 14,
            "ᠩ": 9,
            "ᡤ": 13,
            "ᠶ": 13,
            "ᡨ": 4,
            "ᠸ": 8,
            "ᡮ": 2,
            "ᠵ": 12,
            "ᡧ": 5,
            "ᡶ": 4
        },
        "roman": {
            "A": 166,
            "L": 20,
            "E": 37,
            "R": 22,
            "C": 16,
            "I": 72,
            "N": 54,
            "S": 18,
            "U": 14,
            "M": 29,
            "B": 38,
            "H": 22,
            "O": 26,
            "Ū": 7,
            "D": 41,
            "K": 14,
            "G": 18,
            "Y": 13,
            "T": 6,
            "F": 11,
            "J": 12,
            "Š": 5,
            "W": 1
        }
    }
}