{
    "model_name": "qwen-25-3b",
    "checkpoint": 106000,
    "total_predictions": 1000,
    "manchu_word_accuracy": 0.841,
    "roman_word_accuracy": 0.841,
    "manchu_cer": 0.03573317858611976,
    "roman_cer": 0.03564394021011668,
    "manchu_f1_score": 0.9710626767803112,
    "roman_f1_score": 0.971028536798467,
    "inference_time": 719.2735073566437,
    "frequent_error": {
        "manchu": {
            "ᡝ": 51,
            "ᡶ": 1,
            "ᡵ": 23,
            "ᠯ": 23,
            "ᠰ": 10,
            "ᡥ": 41,
            "ᡡ": 12,
            "ᠠ": 94,
            "ᠪ": 26,
            "ᡳ": 58,
            "ᡨ": 19,
            "ᡠ": 31,
            "ᡴ": 28,
            "ᠨ": 32,
            "ᠵ": 11,
            "ᠩ": 18,
            "ᡤ": 27,
            "ᠣ": 22,
            "ᡩ": 11,
            "ᠸ": 10,
            "ᠶ": 9,
            "ᠴ": 8,
            "ᠮ": 20,
            "ᡧ": 8,
            "ᡦ": 2
        },
        "roman": {
            "E": 52,
            "F": 11,
            "R": 23,
            "L": 22,
            "S": 11,
            "H": 41,
            "Ū": 12,
            "A": 92,
            "B": 25,
            "I": 60,
            "T": 19,
            "U": 30,
            "K": 28,
            "N": 50,
            "J": 11,
            "G": 37,
            "O": 21,
            "D": 11,
            "Y": 10,
            "M": 20,
            "Š": 8,
            "P": 2,
            "C": 7,
            "W": 3
        }
    }
}