{
    "model_name": "qwen-25-3b",
    "checkpoint": 2000,
    "total_predictions": 1000,
    "manchu_word_accuracy": 0.219,
    "roman_word_accuracy": 0.217,
    "manchu_cer": 0.23901905267934737,
    "roman_cer": 0.23734369522806092,
    "manchu_f1_score": 0.8037489479258296,
    "roman_f1_score": 0.8057954948985558,
    "inference_time": 703.4692649841309,
    "frequent_error": {
        "manchu": {
            "ᡧ": 64,
            "ᠠ": 568,
            "ᠵ": 75,
            "ᡴ": 149,
            "ᠣ": 143,
            "ᡳ": 390,
            "ᡩ": 67,
            "ᡵ": 157,
            "ᠮ": 115,
            "ᠪ": 167,
            "ᡠ": 159,
            "ᡥ": 226,
            "ᡡ": 100,
            "ᠩ": 108,
            "ᡤ": 138,
            "ᡝ": 478,
            "ᡨ": 93,
            "ᠯ": 153,
            "ᠨ": 160,
            "ᠴ": 56,
            "ᠸ": 48,
            "ᡶ": 9,
            "ᠰ": 56,
            "ᡦ": 5,
            "ᠶ": 43,
            "᠋": 1
        },
        "roman": {
            "Š": 64,
            "A": 581,
            "J": 75,
            "K": 149,
            "O": 141,
            "I": 398,
            "D": 67,
            "R": 158,
            "M": 117,
            "B": 171,
            "U": 161,
            "H": 232,
            "Ū": 101,
            "N": 269,
            "G": 192,
            "E": 486,
            "T": 95,
            "L": 157,
            "F": 37,
            "C": 57,
            "W": 23,
            "S": 57,
            "P": 5,
            "Y": 44,
            "'": 1
        }
    }
}