{
    "model_name": "qwen-25-3b",
    "checkpoint": 39000,
    "total_predictions": 1000,
    "manchu_word_accuracy": 0.745,
    "roman_word_accuracy": 0.746,
    "manchu_cer": 0.05613330386933338,
    "roman_cer": 0.05634754216371871,
    "manchu_f1_score": 0.9549247027303011,
    "roman_f1_score": 0.9550636053146082,
    "inference_time": 1142.4263911247253,
    "frequent_error": {
        "manchu": {
            "ᡝ": 101,
            "ᡵ": 61,
            "ᠠ": 145,
            "ᡴ": 48,
            "ᡡ": 34,
            "ᠩ": 33,
            "ᡤ": 40,
            "ᠣ": 32,
            "ᠪ": 27,
            "ᡠ": 39,
            "ᠨ": 43,
            "ᡳ": 105,
            "ᡨ": 27,
            "ᡥ": 58,
            "ᡩ": 13,
            "ᠴ": 26,
            "ᡶ": 5,
            "ᠵ": 11,
            "ᠯ": 33,
            "ᡧ": 21,
            "ᠰ": 11,
            "ᠸ": 13,
            "ᠮ": 17,
            "ᠶ": 13,
            "ᡦ": 1
        },
        "roman": {
            "E": 101,
            "R": 62,
            "A": 146,
            "K": 46,
            "Ū": 34,
            "N": 75,
            "G": 57,
            "O": 34,
            "B": 30,
            "U": 40,
            "I": 107,
            "T": 27,
            "H": 61,
            "D": 13,
            "C": 26,
            "L": 35,
            "F": 19,
            "J": 13,
            "Š": 20,
            "S": 11,
            "M": 17,
            "Y": 13,
            "W": 3,
            "P": 1
        }
    }
}