{
    "model_name": "qwen-25-3b",
    "checkpoint": 111000,
    "total_predictions": 1000,
    "manchu_word_accuracy": 0.842,
    "roman_word_accuracy": 0.842,
    "manchu_cer": 0.03459371127238774,
    "roman_cer": 0.03437775925055338,
    "manchu_f1_score": 0.9723846901946325,
    "roman_f1_score": 0.972695007792464,
    "inference_time": 720.42040848732,
    "frequent_error": {
        "manchu": {
            "ᡳ": 46,
            "ᠣ": 22,
            "ᠯ": 25,
            "ᡝ": 83,
            "ᠪ": 21,
            "ᡠ": 25,
            "ᠮ": 13,
            "ᠠ": 87,
            "ᡥ": 40,
            "ᡩ": 14,
            "ᡵ": 32,
            "ᡴ": 33,
            "ᡡ": 20,
            "ᠩ": 20,
            "ᡤ": 27,
            "ᠸ": 5,
            "ᠨ": 30,
            "ᠵ": 18,
            "ᠴ": 15,
            "ᠶ": 4,
            "ᡨ": 12,
            "ᠰ": 7,
            "ᡧ": 9,
            "ᡶ": 2,
            "ᡦ": 1
        },
        "roman": {
            "I": 46,
            "O": 23,
            "L": 24,
            "E": 81,
            "B": 21,
            "U": 25,
            "M": 13,
            "A": 85,
            "H": 39,
            "D": 14,
            "R": 32,
            "K": 32,
            "Ū": 20,
            "N": 48,
            "G": 37,
            "F": 6,
            "J": 19,
            "C": 15,
            "Y": 4,
            "W": 2,
            "T": 12,
            "S": 7,
            "Š": 9,
            "P": 1
        }
    }
}