{
    "model_name": "qwen-25-3b",
    "checkpoint": 28000,
    "total_predictions": 1000,
    "manchu_word_accuracy": 0.663,
    "roman_word_accuracy": 0.663,
    "manchu_cer": 0.07735699545552498,
    "roman_cer": 0.07696102620289938,
    "manchu_f1_score": 0.9385214324737512,
    "roman_f1_score": 0.9389204583123653,
    "inference_time": 714.9437386989594,
    "frequent_error": {
        "manchu": {
            "ᡤ": 49,
            "ᡡ": 29,
            "ᠶ": 18,
            "ᠠ": 177,
            "ᠴ": 25,
            "ᡳ": 147,
            "ᡠ": 61,
            "ᠰ": 16,
            "ᡥ": 114,
            "ᠮ": 36,
            "ᠪ": 70,
            "ᡝ": 165,
            "ᡴ": 58,
            "ᡵ": 47,
            "ᠩ": 39,
            "ᠵ": 23,
            "ᡧ": 20,
            "ᠯ": 56,
            "ᠨ": 55,
            "ᡨ": 35,
            "ᠣ": 48,
            "ᠸ": 14,
            "ᡯ": 1,
            "ᡶ": 1,
            "ᡩ": 22,
            "ᡦ": 1
        },
        "roman": {
            "G": 72,
            "Ū": 29,
            "Y": 19,
            "A": 182,
            "C": 25,
            "I": 150,
            "U": 61,
            "S": 16,
            "H": 116,
            "M": 35,
            "B": 71,
            "E": 161,
            "K": 59,
            "R": 47,
            "N": 91,
            "J": 23,
            "Š": 20,
            "L": 56,
            "T": 35,
            "O": 47,
            "W": 7,
            "D": 23,
            "Z": 1,
            "F": 10,
            "P": 1
        }
    }
}