{
    "model_name": "qwen-25-3b",
    "checkpoint": 98000,
    "total_predictions": 1000,
    "manchu_word_accuracy": 0.823,
    "roman_word_accuracy": 0.823,
    "manchu_cer": 0.03932660950160952,
    "roman_cer": 0.03900563366372191,
    "manchu_f1_score": 0.9673085648816022,
    "roman_f1_score": 0.9677204982810692,
    "inference_time": 715.2140471935272,
    "frequent_error": {
        "manchu": {
            "ᡥ": 49,
            "ᡩ": 13,
            "ᠠ": 75,
            "ᡨ": 14,
            "ᡧ": 14,
            "ᡝ": 69,
            "ᡴ": 28,
            "ᡡ": 16,
            "ᠨ": 38,
            "ᡳ": 64,
            "ᠶ": 10,
            "ᠮ": 24,
            "ᠪ": 21,
            "ᡠ": 19,
            "ᡵ": 25,
            "ᠩ": 17,
            "ᡤ": 22,
            "ᠵ": 14,
            "ᠴ": 16,
            "ᠣ": 27,
            "ᠸ": 9,
            "ᡦ": 4,
            "ᠯ": 12,
            "ᠰ": 7,
            "ᡶ": 2
        },
        "roman": {
            "H": 49,
            "D": 13,
            "A": 77,
            "T": 16,
            "Š": 14,
            "E": 73,
            "K": 28,
            "Ū": 16,
            "N": 53,
            "I": 64,
            "Y": 10,
            "M": 24,
            "B": 21,
            "U": 19,
            "R": 25,
            "G": 30,
            "J": 14,
            "C": 16,
            "L": 13,
            "O": 27,
            "F": 10,
            "P": 4,
            "W": 1,
            "S": 7
        }
    }
}