{
    "model_name": "qwen-25-3b",
    "checkpoint": 65000,
    "total_predictions": 218,
    "manchu_word_accuracy": 0.1651376146788991,
    "roman_word_accuracy": 0.1651376146788991,
    "manchu_cer": 0.4404149622039533,
    "roman_cer": 0.4348612269483832,
    "manchu_f1_score": 0.660078946476183,
    "roman_f1_score": 0.6634036439050359,
    "inference_time": 796.4511978516884,
    "frequent_error": {
        "manchu": {
            "ᡩ": 40,
            "ᡵ": 23,
            "ᡝ": 34,
            "ᡳ": 72,
            "ᠶ": 10,
            "ᠠ": 156,
            "ᠯ": 16,
            "ᠨ": 34,
            "ᡥ": 21,
            "ᠣ": 21,
            "ᡮ": 2,
            "ᠵ": 12,
            "ᠩ": 8,
            "ᠪ": 43,
            "ᠰ": 13,
            "ᡠ": 14,
            "ᠮ": 24,
            "ᠸ": 11,
            "ᡶ": 5,
            "ᡧ": 4,
            "ᡨ": 3,
            "ᡴ": 12,
            "ᡡ": 5,
            "ᠴ": 12,
            "ᡤ": 9
        },
        "roman": {
            "D": 40,
            "R": 23,
            "E": 32,
            "I": 71,
            "Y": 10,
            "A": 154,
            "L": 16,
            "N": 41,
            "H": 21,
            "O": 21,
            "T": 5,
            "S": 15,
            "J": 12,
            "G": 15,
            "B": 43,
            "U": 14,
            "M": 24,
            "F": 14,
            "Š": 4,
            "K": 12,
            "Ū": 5,
            "C": 12,
            "W": 1
        }
    }
}