{
    "model_name": "qwen-25-3b",
    "checkpoint": 94000,
    "total_predictions": 218,
    "manchu_word_accuracy": 0.21100917431192662,
    "roman_word_accuracy": 0.21100917431192662,
    "manchu_cer": 0.3822105392059518,
    "roman_cer": 0.3774795795437995,
    "manchu_f1_score": 0.7001336404196629,
    "roman_f1_score": 0.702259688141047,
    "inference_time": 791.5386366187979,
    "frequent_error": {
        "manchu": {
            "ᠪ": 30,
            "ᡡ": 4,
            "ᠨ": 32,
            "ᠠ": 150,
            "ᡳ": 67,
            "ᠰ": 10,
            "ᡝ": 29,
            "ᡩ": 35,
            "ᡵ": 22,
            "ᠮ": 26,
            "ᡮ": 2,
            "ᠵ": 14,
            "ᠶ": 10,
            "ᠩ": 8,
            "ᠴ": 14,
            "ᠸ": 9,
            "ᡨ": 2,
            "ᠯ": 16,
            "ᡴ": 10,
            "ᡥ": 15,
            "ᡠ": 13,
            "ᠣ": 18,
            "ᡤ": 7,
            "ᡶ": 4,
            "ᡧ": 5
        },
        "roman": {
            "B": 30,
            "Ū": 4,
            "N": 40,
            "A": 150,
            "I": 67,
            "S": 12,
            "E": 29,
            "D": 35,
            "R": 22,
            "M": 26,
            "T": 4,
            "J": 14,
            "Y": 10,
            "G": 12,
            "C": 14,
            "F": 11,
            "L": 16,
            "K": 10,
            "H": 15,
            "U": 14,
            "O": 18,
            "Š": 5,
            "W": 1
        }
    }
}