{
    "model_name": "qwen-25-3b",
    "checkpoint": 13000,
    "total_predictions": 1000,
    "manchu_word_accuracy": 0.673,
    "roman_word_accuracy": 0.671,
    "manchu_cer": 0.08509940892440902,
    "roman_cer": 0.08503866582763646,
    "manchu_f1_score": 0.9331204385195648,
    "roman_f1_score": 0.9327352767756649,
    "inference_time": 703.31063580513,
    "frequent_error": {
        "manchu": {
            "ᠵ": 18,
            "ᡝ": 178,
            "ᡥ": 107,
            "ᠠ": 240,
            "ᡴ": 56,
            "ᡡ": 45,
            "ᠩ": 48,
            "ᡤ": 69,
            "ᠰ": 24,
            "ᡳ": 157,
            "ᡠ": 70,
            "ᠣ": 56,
            "ᡩ": 23,
            "ᠴ": 26,
            "ᡵ": 79,
            "ᠶ": 21,
            "ᡧ": 20,
            "ᠨ": 47,
            "ᠯ": 57,
            "ᠮ": 37,
            "ᠪ": 61,
            "ᡨ": 44,
            "ᠸ": 19,
            "ᡶ": 5,
            "ᡦ": 1
        },
        "roman": {
            "J": 18,
            "E": 182,
            "H": 107,
            "A": 235,
            "K": 55,
            "Ū": 44,
            "N": 94,
            "G": 98,
            "U": 72,
            "I": 150,
            "S": 23,
            "O": 57,
            "D": 23,
            "C": 26,
            "R": 78,
            "Y": 18,
            "Š": 20,
            "L": 60,
            "M": 37,
            "B": 60,
            "T": 45,
            "F": 23,
            "W": 5,
            "P": 1
        }
    }
}