{
    "model_name": "qwen-25-3b",
    "checkpoint": 23000,
    "total_predictions": 1000,
    "manchu_word_accuracy": 0.711,
    "roman_word_accuracy": 0.711,
    "manchu_cer": 0.07453169975449393,
    "roman_cer": 0.07473908150672862,
    "manchu_f1_score": 0.9385055245449161,
    "roman_f1_score": 0.9387114917741356,
    "inference_time": 704.2084729671478,
    "frequent_error": {
        "manchu": {
            "ᡵ": 65,
            "ᠠ": 191,
            "ᠩ": 40,
            "ᡨ": 39,
            "ᡥ": 83,
            "ᡡ": 31,
            "ᠨ": 49,
            "ᠯ": 46,
            "ᠮ": 28,
            "ᠪ": 40,
            "ᡠ": 50,
            "ᠣ": 41,
            "ᠵ": 24,
            "ᡳ": 118,
            "ᠴ": 22,
            "ᡦ": 4,
            "ᡤ": 42,
            "ᡝ": 144,
            "ᠶ": 19,
            "ᠰ": 20,
            "ᡧ": 21,
            "ᡴ": 74,
            "ᠸ": 14,
            "ᡩ": 29,
            "ᡯ": 1,
            "ᡶ": 4
        },
        "roman": {
            "R": 65,
            "A": 193,
            "N": 89,
            "G": 63,
            "T": 37,
            "Ū": 31,
            "L": 48,
            "M": 30,
            "B": 41,
            "U": 49,
            "O": 45,
            "J": 25,
            "I": 123,
            "C": 24,
            "P": 4,
            "H": 87,
            "E": 149,
            "Y": 20,
            "S": 20,
            "Š": 21,
            "K": 75,
            "F": 13,
            "D": 30,
            "W": 4,
            "Z": 1
        }
    }
}