{
    "model_name": "qwen-25-3b",
    "checkpoint": 25000,
    "total_predictions": 218,
    "manchu_word_accuracy": 0.13302752293577982,
    "roman_word_accuracy": 0.13302752293577982,
    "manchu_cer": 0.46099212968479003,
    "roman_cer": 0.45852380290453665,
    "manchu_f1_score": 0.6500052811911959,
    "roman_f1_score": 0.6518526977310033,
    "inference_time": 791.6551850257664,
    "frequent_error": {
        "manchu": {
            "ᡳ": 70,
            "ᠨ": 33,
            "ᡝ": 35,
            "ᠩ": 9,
            "ᠠ": 160,
            "ᡴ": 15,
            "ᡡ": 6,
            "ᠯ": 16,
            "ᡤ": 8,
            "ᠮ": 29,
            "ᠪ": 31,
            "ᡩ": 35,
            "ᡵ": 30,
            "ᠣ": 25,
            "ᠰ": 13,
            "ᠴ": 15,
            "ᠵ": 16,
            "ᠶ": 8,
            "ᡮ": 2,
            "ᡧ": 5,
            "ᡶ": 5,
            "ᡠ": 16,
            "ᠸ": 9,
            "ᡥ": 19,
            "ᡨ": 3
        },
        "roman": {
            "I": 72,
            "N": 43,
            "E": 36,
            "G": 14,
            "K": 16,
            "A": 161,
            "Ū": 6,
            "L": 16,
            "M": 29,
            "B": 31,
            "D": 35,
            "R": 30,
            "O": 25,
            "S": 15,
            "C": 15,
            "J": 16,
            "U": 17,
            "Y": 8,
            "T": 5,
            "Š": 5,
            "F": 12,
            "H": 19,
            "W": 1
        }
    }
}