{
    "model_name": "qwen-25-3b",
    "checkpoint": 53000,
    "total_predictions": 1000,
    "manchu_word_accuracy": 0.752,
    "roman_word_accuracy": 0.752,
    "manchu_cer": 0.058159673659673713,
    "roman_cer": 0.0576961057733117,
    "manchu_f1_score": 0.9538910559781553,
    "roman_f1_score": 0.9542695947601876,
    "inference_time": 703.8300294876099,
    "frequent_error": {
        "manchu": {
            "ᡦ": 3,
            "ᠣ": 26,
            "ᠨ": 35,
            "ᡵ": 49,
            "ᡝ": 120,
            "ᡨ": 20,
            "ᠠ": 113,
            "ᡳ": 89,
            "ᡥ": 60,
            "ᠮ": 28,
            "ᠩ": 27,
            "ᡴ": 37,
            "ᠪ": 38,
            "ᠯ": 27,
            "ᡡ": 28,
            "ᠵ": 11,
            "ᠸ": 8,
            "ᡠ": 37,
            "ᠰ": 10,
            "ᡧ": 14,
            "ᠴ": 16,
            "ᡤ": 36,
            "ᡶ": 10,
            "ᡩ": 20,
            "ᠶ": 11,
            "ᡯ": 1
        },
        "roman": {
            "P": 3,
            "O": 26,
            "N": 66,
            "R": 49,
            "E": 120,
            "T": 21,
            "A": 118,
            "I": 90,
            "H": 61,
            "M": 28,
            "G": 51,
            "K": 38,
            "B": 38,
            "L": 28,
            "Ū": 28,
            "J": 11,
            "W": 3,
            "U": 38,
            "S": 10,
            "Š": 14,
            "F": 15,
            "C": 18,
            "D": 21,
            "Y": 12,
            "Z": 1
        }
    }
}