{
    "model_name": "qwen-25-3b",
    "checkpoint": 61000,
    "total_predictions": 218,
    "manchu_word_accuracy": 0.16055045871559634,
    "roman_word_accuracy": 0.16055045871559634,
    "manchu_cer": 0.4366156651707111,
    "roman_cer": 0.43592577147623024,
    "manchu_f1_score": 0.6605231834184884,
    "roman_f1_score": 0.6617362422610666,
    "inference_time": 784.9366511773626,
    "frequent_error": {
        "manchu": {
            "ᡳ": 73,
            "ᠠ": 170,
            "ᠴ": 16,
            "ᡥ": 18,
            "ᡴ": 13,
            "ᡡ": 7,
            "ᡩ": 39,
            "ᠣ": 22,
            "ᡤ": 11,
            "ᠨ": 34,
            "ᡝ": 31,
            "ᡶ": 4,
            "ᡧ": 4,
            "ᠮ": 25,
            "ᠵ": 12,
            "ᡵ": 23,
            "ᡠ": 14,
            "ᠩ": 9,
            "ᠸ": 8,
            "ᠯ": 17,
            "ᠪ": 33,
            "ᡨ": 2,
            "ᡮ": 2,
            "ᠶ": 10,
            "ᠰ": 12
        },
        "roman": {
            "I": 72,
            "A": 171,
            "C": 16,
            "H": 19,
            "K": 13,
            "Ū": 7,
            "D": 39,
            "O": 22,
            "G": 18,
            "N": 45,
            "E": 32,
            "Š": 4,
            "M": 25,
            "F": 9,
            "J": 12,
            "R": 23,
            "U": 14,
            "L": 17,
            "B": 34,
            "T": 4,
            "S": 14,
            "Y": 10,
            "W": 2
        }
    }
}