{
    "model_name": "qwen-25-3b",
    "checkpoint": 6000,
    "total_predictions": 218,
    "manchu_word_accuracy": 0.08256880733944955,
    "roman_word_accuracy": 0.08256880733944955,
    "manchu_cer": 0.567571686723063,
    "roman_cer": 0.5640295484332184,
    "manchu_f1_score": 0.6180346382046329,
    "roman_f1_score": 0.6203513896309364,
    "inference_time": 830.1976273912902,
    "frequent_error": {
        "manchu": {
            "ᠠ": 171,
            "ᡳ": 90,
            "ᠨ": 44,
            "ᡠ": 15,
            "ᠪ": 39,
            "ᠮ": 35,
            "ᠰ": 10,
            "ᡥ": 24,
            "ᠣ": 18,
            "ᡩ": 35,
            "ᡵ": 27,
            "ᡝ": 44,
            "ᠴ": 22,
            "ᡤ": 12,
            "ᡧ": 5,
            "ᠯ": 21,
            "ᡮ": 2,
            "ᠵ": 12,
            "ᠶ": 12,
            "ᠩ": 8,
            "ᡴ": 12,
            "ᡨ": 4,
            "ᡡ": 5,
            "ᠸ": 9,
            "ᡶ": 5
        },
        "roman": {
            "A": 172,
            "I": 90,
            "N": 52,
            "U": 15,
            "B": 39,
            "M": 35,
            "S": 12,
            "H": 24,
            "O": 18,
            "D": 35,
            "R": 27,
            "E": 44,
            "C": 22,
            "G": 17,
            "Š": 5,
            "L": 21,
            "T": 6,
            "J": 12,
            "Y": 12,
            "K": 12,
            "Ū": 5,
            "F": 12
        }
    }
}