{
    "model_name": "qwen-25-3b",
    "checkpoint": 53000,
    "total_predictions": 218,
    "manchu_word_accuracy": 0.21100917431192662,
    "roman_word_accuracy": 0.21100917431192662,
    "manchu_cer": 0.3939478335120537,
    "roman_cer": 0.39395875531196634,
    "manchu_f1_score": 0.6979456720349864,
    "roman_f1_score": 0.6978317416859467,
    "inference_time": 1118.0587799177258,
    "frequent_error": {
        "manchu": {
            "ᡵ": 19,
            "ᠠ": 130,
            "ᠯ": 16,
            "ᠪ": 32,
            "ᠣ": 11,
            "ᡡ": 4,
            "ᡩ": 42,
            "ᡳ": 76,
            "ᠨ": 38,
            "ᡝ": 35,
            "ᠩ": 8,
            "ᡴ": 9,
            "ᠮ": 23,
            "ᠵ": 14,
            "ᡥ": 22,
            "ᠴ": 15,
            "ᠶ": 8,
            "ᠰ": 10,
            "ᠸ": 8,
            "ᡶ": 5,
            "ᡧ": 5,
            "ᡠ": 12,
            "ᡤ": 9,
            "ᡨ": 2,
            "ᡮ": 2
        },
        "roman": {
            "R": 19,
            "A": 131,
            "L": 16,
            "B": 32,
            "O": 11,
            "Ū": 4,
            "D": 42,
            "I": 76,
            "N": 45,
            "E": 35,
            "G": 15,
            "K": 9,
            "M": 24,
            "J": 14,
            "H": 22,
            "C": 15,
            "Y": 8,
            "S": 13,
            "F": 11,
            "Š": 5,
            "U": 12,
            "T": 4,
            "W": 1
        }
    }
}