{
    "model_name": "qwen-25-3b",
    "checkpoint": 76000,
    "total_predictions": 218,
    "manchu_word_accuracy": 0.2018348623853211,
    "roman_word_accuracy": 0.2018348623853211,
    "manchu_cer": 0.369448581489866,
    "roman_cer": 0.3678321551027974,
    "manchu_f1_score": 0.7116412010367762,
    "roman_f1_score": 0.7137747199134142,
    "inference_time": 783.1478381375654,
    "frequent_error": {
        "manchu": {
            "ᡩ": 38,
            "ᡠ": 11,
            "ᡳ": 62,
            "ᠨ": 33,
            "ᡵ": 19,
            "ᠠ": 146,
            "ᠮ": 24,
            "ᠴ": 14,
            "ᡶ": 5,
            "ᠵ": 15,
            "ᡥ": 20,
            "ᡤ": 8,
            "ᡝ": 32,
            "ᡴ": 11,
            "ᠪ": 25,
            "ᠣ": 15,
            "ᠶ": 10,
            "ᠯ": 15,
            "ᠩ": 8,
            "ᡡ": 5,
            "ᠰ": 13,
            "ᠸ": 7,
            "ᡮ": 2,
            "ᡧ": 3,
            "ᡨ": 2
        },
        "roman": {
            "D": 38,
            "U": 13,
            "I": 63,
            "N": 43,
            "R": 19,
            "E": 33,
            "A": 148,
            "M": 23,
            "C": 14,
            "F": 10,
            "J": 15,
            "H": 20,
            "G": 14,
            "K": 11,
            "B": 25,
            "O": 15,
            "Y": 10,
            "L": 15,
            "Ū": 5,
            "S": 15,
            "T": 4,
            "Š": 3,
            "W": 1
        }
    }
}