{
    "model_name": "qwen-25-3b",
    "checkpoint": 8000,
    "total_predictions": 1000,
    "manchu_word_accuracy": 0.55,
    "roman_word_accuracy": 0.549,
    "manchu_cer": 0.10911390692640699,
    "roman_cer": 0.10844548049989235,
    "manchu_f1_score": 0.9110514487543682,
    "roman_f1_score": 0.9117924605750544,
    "inference_time": 709.2914550304413,
    "frequent_error": {
        "manchu": {
            "ᡩ": 39,
            "ᡠ": 76,
            "ᡵ": 99,
            "ᠠ": 325,
            "ᡥ": 118,
            "ᠪ": 82,
            "ᡳ": 220,
            "ᠵ": 33,
            "ᠶ": 39,
            "ᠨ": 76,
            "ᠯ": 79,
            "ᠸ": 25,
            "ᠴ": 33,
            "ᠮ": 55,
            "ᡝ": 244,
            "ᡴ": 107,
            "ᠣ": 53,
            "ᡡ": 71,
            "ᠩ": 70,
            "ᡤ": 101,
            "ᡨ": 59,
            "ᡧ": 32,
            "ᡶ": 6,
            "ᠰ": 10,
            "ᡦ": 4,
            "ᡯ": 1
        },
        "roman": {
            "D": 40,
            "U": 80,
            "R": 99,
            "A": 329,
            "H": 119,
            "B": 85,
            "I": 222,
            "J": 34,
            "F": 26,
            "Y": 39,
            "N": 147,
            "L": 78,
            "C": 33,
            "M": 54,
            "E": 247,
            "K": 107,
            "O": 52,
            "Ū": 70,
            "G": 132,
            "T": 59,
            "Š": 32,
            "W": 10,
            "S": 11,
            "P": 4,
            "Z": 1
        }
    }
}