{
    "model_name": "qwen-25-3b",
    "checkpoint": 82000,
    "total_predictions": 218,
    "manchu_word_accuracy": 0.22935779816513763,
    "roman_word_accuracy": 0.22935779816513763,
    "manchu_cer": 0.37705561512900954,
    "roman_cer": 0.3746673815481156,
    "manchu_f1_score": 0.703887373045495,
    "roman_f1_score": 0.7046956558761739,
    "inference_time": 782.6053155671566,
    "frequent_error": {
        "manchu": {
            "ᠠ": 143,
            "ᠴ": 11,
            "ᡥ": 20,
            "ᡴ": 10,
            "ᡡ": 4,
            "ᠸ": 12,
            "ᡳ": 68,
            "ᡝ": 30,
            "ᠮ": 26,
            "ᡩ": 39,
            "ᠪ": 26,
            "ᡠ": 16,
            "ᠵ": 14,
            "ᡵ": 21,
            "ᠨ": 36,
            "ᠰ": 11,
            "ᠯ": 15,
            "ᠩ": 8,
            "ᠶ": 10,
            "ᡶ": 4,
            "ᡧ": 5,
            "ᠣ": 13,
            "ᡤ": 9,
            "ᡨ": 2
        },
        "roman": {
            "A": 145,
            "C": 11,
            "H": 20,
            "K": 9,
            "Ū": 4,
            "W": 1,
            "I": 67,
            "E": 30,
            "M": 25,
            "D": 39,
            "B": 26,
            "U": 18,
            "J": 14,
            "R": 21,
            "F": 14,
            "N": 44,
            "S": 14,
            "L": 15,
            "G": 16,
            "Y": 10,
            "Š": 5,
            "O": 13,
            "T": 2
        }
    }
}