{
    "model_name": "qwen-25-3b",
    "checkpoint": 83000,
    "total_predictions": 218,
    "manchu_word_accuracy": 0.1834862385321101,
    "roman_word_accuracy": 0.1834862385321101,
    "manchu_cer": 0.3800099620053748,
    "roman_cer": 0.3790251797132531,
    "manchu_f1_score": 0.6942959374547986,
    "roman_f1_score": 0.6940008062503312,
    "inference_time": 782.2624904300095,
    "frequent_error": {
        "manchu": {
            "ᠶ": 10,
            "ᡩ": 42,
            "ᠠ": 156,
            "ᠪ": 27,
            "ᡠ": 15,
            "ᡥ": 18,
            "ᡳ": 70,
            "ᡝ": 31,
            "ᡵ": 23,
            "ᠸ": 10,
            "ᡴ": 11,
            "ᠨ": 38,
            "ᠵ": 14,
            "ᠣ": 17,
            "ᠯ": 16,
            "ᠮ": 27,
            "ᡡ": 5,
            "ᠩ": 8,
            "ᡶ": 4,
            "ᠰ": 9,
            "ᠴ": 15,
            "ᡤ": 8,
            "ᡮ": 2,
            "ᡧ": 3,
            "ᡨ": 2
        },
        "roman": {
            "Y": 10,
            "D": 42,
            "A": 156,
            "B": 27,
            "U": 17,
            "H": 18,
            "I": 71,
            "E": 30,
            "R": 23,
            "W": 1,
            "K": 11,
            "N": 46,
            "J": 14,
            "O": 17,
            "L": 16,
            "M": 27,
            "F": 12,
            "Ū": 5,
            "G": 13,
            "S": 12,
            "C": 15,
            "T": 4,
            "Š": 3
        }
    }
}