{
    "model_name": "qwen-25-3b",
    "checkpoint": 22500,
    "total_predictions": 218,
    "manchu_word_accuracy": 0.18807339449541285,
    "roman_word_accuracy": 0.1926605504587156,
    "manchu_cer": 0.40901660775514,
    "roman_cer": 0.4035538874988417,
    "manchu_f1_score": 0.6897569374489877,
    "roman_f1_score": 0.6931902044278564,
    "inference_time": 792.4685707879722,
    "frequent_error": {
        "manchu": {
            "ᠠ": 163,
            "ᠯ": 18,
            "ᡤ": 10,
            "ᡳ": 65,
            "ᠨ": 35,
            "ᠣ": 20,
            "ᡵ": 25,
            "ᡠ": 17,
            "ᡨ": 2,
            "ᡴ": 9,
            "ᡡ": 5,
            "ᠴ": 13,
            "ᡩ": 35,
            "ᠮ": 27,
            "ᠩ": 7,
            "ᡥ": 22,
            "ᡝ": 31,
            "ᠪ": 29,
            "ᠶ": 10,
            "ᡧ": 6,
            "ᠸ": 9,
            "ᠰ": 12,
            "ᠵ": 11,
            "ᡮ": 2,
            "ᡶ": 4
        },
        "roman": {
            "A": 166,
            "L": 18,
            "G": 14,
            "I": 67,
            "N": 45,
            "O": 20,
            "R": 25,
            "U": 19,
            "T": 4,
            "K": 10,
            "Ū": 5,
            "C": 13,
            "D": 34,
            "M": 26,
            "H": 22,
            "E": 30,
            "B": 29,
            "Y": 10,
            "Š": 6,
            "F": 11,
            "S": 13,
            "J": 12,
            "W": 1
        }
    }
}