{
    "model_name": "qwen-25-3b",
    "checkpoint": 25000,
    "total_predictions": 1000,
    "manchu_word_accuracy": 0.604,
    "roman_word_accuracy": 0.604,
    "manchu_cer": 0.09496417471417487,
    "roman_cer": 0.09364213251488807,
    "manchu_f1_score": 0.9249207313876344,
    "roman_f1_score": 0.9254029752931447,
    "inference_time": 700.5869219303131,
    "frequent_error": {
        "manchu": {
            "ᡤ": 81,
            "ᠣ": 67,
            "ᡴ": 97,
            "ᠨ": 85,
            "ᠮ": 63,
            "ᡝ": 205,
            "ᠠ": 306,
            "ᠩ": 62,
            "ᠪ": 97,
            "ᡠ": 93,
            "ᡳ": 209,
            "ᡥ": 134,
            "ᠰ": 26,
            "ᠯ": 58,
            "ᡨ": 27,
            "ᡵ": 89,
            "ᠴ": 36,
            "ᡡ": 58,
            "ᡩ": 33,
            "ᡶ": 9,
            "ᠵ": 24,
            "ᡧ": 27,
            "ᠶ": 20,
            "ᠸ": 19,
            "᠋": 1,
            "ᡦ": 1
        },
        "roman": {
            "G": 115,
            "O": 65,
            "K": 95,
            "N": 144,
            "M": 62,
            "E": 198,
            "A": 308,
            "S": 26,
            "L": 61,
            "T": 27,
            "B": 95,
            "I": 204,
            "H": 133,
            "R": 89,
            "U": 92,
            "C": 38,
            "Ū": 58,
            "D": 33,
            "F": 23,
            "J": 24,
            "Š": 27,
            "Y": 19,
            "W": 7,
            "'": 1,
            "P": 1
        }
    }
}