{
    "model_name": "qwen-25-3b",
    "checkpoint": 67000,
    "total_predictions": 1000,
    "manchu_word_accuracy": 0.802,
    "roman_word_accuracy": 0.802,
    "manchu_cer": 0.050168863734304965,
    "roman_cer": 0.04946047362939781,
    "manchu_f1_score": 0.9613354614908601,
    "roman_f1_score": 0.961980089928124,
    "inference_time": 711.9458909034729,
    "frequent_error": {
        "manchu": {
            "ᠵ": 17,
            "ᡳ": 77,
            "ᠩ": 31,
            "ᡤ": 41,
            "ᠣ": 24,
            "ᠯ": 28,
            "ᡴ": 42,
            "ᠨ": 45,
            "ᡨ": 24,
            "ᠠ": 129,
            "ᡝ": 90,
            "ᡵ": 29,
            "ᠮ": 20,
            "ᠪ": 28,
            "ᡥ": 56,
            "ᠴ": 20,
            "ᡩ": 13,
            "ᡠ": 38,
            "ᡡ": 24,
            "ᡧ": 15,
            "ᠸ": 6,
            "ᠰ": 9,
            "ᠶ": 5,
            "ᡦ": 2,
            "ᡶ": 4,
            "ᡯ": 1
        },
        "roman": {
            "J": 17,
            "I": 75,
            "N": 75,
            "G": 50,
            "O": 24,
            "L": 28,
            "K": 41,
            "T": 23,
            "A": 128,
            "E": 91,
            "R": 29,
            "M": 20,
            "B": 27,
            "H": 55,
            "C": 19,
            "D": 14,
            "U": 40,
            "Ū": 24,
            "Š": 15,
            "F": 11,
            "S": 9,
            "Y": 6,
            "P": 2,
            "Z": 1,
            "W": 1
        }
    }
}