{
    "model_name": "qwen-25-3b",
    "checkpoint": 1000,
    "total_predictions": 1000,
    "manchu_word_accuracy": 0.097,
    "roman_word_accuracy": 0.094,
    "manchu_cer": 0.3248167788094262,
    "roman_cer": 0.32388719140336847,
    "manchu_f1_score": 0.7334209165469284,
    "roman_f1_score": 0.7345242907353791,
    "inference_time": 672.2506732940674,
    "frequent_error": {
        "manchu": {
            "ᠵ": 78,
            "ᡳ": 568,
            "ᡥ": 356,
            "ᠶ": 74,
            "ᠠ": 753,
            "ᡩ": 90,
            "ᠯ": 229,
            "ᡝ": 598,
            "ᡴ": 231,
            "ᠨ": 222,
            "ᡧ": 67,
            "ᡠ": 282,
            "ᠮ": 148,
            "ᠪ": 249,
            "ᠴ": 107,
            "ᡨ": 130,
            "ᠣ": 171,
            "ᡵ": 203,
            "ᡤ": 182,
            "ᠸ": 67,
            "ᡡ": 134,
            "ᠰ": 71,
            "ᡶ": 11,
            "ᠩ": 148,
            "ᡮ": 1,
            "ᡯ": 1,
            "ᡦ": 8,
            "᠋": 1
        },
        "roman": {
            "J": 79,
            "I": 572,
            "H": 356,
            "Y": 74,
            "A": 769,
            "D": 93,
            "L": 231,
            "E": 586,
            "K": 229,
            "N": 367,
            "Š": 68,
            "U": 282,
            "M": 145,
            "B": 248,
            "C": 108,
            "T": 130,
            "O": 172,
            "R": 203,
            "G": 275,
            "F": 62,
            "Ū": 134,
            "S": 72,
            "W": 24,
            "Z": 1,
            "P": 8,
            "'": 1
        }
    }
}