{
    "model_name": "qwen-25-3b",
    "checkpoint": 51000,
    "total_predictions": 218,
    "manchu_word_accuracy": 0.16055045871559634,
    "roman_word_accuracy": 0.16055045871559634,
    "manchu_cer": 0.43680894793280106,
    "roman_cer": 0.4327897255649548,
    "manchu_f1_score": 0.6592259795300108,
    "roman_f1_score": 0.6621089296134467,
    "inference_time": 793.1213707005212,
    "frequent_error": {
        "manchu": {
            "ᠪ": 36,
            "ᠣ": 19,
            "ᡳ": 81,
            "ᡩ": 37,
            "ᡝ": 30,
            "ᠨ": 38,
            "ᠠ": 175,
            "ᡵ": 18,
            "ᡠ": 15,
            "ᠯ": 19,
            "ᡥ": 23,
            "ᠵ": 14,
            "ᠮ": 24,
            "ᠰ": 13,
            "ᠴ": 14,
            "ᡴ": 16,
            "ᡶ": 4,
            "ᡧ": 5,
            "ᡡ": 6,
            "ᡤ": 9,
            "ᠸ": 9,
            "ᠩ": 11,
            "ᠶ": 7,
            "ᡨ": 2,
            "ᡮ": 2
        },
        "roman": {
            "B": 36,
            "O": 20,
            "I": 80,
            "D": 37,
            "E": 30,
            "N": 49,
            "A": 176,
            "R": 18,
            "U": 16,
            "L": 19,
            "H": 23,
            "J": 14,
            "M": 24,
            "S": 15,
            "C": 14,
            "K": 15,
            "Š": 5,
            "Ū": 6,
            "G": 17,
            "F": 11,
            "W": 1,
            "Y": 7,
            "T": 4
        }
    }
}