{
    "model_name": "qwen-25-3b",
    "checkpoint": 94000,
    "total_predictions": 1000,
    "manchu_word_accuracy": 0.832,
    "roman_word_accuracy": 0.832,
    "manchu_cer": 0.039619767732267754,
    "roman_cer": 0.03925174490542139,
    "manchu_f1_score": 0.9665991715913103,
    "roman_f1_score": 0.9671646495567895,
    "inference_time": 753.0494055747986,
    "frequent_error": {
        "manchu": {
            "ᡵ": 28,
            "ᡥ": 51,
            "ᡝ": 73,
            "ᠨ": 32,
            "ᡴ": 27,
            "ᡳ": 59,
            "ᠮ": 20,
            "ᠠ": 107,
            "ᠯ": 29,
            "ᠴ": 14,
            "ᠵ": 15,
            "ᠪ": 22,
            "ᡠ": 26,
            "ᡧ": 5,
            "ᠸ": 10,
            "ᡩ": 10,
            "ᡡ": 31,
            "ᠩ": 22,
            "ᡤ": 25,
            "ᠰ": 11,
            "ᠶ": 8,
            "ᡦ": 4,
            "ᠣ": 13,
            "ᡨ": 17,
            "ᡯ": 2,
            "ᡶ": 5
        },
        "roman": {
            "R": 28,
            "H": 51,
            "E": 71,
            "N": 55,
            "K": 28,
            "I": 58,
            "M": 20,
            "A": 106,
            "L": 29,
            "C": 14,
            "J": 15,
            "B": 22,
            "U": 27,
            "Š": 5,
            "W": 2,
            "D": 12,
            "Ū": 31,
            "G": 35,
            "S": 11,
            "Y": 7,
            "P": 4,
            "O": 13,
            "T": 17,
            "F": 10,
            "Z": 2
        }
    }
}