{
    "model_name": "qwen-25-3b",
    "checkpoint": 66000,
    "total_predictions": 218,
    "manchu_word_accuracy": 0.1651376146788991,
    "roman_word_accuracy": 0.1651376146788991,
    "manchu_cer": 0.42909782623085374,
    "roman_cer": 0.4272829871453725,
    "manchu_f1_score": 0.6646952885215165,
    "roman_f1_score": 0.6662231439484544,
    "inference_time": 798.4171733943695,
    "frequent_error": {
        "manchu": {
            "ᠸ": 12,
            "ᠠ": 156,
            "ᡵ": 24,
            "ᡳ": 76,
            "ᡩ": 38,
            "ᠶ": 10,
            "ᠴ": 16,
            "ᡶ": 6,
            "ᠨ": 36,
            "ᠵ": 12,
            "ᡥ": 20,
            "ᡝ": 41,
            "ᠮ": 25,
            "ᡴ": 12,
            "ᡠ": 15,
            "ᠪ": 33,
            "ᡨ": 3,
            "ᡡ": 6,
            "ᠩ": 10,
            "ᠯ": 19,
            "ᡧ": 4,
            "ᡮ": 2,
            "ᡤ": 10,
            "ᠣ": 18,
            "ᠰ": 13
        },
        "roman": {
            "W": 2,
            "A": 159,
            "R": 24,
            "F": 16,
            "I": 75,
            "D": 38,
            "Y": 10,
            "C": 16,
            "N": 46,
            "J": 12,
            "H": 20,
            "E": 41,
            "M": 25,
            "K": 12,
            "U": 16,
            "B": 33,
            "T": 5,
            "Ū": 6,
            "G": 17,
            "L": 19,
            "Š": 4,
            "S": 15,
            "O": 18
        }
    }
}