{
    "model_name": "qwen-25-3b",
    "checkpoint": 19000,
    "total_predictions": 218,
    "manchu_word_accuracy": 0.1743119266055046,
    "roman_word_accuracy": 0.1743119266055046,
    "manchu_cer": 0.4168475382924924,
    "roman_cer": 0.41333982022055415,
    "manchu_f1_score": 0.6847100894717566,
    "roman_f1_score": 0.6857537421074225,
    "inference_time": 795.3288106743349,
    "frequent_error": {
        "manchu": {
            "ᠠ": 169,
            "ᠶ": 11,
            "ᠮ": 27,
            "ᠯ": 18,
            "ᠴ": 15,
            "ᡵ": 24,
            "ᡳ": 68,
            "ᠨ": 37,
            "ᡝ": 29,
            "ᠩ": 7,
            "ᠣ": 21,
            "ᡥ": 25,
            "ᡨ": 2,
            "ᡩ": 33,
            "ᠵ": 11,
            "ᡴ": 11,
            "ᡠ": 17,
            "ᡶ": 5,
            "ᡡ": 7,
            "ᠪ": 27,
            "ᡤ": 9,
            "ᠰ": 11,
            "ᡧ": 6,
            "ᠸ": 9,
            "ᡮ": 2
        },
        "roman": {
            "A": 172,
            "Y": 11,
            "M": 26,
            "L": 18,
            "C": 15,
            "R": 24,
            "I": 70,
            "N": 46,
            "E": 28,
            "G": 13,
            "K": 12,
            "O": 21,
            "H": 25,
            "T": 4,
            "U": 19,
            "D": 33,
            "J": 12,
            "F": 12,
            "Ū": 7,
            "B": 27,
            "S": 14,
            "Š": 6,
            "W": 1
        }
    }
}