{
    "model_name": "qwen-25-3b",
    "checkpoint": 104000,
    "total_predictions": 218,
    "manchu_word_accuracy": 0.24770642201834864,
    "roman_word_accuracy": 0.24770642201834864,
    "manchu_cer": 0.3735986999748468,
    "roman_cer": 0.3698288587050056,
    "manchu_f1_score": 0.7085723647043127,
    "roman_f1_score": 0.7110811548824585,
    "inference_time": 794.5952131113875,
    "frequent_error": {
        "manchu": {
            "ᠠ": 144,
            "ᡵ": 21,
            "ᡥ": 15,
            "ᠪ": 27,
            "ᡡ": 4,
            "ᠨ": 33,
            "ᡩ": 32,
            "ᠰ": 10,
            "ᡝ": 30,
            "ᡳ": 63,
            "ᠣ": 16,
            "ᡤ": 7,
            "ᠶ": 10,
            "ᡴ": 7,
            "ᠯ": 17,
            "ᠮ": 26,
            "ᡶ": 4,
            "ᠸ": 8,
            "ᠴ": 9,
            "ᠵ": 14,
            "ᡠ": 12,
            "ᠩ": 8,
            "ᡮ": 2,
            "ᡧ": 5,
            "ᡨ": 2
        },
        "roman": {
            "A": 144,
            "R": 21,
            "H": 15,
            "B": 27,
            "Ū": 4,
            "N": 42,
            "D": 32,
            "S": 12,
            "E": 30,
            "I": 63,
            "O": 16,
            "G": 11,
            "Y": 10,
            "K": 7,
            "L": 17,
            "M": 26,
            "F": 10,
            "C": 9,
            "J": 14,
            "U": 13,
            "T": 4,
            "Š": 5,
            "W": 1
        }
    }
}