{
    "model_name": "qwen-25-3b",
    "checkpoint": 47000,
    "total_predictions": 1000,
    "manchu_word_accuracy": 0.728,
    "roman_word_accuracy": 0.729,
    "manchu_cer": 0.06580284576534585,
    "roman_cer": 0.06509042477130716,
    "manchu_f1_score": 0.9470650080356995,
    "roman_f1_score": 0.9476169937320623,
    "inference_time": 712.280446767807,
    "frequent_error": {
        "manchu": {
            "ᡧ": 7,
            "ᡝ": 133,
            "ᡴ": 54,
            "ᠨ": 56,
            "ᡳ": 140,
            "ᠪ": 46,
            "ᡠ": 47,
            "ᠩ": 31,
            "ᡤ": 36,
            "ᡵ": 57,
            "ᡥ": 70,
            "ᠠ": 147,
            "ᡩ": 27,
            "ᡡ": 24,
            "ᠶ": 8,
            "ᡨ": 26,
            "ᠴ": 23,
            "ᠵ": 12,
            "ᠮ": 41,
            "ᠯ": 44,
            "ᠣ": 40,
            "ᠸ": 16,
            "ᠰ": 10,
            "ᡶ": 3,
            "ᡦ": 1
        },
        "roman": {
            "Š": 8,
            "E": 124,
            "K": 54,
            "N": 83,
            "I": 135,
            "B": 45,
            "U": 47,
            "G": 50,
            "R": 57,
            "H": 68,
            "A": 147,
            "D": 26,
            "Ū": 24,
            "T": 25,
            "C": 22,
            "J": 12,
            "M": 41,
            "L": 44,
            "O": 39,
            "F": 17,
            "Y": 6,
            "S": 10,
            "P": 1,
            "W": 3
        }
    }
}