{
    "model_name": "qwen-25-3b",
    "checkpoint": 15000,
    "total_predictions": 218,
    "manchu_word_accuracy": 0.18807339449541285,
    "roman_word_accuracy": 0.18807339449541285,
    "manchu_cer": 0.4261088936547651,
    "roman_cer": 0.42378437057336127,
    "manchu_f1_score": 0.6865634118534821,
    "roman_f1_score": 0.6867954046313465,
    "inference_time": 807.3857508668112,
    "frequent_error": {
        "manchu": {
            "ᡩ": 37,
            "ᠠ": 161,
            "ᡥ": 23,
            "ᡡ": 7,
            "ᠪ": 31,
            "ᡧ": 6,
            "ᠨ": 31,
            "ᠸ": 7,
            "ᡵ": 25,
            "ᠯ": 15,
            "ᡝ": 32,
            "ᠮ": 25,
            "ᡳ": 66,
            "ᠰ": 9,
            "ᠣ": 18,
            "ᡠ": 13,
            "ᠩ": 10,
            "ᠴ": 12,
            "ᡨ": 3,
            "ᡴ": 11,
            "ᠶ": 12,
            "ᠵ": 12,
            "ᡶ": 3,
            "ᡤ": 9,
            "ᡮ": 2
        },
        "roman": {
            "D": 37,
            "A": 165,
            "H": 23,
            "Ū": 7,
            "B": 31,
            "Š": 6,
            "N": 43,
            "F": 8,
            "R": 25,
            "L": 15,
            "E": 32,
            "M": 25,
            "I": 64,
            "S": 12,
            "O": 18,
            "U": 15,
            "C": 12,
            "T": 5,
            "K": 9,
            "G": 17,
            "Y": 12,
            "J": 12,
            "W": 1
        }
    }
}