{
    "model_name": "qwen-25-3b",
    "checkpoint": 102000,
    "total_predictions": 218,
    "manchu_word_accuracy": 0.23394495412844038,
    "roman_word_accuracy": 0.23394495412844038,
    "manchu_cer": 0.3804685121198883,
    "roman_cer": 0.3788393436329216,
    "manchu_f1_score": 0.7008256075039667,
    "roman_f1_score": 0.7024635908238602,
    "inference_time": 788.6178373196803,
    "frequent_error": {
        "manchu": {
            "ᠪ": 30,
            "ᡳ": 66,
            "ᡝ": 30,
            "ᡠ": 12,
            "ᠵ": 14,
            "ᡥ": 17,
            "ᠠ": 148,
            "ᡵ": 21,
            "ᠮ": 26,
            "ᠰ": 9,
            "ᡩ": 33,
            "ᠨ": 31,
            "ᠴ": 12,
            "ᠶ": 10,
            "ᡴ": 8,
            "ᠯ": 18,
            "ᠸ": 8,
            "ᡶ": 4,
            "ᡧ": 5,
            "ᡡ": 4,
            "ᠩ": 7,
            "ᡤ": 7,
            "ᠣ": 18,
            "ᡨ": 2,
            "ᡮ": 2
        },
        "roman": {
            "B": 30,
            "I": 67,
            "E": 30,
            "U": 13,
            "J": 14,
            "H": 17,
            "A": 148,
            "R": 21,
            "M": 26,
            "S": 11,
            "D": 33,
            "N": 39,
            "C": 12,
            "Y": 10,
            "K": 8,
            "L": 18,
            "W": 1,
            "F": 10,
            "Š": 5,
            "Ū": 4,
            "G": 11,
            "O": 18,
            "T": 4
        }
    }
}