{
    "model_name": "qwen-25-3b",
    "checkpoint": 87000,
    "total_predictions": 218,
    "manchu_word_accuracy": 0.19724770642201836,
    "roman_word_accuracy": 0.19724770642201836,
    "manchu_cer": 0.3881159233223454,
    "roman_cer": 0.3791928127937303,
    "manchu_f1_score": 0.684760604790404,
    "roman_f1_score": 0.6863354637924083,
    "inference_time": 773.2059299399,
    "frequent_error": {
        "manchu": {
            "ᡩ": 36,
            "ᠠ": 152,
            "ᡳ": 76,
            "ᠸ": 8,
            "ᠨ": 39,
            "ᡝ": 30,
            "ᠩ": 9,
            "ᡴ": 11,
            "ᡠ": 12,
            "ᠯ": 14,
            "ᠮ": 25,
            "ᡥ": 14,
            "ᠰ": 13,
            "ᠵ": 15,
            "ᠪ": 28,
            "ᡡ": 4,
            "ᠴ": 13,
            "ᡵ": 21,
            "ᠶ": 9,
            "ᡶ": 5,
            "ᡤ": 9,
            "ᠣ": 19,
            "ᡨ": 2,
            "ᡧ": 5,
            "ᡮ": 2
        },
        "roman": {
            "D": 36,
            "A": 154,
            "I": 76,
            "F": 11,
            "N": 48,
            "E": 30,
            "G": 14,
            "K": 11,
            "U": 12,
            "L": 14,
            "M": 25,
            "H": 14,
            "S": 15,
            "J": 15,
            "B": 28,
            "Ū": 4,
            "C": 13,
            "R": 21,
            "Y": 9,
            "O": 19,
            "T": 4,
            "Š": 5,
            "W": 1
        }
    }
}