{
    "model_name": "qwen-25-3b",
    "checkpoint": 14000,
    "total_predictions": 1000,
    "manchu_word_accuracy": 0.713,
    "roman_word_accuracy": 0.712,
    "manchu_cer": 0.06593645406880709,
    "roman_cer": 0.0658878614033026,
    "manchu_f1_score": 0.9458645125554253,
    "roman_f1_score": 0.9462770391258233,
    "inference_time": 703.5739450454712,
    "frequent_error": {
        "manchu": {
            "ᠨ": 55,
            "ᡳ": 106,
            "ᠮ": 26,
            "ᡤ": 42,
            "ᠶ": 9,
            "ᠠ": 214,
            "ᠪ": 40,
            "ᡠ": 48,
            "ᡵ": 49,
            "ᠩ": 25,
            "ᡝ": 103,
            "ᡴ": 47,
            "ᠴ": 33,
            "ᡥ": 65,
            "ᡡ": 30,
            "ᡨ": 26,
            "ᠯ": 33,
            "ᠵ": 17,
            "ᠸ": 14,
            "ᡧ": 24,
            "ᠰ": 11,
            "ᡩ": 14,
            "ᠣ": 33,
            "ᡶ": 5,
            "ᡦ": 3
        },
        "roman": {
            "N": 80,
            "I": 106,
            "M": 26,
            "G": 55,
            "Y": 9,
            "A": 213,
            "B": 40,
            "U": 49,
            "R": 49,
            "E": 99,
            "K": 47,
            "C": 33,
            "H": 63,
            "Ū": 30,
            "T": 25,
            "L": 34,
            "J": 18,
            "F": 13,
            "Š": 24,
            "W": 6,
            "S": 12,
            "D": 14,
            "O": 34,
            "P": 3
        }
    }
}