{
    "model_name": "qwen-25-3b",
    "checkpoint": 7000,
    "total_predictions": 1000,
    "manchu_word_accuracy": 0.496,
    "roman_word_accuracy": 0.494,
    "manchu_cer": 0.1377465458561049,
    "roman_cer": 0.13661456754030316,
    "manchu_f1_score": 0.890338561817642,
    "roman_f1_score": 0.8911724182038386,
    "inference_time": 708.1406984329224,
    "frequent_error": {
        "manchu": {
            "ᠶ": 25,
            "ᠠ": 300,
            "ᡩ": 31,
            "ᠮ": 40,
            "ᠪ": 100,
            "ᡳ": 226,
            "ᡥ": 143,
            "ᡝ": 343,
            "ᡴ": 104,
            "ᠴ": 41,
            "ᡡ": 58,
            "ᡧ": 58,
            "ᡵ": 81,
            "ᠨ": 90,
            "ᠣ": 80,
            "ᠩ": 84,
            "ᡤ": 101,
            "ᡨ": 72,
            "ᡠ": 85,
            "ᠰ": 19,
            "ᠵ": 43,
            "ᡶ": 4,
            "ᠯ": 86,
            "ᠸ": 12,
            "ᡦ": 3
        },
        "roman": {
            "Y": 25,
            "A": 304,
            "D": 31,
            "M": 43,
            "B": 100,
            "I": 230,
            "H": 143,
            "E": 345,
            "K": 106,
            "C": 45,
            "Ū": 59,
            "Š": 57,
            "R": 83,
            "N": 174,
            "O": 81,
            "G": 152,
            "T": 71,
            "U": 85,
            "S": 19,
            "J": 44,
            "L": 87,
            "F": 14,
            "P": 3,
            "W": 3
        }
    }
}