{
    "model_name": "qwen-25-3b",
    "checkpoint": 83000,
    "total_predictions": 1000,
    "manchu_word_accuracy": 0.814,
    "roman_word_accuracy": 0.814,
    "manchu_cer": 0.0416382846728435,
    "roman_cer": 0.04126051766860592,
    "manchu_f1_score": 0.9655101717695588,
    "roman_f1_score": 0.9657876892936459,
    "inference_time": 704.3395228385925,
    "frequent_error": {
        "manchu": {
            "ᡨ": 19,
            "ᠣ": 24,
            "ᡳ": 78,
            "ᠸ": 13,
            "ᡠ": 24,
            "ᡥ": 58,
            "ᠠ": 121,
            "ᠪ": 34,
            "ᡝ": 87,
            "ᡵ": 28,
            "ᠶ": 13,
            "ᠯ": 30,
            "ᡴ": 32,
            "ᠰ": 5,
            "ᡤ": 31,
            "ᡩ": 11,
            "ᠨ": 27,
            "ᠵ": 13,
            "ᠴ": 15,
            "ᠩ": 22,
            "ᡦ": 2,
            "ᠮ": 20,
            "ᡡ": 17,
            "ᡧ": 11,
            "᠋": 2
        },
        "roman": {
            "T": 19,
            "O": 24,
            "I": 78,
            "F": 13,
            "U": 24,
            "H": 57,
            "A": 122,
            "B": 33,
            "E": 86,
            "R": 28,
            "Y": 13,
            "L": 30,
            "K": 33,
            "S": 5,
            "G": 38,
            "D": 11,
            "N": 49,
            "J": 13,
            "C": 15,
            "P": 2,
            "M": 19,
            "W": 3,
            "Ū": 17,
            "Š": 11,
            "'": 2
        }
    }
}