{
    "model_name": "qwen-25-3b",
    "checkpoint": 18000,
    "total_predictions": 1000,
    "manchu_word_accuracy": 0.758,
    "roman_word_accuracy": 0.758,
    "manchu_cer": 0.0566620675076558,
    "roman_cer": 0.055855057524175244,
    "manchu_f1_score": 0.9527819045170303,
    "roman_f1_score": 0.9535267194843491,
    "inference_time": 706.617104768753,
    "frequent_error": {
        "manchu": {
            "ᡶ": 6,
            "ᠠ": 174,
            "ᡧ": 13,
            "ᠪ": 46,
            "ᡠ": 43,
            "ᡴ": 51,
            "ᡳ": 105,
            "ᠨ": 43,
            "ᡥ": 74,
            "ᡵ": 45,
            "ᡝ": 117,
            "ᠩ": 30,
            "ᡤ": 36,
            "ᠮ": 30,
            "ᠯ": 36,
            "ᡦ": 3,
            "᠋": 2,
            "ᠣ": 44,
            "ᡨ": 24,
            "ᠴ": 20,
            "ᡡ": 27,
            "ᠵ": 20,
            "ᡩ": 20,
            "ᠶ": 13,
            "ᠸ": 6,
            "ᠰ": 6,
            "ᡮ": 1,
            "ᡯ": 1
        },
        "roman": {
            "F": 11,
            "A": 174,
            "Š": 13,
            "B": 43,
            "U": 43,
            "K": 50,
            "I": 105,
            "N": 74,
            "H": 72,
            "R": 45,
            "E": 117,
            "G": 46,
            "M": 28,
            "L": 36,
            "P": 3,
            "'": 2,
            "O": 44,
            "S": 8,
            "T": 25,
            "C": 23,
            "Ū": 26,
            "J": 20,
            "D": 21,
            "Y": 13,
            "Z": 1,
            "W": 1
        }
    }
}