{
    "model_name": "qwen-25-3b",
    "checkpoint": 29000,
    "total_predictions": 1000,
    "manchu_word_accuracy": 0.637,
    "roman_word_accuracy": 0.636,
    "manchu_cer": 0.08322728031772164,
    "roman_cer": 0.08367537454375702,
    "manchu_f1_score": 0.9319014873868209,
    "roman_f1_score": 0.9323467546289591,
    "inference_time": 713.1994161605835,
    "frequent_error": {
        "manchu": {
            "ᠠ": 183,
            "ᡥ": 146,
            "ᠩ": 36,
            "ᡤ": 57,
            "ᡝ": 167,
            "ᠰ": 20,
            "ᠯ": 40,
            "ᠮ": 42,
            "ᡵ": 63,
            "ᡳ": 150,
            "ᡴ": 75,
            "ᠨ": 54,
            "ᠴ": 22,
            "ᡩ": 31,
            "ᡠ": 72,
            "ᠪ": 64,
            "ᡡ": 45,
            "ᡦ": 5,
            "ᡨ": 34,
            "ᠵ": 12,
            "ᡧ": 15,
            "ᠣ": 64,
            "ᠸ": 10,
            "ᠶ": 13,
            "ᡯ": 2,
            "ᡶ": 1
        },
        "roman": {
            "A": 184,
            "H": 147,
            "N": 92,
            "G": 76,
            "E": 171,
            "S": 20,
            "L": 41,
            "M": 44,
            "R": 66,
            "I": 151,
            "K": 75,
            "C": 22,
            "D": 34,
            "U": 75,
            "B": 67,
            "Ū": 45,
            "P": 5,
            "T": 34,
            "J": 12,
            "Š": 17,
            "O": 65,
            "F": 9,
            "Y": 13,
            "Z": 2,
            "W": 1
        }
    }
}