{
    "model_name": "qwen-25-3b",
    "checkpoint": 92000,
    "total_predictions": 1000,
    "manchu_word_accuracy": 0.835,
    "roman_word_accuracy": 0.835,
    "manchu_cer": 0.03600388916638915,
    "roman_cer": 0.03517814407814406,
    "manchu_f1_score": 0.9706646636559828,
    "roman_f1_score": 0.9714887239002277,
    "inference_time": 717.7401969432831,
    "frequent_error": {
        "manchu": {
            "ᠨ": 42,
            "ᠯ": 20,
            "ᠠ": 98,
            "ᡵ": 29,
            "ᡴ": 29,
            "ᡡ": 21,
            "ᡳ": 66,
            "ᠵ": 14,
            "ᡝ": 79,
            "ᡠ": 21,
            "ᡧ": 13,
            "ᡥ": 49,
            "ᡨ": 13,
            "ᠴ": 15,
            "ᠪ": 19,
            "ᠩ": 27,
            "ᡤ": 29,
            "ᡦ": 1,
            "ᡯ": 1,
            "ᠶ": 10,
            "ᡩ": 18,
            "ᡶ": 4,
            "ᠸ": 7,
            "ᠰ": 8,
            "ᠣ": 11,
            "ᠮ": 11
        },
        "roman": {
            "N": 69,
            "L": 20,
            "A": 99,
            "R": 29,
            "K": 30,
            "Ū": 21,
            "I": 71,
            "J": 14,
            "E": 84,
            "U": 22,
            "Š": 13,
            "H": 51,
            "T": 13,
            "C": 15,
            "B": 21,
            "G": 45,
            "P": 1,
            "D": 19,
            "Z": 1,
            "Y": 11,
            "F": 9,
            "W": 2,
            "S": 8,
            "O": 11,
            "M": 12
        }
    }
}