{
    "model_name": "qwen-25-3b",
    "checkpoint": 111000,
    "total_predictions": 218,
    "manchu_word_accuracy": 0.23853211009174313,
    "roman_word_accuracy": 0.23853211009174313,
    "manchu_cer": 0.38557594291539254,
    "roman_cer": 0.3828764380369887,
    "manchu_f1_score": 0.7012846720348069,
    "roman_f1_score": 0.7033188952004811,
    "inference_time": 790.3397947276404,
    "frequent_error": {
        "manchu": {
            "ᠰ": 10,
            "ᡠ": 13,
            "ᠨ": 32,
            "ᠵ": 14,
            "ᠠ": 147,
            "ᠯ": 16,
            "ᠮ": 26,
            "ᠪ": 29,
            "ᡳ": 65,
            "ᠴ": 11,
            "ᡝ": 30,
            "ᠣ": 17,
            "ᡶ": 4,
            "ᡮ": 2,
            "ᠶ": 10,
            "ᠩ": 8,
            "ᡵ": 21,
            "ᡥ": 17,
            "ᡩ": 33,
            "ᠸ": 7,
            "ᡧ": 5,
            "ᡴ": 9,
            "ᡡ": 5,
            "ᡤ": 7,
            "ᡨ": 1
        },
        "roman": {
            "S": 12,
            "U": 14,
            "N": 41,
            "J": 14,
            "A": 147,
            "L": 16,
            "M": 26,
            "B": 29,
            "I": 66,
            "C": 11,
            "E": 30,
            "O": 17,
            "F": 9,
            "T": 3,
            "Y": 10,
            "G": 11,
            "R": 21,
            "H": 17,
            "D": 33,
            "Š": 5,
            "K": 9,
            "Ū": 5,
            "W": 1
        }
    }
}