{
    "model_name": "qwen-25-3b",
    "checkpoint": 57000,
    "total_predictions": 218,
    "manchu_word_accuracy": 0.1651376146788991,
    "roman_word_accuracy": 0.1651376146788991,
    "manchu_cer": 0.4330698862808953,
    "roman_cer": 0.4309911036975255,
    "manchu_f1_score": 0.6595236118441732,
    "roman_f1_score": 0.6606362411947951,
    "inference_time": 783.6317906685925,
    "frequent_error": {
        "manchu": {
            "ᠠ": 169,
            "ᠨ": 36,
            "ᠴ": 16,
            "ᠪ": 46,
            "ᡠ": 16,
            "ᠮ": 29,
            "ᡝ": 40,
            "ᠣ": 18,
            "ᡳ": 75,
            "ᡩ": 40,
            "ᡥ": 20,
            "ᠸ": 7,
            "ᠰ": 10,
            "ᠶ": 9,
            "ᡵ": 20,
            "ᠩ": 9,
            "ᡤ": 11,
            "ᡶ": 5,
            "ᠵ": 14,
            "ᠯ": 18,
            "ᡴ": 11,
            "ᡡ": 6,
            "ᡧ": 4,
            "ᡮ": 2,
            "ᡨ": 2
        },
        "roman": {
            "A": 166,
            "N": 46,
            "C": 16,
            "B": 46,
            "U": 17,
            "M": 28,
            "E": 39,
            "O": 18,
            "I": 76,
            "D": 40,
            "H": 20,
            "F": 10,
            "S": 13,
            "Y": 9,
            "R": 19,
            "G": 20,
            "J": 14,
            "L": 18,
            "K": 11,
            "Ū": 6,
            "Š": 4,
            "T": 4,
            "W": 1
        }
    }
}