{
    "model_name": "qwen-25-3b",
    "checkpoint": 100000,
    "total_predictions": 218,
    "manchu_word_accuracy": 0.24311926605504589,
    "roman_word_accuracy": 0.24311926605504589,
    "manchu_cer": 0.3767223347498578,
    "roman_cer": 0.37646931305188197,
    "manchu_f1_score": 0.7009396297172877,
    "roman_f1_score": 0.7027785028395703,
    "inference_time": 786.1908378951047,
    "frequent_error": {
        "manchu": {
            "ᡩ": 34,
            "ᠰ": 10,
            "ᡵ": 22,
            "ᡳ": 65,
            "ᠮ": 26,
            "ᠩ": 7,
            "ᠠ": 146,
            "ᡝ": 30,
            "ᠴ": 11,
            "ᠯ": 18,
            "ᠨ": 32,
            "ᠪ": 30,
            "ᡶ": 3,
            "ᡧ": 5,
            "ᠵ": 14,
            "ᠸ": 8,
            "ᡨ": 2,
            "ᡠ": 12,
            "ᡴ": 8,
            "ᠣ": 19,
            "ᡥ": 17,
            "ᡤ": 7,
            "ᡡ": 4,
            "ᠶ": 10,
            "ᡮ": 2
        },
        "roman": {
            "D": 34,
            "S": 12,
            "R": 22,
            "I": 66,
            "M": 26,
            "N": 39,
            "A": 146,
            "E": 30,
            "C": 11,
            "L": 18,
            "B": 30,
            "Š": 5,
            "J": 14,
            "F": 9,
            "T": 4,
            "U": 13,
            "K": 8,
            "O": 19,
            "H": 17,
            "G": 11,
            "W": 1,
            "Ū": 4,
            "Y": 10
        }
    }
}