{
    "model_name": "qwen-25-3b",
    "checkpoint": 105000,
    "total_predictions": 218,
    "manchu_word_accuracy": 0.24770642201834864,
    "roman_word_accuracy": 0.24770642201834864,
    "manchu_cer": 0.3680191495558467,
    "roman_cer": 0.3649701470802389,
    "manchu_f1_score": 0.7089002493279344,
    "roman_f1_score": 0.7107999280127695,
    "inference_time": 816.7248078442494,
    "frequent_error": {
        "manchu": {
            "ᠠ": 147,
            "ᡴ": 9,
            "ᡩ": 33,
            "ᡠ": 13,
            "ᠨ": 32,
            "ᠴ": 10,
            "ᠵ": 14,
            "ᡳ": 64,
            "ᠸ": 8,
            "ᡵ": 21,
            "ᡥ": 16,
            "ᡝ": 29,
            "ᡶ": 4,
            "ᡧ": 5,
            "ᠮ": 25,
            "ᠯ": 17,
            "ᠪ": 29,
            "ᡮ": 2,
            "ᠶ": 10,
            "ᠩ": 8,
            "ᡡ": 4,
            "ᠣ": 15,
            "ᡤ": 7,
            "ᠰ": 10,
            "ᡨ": 1
        },
        "roman": {
            "A": 147,
            "K": 9,
            "D": 33,
            "U": 14,
            "N": 40,
            "C": 10,
            "J": 14,
            "I": 65,
            "F": 10,
            "R": 21,
            "H": 16,
            "E": 29,
            "Š": 5,
            "M": 25,
            "L": 17,
            "B": 29,
            "T": 3,
            "S": 12,
            "Y": 10,
            "G": 11,
            "Ū": 4,
            "O": 15,
            "W": 1
        }
    }
}