{
    "model_name": "qwen-25-3b",
    "checkpoint": 69000,
    "total_predictions": 218,
    "manchu_word_accuracy": 0.21559633027522937,
    "roman_word_accuracy": 0.21559633027522937,
    "manchu_cer": 0.3944704250896911,
    "roman_cer": 0.3925627507049525,
    "manchu_f1_score": 0.6921051328296334,
    "roman_f1_score": 0.6926543190574489,
    "inference_time": 784.3703140906238,
    "frequent_error": {
        "manchu": {
            "ᠵ": 14,
            "ᡳ": 72,
            "ᡵ": 23,
            "ᡝ": 29,
            "ᠠ": 139,
            "ᠸ": 8,
            "ᡩ": 41,
            "ᠨ": 39,
            "ᠯ": 16,
            "ᡥ": 17,
            "ᠩ": 9,
            "ᡤ": 8,
            "ᠪ": 26,
            "ᠶ": 11,
            "ᠮ": 22,
            "ᡠ": 10,
            "ᡮ": 2,
            "ᠰ": 12,
            "ᡧ": 5,
            "ᠴ": 12,
            "ᡴ": 7,
            "ᡨ": 2,
            "ᠣ": 16,
            "ᡶ": 6,
            "ᡡ": 2
        },
        "roman": {
            "J": 14,
            "I": 72,
            "R": 23,
            "E": 29,
            "A": 140,
            "F": 11,
            "D": 41,
            "N": 46,
            "L": 16,
            "H": 17,
            "G": 14,
            "B": 26,
            "Y": 11,
            "M": 22,
            "U": 11,
            "T": 4,
            "S": 15,
            "Š": 5,
            "C": 12,
            "K": 7,
            "O": 16,
            "W": 1,
            "Ū": 2
        }
    }
}