{
    "model_name": "qwen-25-3b",
    "checkpoint": 107000,
    "total_predictions": 218,
    "manchu_word_accuracy": 0.23394495412844038,
    "roman_word_accuracy": 0.23394495412844038,
    "manchu_cer": 0.3892893548856853,
    "roman_cer": 0.3836846512305231,
    "manchu_f1_score": 0.7002857099727043,
    "roman_f1_score": 0.7035248095967558,
    "inference_time": 816.8761380221865,
    "frequent_error": {
        "manchu": {
            "ᠪ": 29,
            "ᡳ": 68,
            "ᠠ": 149,
            "ᡩ": 32,
            "ᡠ": 13,
            "ᠸ": 8,
            "ᠯ": 16,
            "ᡥ": 17,
            "ᠮ": 26,
            "ᠰ": 11,
            "ᡝ": 30,
            "ᡴ": 8,
            "ᠨ": 32,
            "ᠣ": 17,
            "ᡤ": 7,
            "ᡵ": 21,
            "ᠶ": 10,
            "ᠴ": 12,
            "ᡶ": 4,
            "ᠵ": 14,
            "ᡧ": 5,
            "ᡨ": 1,
            "ᠩ": 8,
            "ᡡ": 4,
            "ᡮ": 2
        },
        "roman": {
            "B": 29,
            "I": 68,
            "A": 149,
            "D": 32,
            "U": 14,
            "F": 10,
            "L": 16,
            "H": 17,
            "M": 26,
            "S": 13,
            "E": 29,
            "K": 8,
            "N": 41,
            "O": 17,
            "G": 11,
            "R": 21,
            "Y": 10,
            "C": 12,
            "J": 14,
            "Š": 5,
            "T": 3,
            "Ū": 4,
            "W": 1
        }
    }
}