{
    "model_name": "qwen-25-3b",
    "checkpoint": 55000,
    "total_predictions": 1000,
    "manchu_word_accuracy": 0.772,
    "roman_word_accuracy": 0.771,
    "manchu_cer": 0.05109894313203145,
    "roman_cer": 0.05123110051713003,
    "manchu_f1_score": 0.9587755485460492,
    "roman_f1_score": 0.958712487438473,
    "inference_time": 709.9819259643555,
    "frequent_error": {
        "manchu": {
            "ᠶ": 14,
            "ᠴ": 24,
            "ᡳ": 113,
            "ᡥ": 68,
            "ᠠ": 167,
            "ᠪ": 42,
            "ᡠ": 45,
            "ᠮ": 28,
            "ᠵ": 11,
            "ᡴ": 54,
            "ᡡ": 27,
            "ᠩ": 29,
            "ᡤ": 35,
            "ᡝ": 96,
            "ᠨ": 48,
            "ᠸ": 7,
            "ᡵ": 59,
            "ᡩ": 17,
            "ᠯ": 31,
            "ᠣ": 36,
            "ᡦ": 3,
            "ᡨ": 17,
            "ᠰ": 8,
            "ᡶ": 3,
            "ᡧ": 16,
            "ᡯ": 1
        },
        "roman": {
            "Y": 13,
            "C": 26,
            "I": 113,
            "H": 66,
            "A": 164,
            "B": 41,
            "U": 44,
            "M": 28,
            "J": 11,
            "K": 53,
            "Ū": 26,
            "N": 77,
            "G": 47,
            "E": 100,
            "F": 12,
            "R": 60,
            "D": 18,
            "L": 32,
            "O": 37,
            "P": 3,
            "T": 17,
            "S": 9,
            "Š": 16,
            "W": 2,
            "Z": 1
        }
    }
}