{
    "model_name": "qwen-25-3b",
    "checkpoint": 110000,
    "total_predictions": 1000,
    "manchu_word_accuracy": 0.852,
    "roman_word_accuracy": 0.852,
    "manchu_cer": 0.034133157120657134,
    "roman_cer": 0.033486382571676694,
    "manchu_f1_score": 0.9719642361015595,
    "roman_f1_score": 0.9724007834649007,
    "inference_time": 740.300356388092,
    "frequent_error": {
        "manchu": {
            "ᠠ": 72,
            "ᠯ": 27,
            "ᠴ": 15,
            "ᡳ": 48,
            "ᠨ": 33,
            "ᠸ": 6,
            "ᠶ": 3,
            "ᡤ": 27,
            "ᡥ": 33,
            "ᡩ": 11,
            "ᡠ": 31,
            "ᡵ": 25,
            "ᠩ": 23,
            "ᡝ": 85,
            "ᡴ": 37,
            "ᠣ": 11,
            "ᠮ": 17,
            "ᠪ": 25,
            "ᡨ": 12,
            "ᡡ": 27,
            "ᡧ": 8,
            "ᠵ": 10,
            "ᠰ": 8,
            "ᡯ": 1,
            "ᡦ": 3,
            "ᡶ": 4
        },
        "roman": {
            "A": 73,
            "L": 27,
            "C": 15,
            "I": 47,
            "N": 56,
            "F": 11,
            "Y": 3,
            "G": 34,
            "H": 33,
            "D": 12,
            "U": 31,
            "R": 25,
            "E": 83,
            "K": 37,
            "O": 11,
            "M": 17,
            "B": 25,
            "T": 12,
            "Ū": 27,
            "W": 1,
            "Š": 8,
            "J": 10,
            "S": 7,
            "Z": 1,
            "P": 3
        }
    }
}