{
    "model_name": "qwen-25-3b",
    "checkpoint": 21000,
    "total_predictions": 1000,
    "manchu_word_accuracy": 0.813,
    "roman_word_accuracy": 0.813,
    "manchu_cer": 0.04485858030858031,
    "roman_cer": 0.04386915510959628,
    "manchu_f1_score": 0.9635221786458456,
    "roman_f1_score": 0.9640002063938083,
    "inference_time": 711.3829202651978,
    "frequent_error": {
        "manchu": {
            "ᡵ": 38,
            "ᡨ": 28,
            "ᠯ": 32,
            "ᠠ": 106,
            "ᡡ": 24,
            "ᡴ": 40,
            "ᠸ": 5,
            "ᡠ": 26,
            "ᡝ": 104,
            "ᠨ": 26,
            "ᡤ": 36,
            "ᡳ": 68,
            "ᡥ": 50,
            "ᠵ": 12,
            "ᠩ": 27,
            "ᠣ": 26,
            "ᡯ": 1,
            "ᠰ": 7,
            "ᡦ": 3,
            "ᡶ": 2,
            "ᠶ": 6,
            "ᡧ": 13,
            "ᡩ": 16,
            "ᠴ": 13,
            "ᠮ": 20,
            "ᠪ": 28
        },
        "roman": {
            "R": 38,
            "T": 28,
            "L": 31,
            "A": 108,
            "Ū": 23,
            "K": 38,
            "F": 6,
            "U": 25,
            "E": 105,
            "N": 54,
            "G": 49,
            "I": 65,
            "H": 48,
            "J": 12,
            "O": 26,
            "D": 17,
            "Z": 1,
            "S": 7,
            "P": 3,
            "Y": 6,
            "Š": 13,
            "C": 13,
            "M": 20,
            "B": 26,
            "W": 2
        }
    }
}