{
    "model_name": "qwen-25-3b",
    "checkpoint": 90000,
    "total_predictions": 218,
    "manchu_word_accuracy": 0.2018348623853211,
    "roman_word_accuracy": 0.2018348623853211,
    "manchu_cer": 0.3782255715741953,
    "roman_cer": 0.3764052715887578,
    "manchu_f1_score": 0.6993910725899393,
    "roman_f1_score": 0.7005827208677495,
    "inference_time": 778.9563892084524,
    "frequent_error": {
        "manchu": {
            "ᡩ": 36,
            "ᠰ": 13,
            "ᡵ": 22,
            "ᠣ": 19,
            "ᡝ": 28,
            "ᠪ": 30,
            "ᡡ": 5,
            "ᠠ": 151,
            "ᠮ": 25,
            "ᡳ": 68,
            "ᠨ": 30,
            "ᠶ": 10,
            "ᠴ": 13,
            "ᠯ": 16,
            "ᡠ": 11,
            "ᠸ": 8,
            "ᡤ": 8,
            "ᠵ": 14,
            "ᠩ": 8,
            "ᡥ": 18,
            "ᡴ": 10,
            "ᡶ": 4,
            "ᡧ": 3,
            "ᡮ": 2,
            "ᡨ": 1
        },
        "roman": {
            "D": 36,
            "S": 15,
            "R": 22,
            "O": 19,
            "E": 28,
            "B": 30,
            "Ū": 5,
            "A": 150,
            "M": 25,
            "I": 69,
            "N": 38,
            "Y": 10,
            "C": 13,
            "L": 16,
            "U": 12,
            "F": 10,
            "G": 13,
            "J": 14,
            "H": 18,
            "K": 10,
            "Š": 3,
            "T": 3,
            "W": 1
        }
    }
}