{
    "model_name": "qwen-25-3b",
    "checkpoint": 109000,
    "total_predictions": 1000,
    "manchu_word_accuracy": 0.844,
    "roman_word_accuracy": 0.843,
    "manchu_cer": 0.039099615662115665,
    "roman_cer": 0.03965924614601086,
    "manchu_f1_score": 0.9673612737931445,
    "roman_f1_score": 0.9670374350865704,
    "inference_time": 730.3279278278351,
    "frequent_error": {
        "manchu": {
            "ᠠ": 77,
            "ᡳ": 64,
            "ᠰ": 9,
            "ᠮ": 12,
            "ᠨ": 33,
            "ᠯ": 17,
            "ᠪ": 21,
            "ᡶ": 4,
            "ᠸ": 7,
            "ᠶ": 9,
            "ᡤ": 23,
            "ᡥ": 36,
            "ᡵ": 29,
            "ᠩ": 14,
            "ᠣ": 25,
            "ᡝ": 54,
            "ᡩ": 7,
            "ᡦ": 2,
            "ᡨ": 9,
            "ᡡ": 18,
            "ᡠ": 22,
            "ᠴ": 13,
            "ᠵ": 15,
            "ᡧ": 8,
            "ᡴ": 20
        },
        "roman": {
            "A": 80,
            "I": 64,
            "S": 9,
            "M": 13,
            "N": 47,
            "L": 17,
            "B": 22,
            "F": 11,
            "Y": 9,
            "G": 32,
            "H": 37,
            "R": 29,
            "E": 56,
            "O": 25,
            "D": 8,
            "P": 2,
            "T": 9,
            "Ū": 18,
            "U": 23,
            "C": 14,
            "J": 15,
            "Š": 8,
            "K": 20,
            "W": 2
        }
    }
}