{
    "model_name": "qwen-25-3b",
    "checkpoint": 97000,
    "total_predictions": 218,
    "manchu_word_accuracy": 0.22018348623853212,
    "roman_word_accuracy": 0.22018348623853212,
    "manchu_cer": 0.3974573718839773,
    "roman_cer": 0.39801984457947753,
    "manchu_f1_score": 0.6893836443283281,
    "roman_f1_score": 0.6917311255585599,
    "inference_time": 788.2616169955752,
    "frequent_error": {
        "manchu": {
            "ᠠ": 150,
            "ᡵ": 22,
            "ᡥ": 19,
            "ᡳ": 69,
            "ᡩ": 36,
            "ᠸ": 9,
            "ᡝ": 32,
            "ᡴ": 9,
            "ᡡ": 5,
            "ᠨ": 32,
            "ᠪ": 29,
            "ᠶ": 10,
            "ᠵ": 14,
            "ᠯ": 17,
            "ᠮ": 27,
            "ᠰ": 10,
            "ᡧ": 5,
            "ᠴ": 12,
            "ᠣ": 18,
            "ᠩ": 7,
            "ᡤ": 7,
            "ᡮ": 2,
            "ᡠ": 13,
            "ᡶ": 4,
            "ᡨ": 2
        },
        "roman": {
            "A": 152,
            "R": 22,
            "H": 19,
            "I": 70,
            "D": 36,
            "F": 11,
            "E": 32,
            "K": 9,
            "Ū": 5,
            "N": 40,
            "B": 29,
            "Y": 10,
            "J": 14,
            "L": 17,
            "M": 27,
            "S": 12,
            "Š": 5,
            "C": 12,
            "O": 18,
            "G": 11,
            "T": 4,
            "U": 14,
            "W": 1
        }
    }
}