{
    "model_name": "qwen-25-3b",
    "checkpoint": 26000,
    "total_predictions": 218,
    "manchu_word_accuracy": 0.18807339449541285,
    "roman_word_accuracy": 0.18807339449541285,
    "manchu_cer": 0.40568512781815536,
    "roman_cer": 0.4071415332883223,
    "manchu_f1_score": 0.6809939625643892,
    "roman_f1_score": 0.6819650225950821,
    "inference_time": 780.5085422795847,
    "frequent_error": {
        "manchu": {
            "ᡡ": 4,
            "ᠶ": 11,
            "ᠰ": 14,
            "ᠪ": 27,
            "ᡳ": 77,
            "ᠠ": 144,
            "ᠨ": 39,
            "ᠴ": 14,
            "ᡵ": 23,
            "ᡤ": 9,
            "ᡧ": 3,
            "ᠮ": 18,
            "ᡩ": 34,
            "ᡥ": 27,
            "ᠵ": 12,
            "ᠸ": 11,
            "ᠣ": 17,
            "ᡝ": 28,
            "ᠯ": 20,
            "ᠩ": 8,
            "ᡠ": 14,
            "ᡴ": 9,
            "ᡨ": 2,
            "ᡮ": 2,
            "ᡶ": 4
        },
        "roman": {
            "Ū": 4,
            "Y": 11,
            "S": 16,
            "B": 27,
            "I": 78,
            "A": 145,
            "N": 48,
            "C": 14,
            "R": 23,
            "G": 15,
            "Š": 3,
            "M": 18,
            "D": 34,
            "H": 27,
            "J": 12,
            "W": 1,
            "F": 14,
            "O": 17,
            "E": 28,
            "L": 20,
            "U": 16,
            "K": 8,
            "T": 4
        }
    }
}