{
    "model_name": "qwen-25-3b",
    "checkpoint": 59000,
    "total_predictions": 1000,
    "manchu_word_accuracy": 0.767,
    "roman_word_accuracy": 0.767,
    "manchu_cer": 0.05275874264624273,
    "roman_cer": 0.052571647470176945,
    "manchu_f1_score": 0.9569614141263524,
    "roman_f1_score": 0.957282918934522,
    "inference_time": 706.6658084392548,
    "frequent_error": {
        "manchu": {
            "ᡠ": 45,
            "ᠯ": 27,
            "ᠠ": 127,
            "ᠨ": 48,
            "ᡩ": 14,
            "ᡴ": 39,
            "ᡳ": 88,
            "ᡝ": 118,
            "ᡵ": 39,
            "ᡥ": 68,
            "ᠣ": 41,
            "ᠪ": 40,
            "ᠶ": 8,
            "ᡤ": 44,
            "ᠵ": 16,
            "ᡶ": 6,
            "ᡡ": 25,
            "ᠩ": 30,
            "ᡧ": 14,
            "ᠸ": 9,
            "ᠰ": 7,
            "ᠴ": 17,
            "ᡨ": 19,
            "ᠮ": 25,
            "ᡦ": 2,
            "᠋": 1,
            "ᡯ": 1
        },
        "roman": {
            "U": 46,
            "L": 27,
            "A": 129,
            "N": 74,
            "D": 15,
            "K": 38,
            "I": 88,
            "E": 117,
            "R": 41,
            "H": 68,
            "O": 40,
            "B": 41,
            "Y": 7,
            "G": 56,
            "J": 15,
            "F": 15,
            "Ū": 25,
            "S": 9,
            "M": 25,
            "Š": 15,
            "C": 17,
            "T": 19,
            "W": 3,
            "P": 2,
            "'": 1,
            "Z": 1
        }
    }
}