{
    "model_name": "qwen-25-3b",
    "checkpoint": 112500,
    "total_predictions": 1000,
    "manchu_word_accuracy": 0.85,
    "roman_word_accuracy": 0.85,
    "manchu_cer": 0.032628051115551115,
    "roman_cer": 0.03293865619674443,
    "manchu_f1_score": 0.9735175608022656,
    "roman_f1_score": 0.9735392746297182,
    "inference_time": 714.051206111908,
    "frequent_error": {
        "manchu": {
            "ᠠ": 91,
            "ᡥ": 39,
            "ᡡ": 11,
            "ᠨ": 32,
            "ᡳ": 62,
            "ᡧ": 7,
            "ᡝ": 57,
            "ᡴ": 24,
            "ᠰ": 5,
            "ᡵ": 25,
            "ᡤ": 28,
            "ᡦ": 4,
            "ᠴ": 13,
            "ᠶ": 3,
            "ᡨ": 18,
            "ᠯ": 23,
            "ᠩ": 11,
            "ᡠ": 26,
            "ᠪ": 26,
            "ᠮ": 19,
            "ᡩ": 9,
            "ᠵ": 7,
            "ᠸ": 7,
            "ᠣ": 19,
            "ᡶ": 2
        },
        "roman": {
            "A": 94,
            "H": 40,
            "Ū": 11,
            "N": 46,
            "I": 65,
            "Š": 7,
            "F": 11,
            "E": 57,
            "K": 25,
            "S": 5,
            "R": 25,
            "G": 35,
            "P": 4,
            "C": 13,
            "Y": 4,
            "T": 18,
            "L": 23,
            "B": 26,
            "U": 26,
            "M": 19,
            "D": 9,
            "J": 7,
            "O": 18,
            "W": 1
        }
    }
}