{
    "model_name": "qwen-25-3b",
    "checkpoint": 72000,
    "total_predictions": 218,
    "manchu_word_accuracy": 0.2018348623853211,
    "roman_word_accuracy": 0.2018348623853211,
    "manchu_cer": 0.40126924553530063,
    "roman_cer": 0.39720451566781834,
    "manchu_f1_score": 0.6829684571589593,
    "roman_f1_score": 0.6849240913191265,
    "inference_time": 780.4688543354699,
    "frequent_error": {
        "manchu": {
            "ᡳ": 75,
            "ᠯ": 20,
            "ᡝ": 37,
            "ᠪ": 30,
            "ᠣ": 18,
            "ᠮ": 28,
            "ᡩ": 41,
            "ᡥ": 24,
            "ᠠ": 160,
            "ᡴ": 12,
            "ᠨ": 38,
            "ᠰ": 14,
            "ᡠ": 10,
            "ᠵ": 13,
            "ᡤ": 9,
            "ᠶ": 10,
            "ᡡ": 6,
            "ᡶ": 4,
            "ᠴ": 13,
            "ᡵ": 19,
            "ᠸ": 12,
            "ᡨ": 2,
            "ᠩ": 8,
            "ᡮ": 2,
            "ᡧ": 3
        },
        "roman": {
            "I": 75,
            "L": 20,
            "E": 36,
            "B": 30,
            "O": 18,
            "M": 28,
            "D": 41,
            "H": 24,
            "A": 161,
            "K": 12,
            "N": 46,
            "S": 16,
            "U": 12,
            "J": 13,
            "G": 13,
            "Y": 10,
            "Ū": 6,
            "F": 14,
            "C": 13,
            "R": 19,
            "T": 4,
            "Š": 3,
            "W": 1
        }
    }
}