{
    "model_name": "qwen-25-3b",
    "checkpoint": 78000,
    "total_predictions": 218,
    "manchu_word_accuracy": 0.24770642201834864,
    "roman_word_accuracy": 0.24770642201834864,
    "manchu_cer": 0.35995025616585263,
    "roman_cer": 0.360958702357785,
    "manchu_f1_score": 0.7154152242792288,
    "roman_f1_score": 0.7178794978781491,
    "inference_time": 773.323755745494,
    "frequent_error": {
        "manchu": {
            "ᠠ": 152,
            "ᡳ": 67,
            "ᠨ": 37,
            "ᡠ": 12,
            "ᠯ": 18,
            "ᡵ": 20,
            "ᠩ": 7,
            "ᡤ": 8,
            "ᡝ": 31,
            "ᠴ": 12,
            "ᠵ": 14,
            "ᠸ": 9,
            "ᠮ": 27,
            "ᡨ": 2,
            "ᡴ": 11,
            "ᠪ": 24,
            "ᡩ": 33,
            "ᠣ": 15,
            "ᠶ": 8,
            "ᡥ": 16,
            "ᡶ": 5,
            "ᡧ": 5,
            "ᠰ": 7,
            "ᡡ": 5,
            "ᡮ": 2
        },
        "roman": {
            "A": 153,
            "I": 67,
            "N": 42,
            "U": 14,
            "L": 18,
            "R": 20,
            "G": 13,
            "E": 32,
            "C": 12,
            "J": 14,
            "F": 12,
            "M": 27,
            "T": 4,
            "K": 11,
            "B": 24,
            "D": 33,
            "O": 15,
            "Y": 8,
            "H": 16,
            "Š": 5,
            "S": 9,
            "Ū": 5,
            "W": 1
        }
    }
}