{
    "model_name": "qwen-25-3b",
    "checkpoint": 43000,
    "total_predictions": 218,
    "manchu_word_accuracy": 0.16055045871559634,
    "roman_word_accuracy": 0.16055045871559634,
    "manchu_cer": 0.4293945351284802,
    "roman_cer": 0.4309272277162186,
    "manchu_f1_score": 0.6672339465715075,
    "roman_f1_score": 0.6669312607812056,
    "inference_time": 800.6792057544814,
    "frequent_error": {
        "manchu": {
            "ᡳ": 78,
            "ᠪ": 28,
            "ᠯ": 19,
            "ᡝ": 38,
            "ᠠ": 170,
            "ᡴ": 14,
            "ᡡ": 5,
            "ᠴ": 15,
            "ᡩ": 36,
            "ᠰ": 14,
            "ᡵ": 24,
            "ᠩ": 8,
            "ᡤ": 9,
            "ᠨ": 40,
            "ᠮ": 23,
            "ᠶ": 9,
            "ᠣ": 16,
            "ᡠ": 18,
            "ᠸ": 13,
            "ᡶ": 6,
            "ᡥ": 22,
            "ᠵ": 15,
            "ᡧ": 6,
            "ᡮ": 2,
            "ᡨ": 2
        },
        "roman": {
            "I": 79,
            "B": 28,
            "L": 19,
            "E": 38,
            "A": 172,
            "K": 14,
            "Ū": 5,
            "C": 15,
            "D": 36,
            "S": 16,
            "R": 24,
            "N": 47,
            "G": 15,
            "M": 23,
            "Y": 9,
            "O": 16,
            "U": 18,
            "F": 17,
            "H": 22,
            "J": 15,
            "Š": 6,
            "T": 4,
            "W": 1
        }
    }
}